5,1,1,1,10127,10.2689839044139,3.1860373259603,2.55959316678187
5,1,2,1,9742,12.5678505440361,3.56210223773352,2.95288441798399
5,1,3,1,7398,20.5478507704785,4.04744525547445,3.60705596107056
5,1,4,1,3940,44.8860406091371,4.39695431472081,4.22791878172589
5,1,5,1,2139,88.218793828892,4.60355306217859,4.55165965404395
5,1,6,1,1242,156.062801932367,4.71900161030596,4.7061191626409
5,1,7,1,712,276.00702247191,4.77808988764045,4.77668539325843
5,1,8,1,482,410.54356846473,4.85477178423236,4.850622406639
5,1,9,1,336,590.419642857143,4.90178571428571,4.90178571428571
5,1,10,1,290,685.113793103448,4.87931034482759,4.87931034482759
5,1,11,1,10751,7.4047995535299,2.8939633522463,2.3142033299228
5,1,12,1,11229,8.46985484014605,3.21230741829192,2.5914150859382
5,1,13,1,10088,12.180412371134,3.73037272006344,3.14383425852498
5,1,14,1,6812,23.0575455079272,4.15898414562537,3.83778625954198
5,1,15,1,3806,46.9222280609564,4.41539674198634,4.29978980557015
5,1,16,1,2143,88.0839944003733,4.55202986467569,4.51749883341111
5,1,17,1,1278,151.434272300469,4.68153364632238,4.67057902973396
5,1,18,1,847,231.469893742621,4.77567886658796,4.77213695395514
5,1,19,1,648,304.189814814815,4.78703703703704,4.78549382716049
5,1,20,1,460,430.336956521739,4.84565217391304,4.84565217391304
5,1,21,1,10196,5.68919183993723,2.66938014907807,2.10484503726952
5,1,22,1,11251,6.09483601457648,2.86943382810417,2.26948715669718
5,1,23,1,11877,7.75835648732845,3.32036709606803,2.67340237433695
5,1,24,1,10027,12.7642365612845,3.81809115388451,3.29580133639174
5,1,25,1,6044,27.006287227002,4.19904037061549,3.97518199867637
5,1,26,1,3523,51.2350269656543,4.4005109281862,4.32131705932444
5,1,27,1,2093,90.5183946488294,4.56282847587195,4.53559483994267
5,1,28,1,1354,142.944608567208,4.66838995568685,4.65731166912851
5,1,29,1,914,214.059080962801,4.74945295404814,4.74945295404814
5,1,30,1,672,293.099702380952,4.80357142857143,4.80357142857143
5,1,31,1,8523,4.396808635457,2.46568109820486,1.93112753725214
5,1,32,1,9859,4.63830003042905,2.61142103661629,2.04442641241505
5,1,33,1,11451,5.39158152126452,2.94201379792158,2.29717928565191
5,1,34,1,12097,7.69314706125486,3.45821278002811,2.79399851202778
5,1,35,1,9085,15.1915244909191,3.91755641166758,3.51381397908641
5,1,36,1,5436,30.822663723326,4.1953642384106,4.03348050036792
5,1,37,1,3244,56.3113440197287,4.40474722564735,4.35511713933416
5,1,38,1,1948,97.4691991786448,4.56570841889117,4.54979466119097
5,1,39,1,1329,145.966892400301,4.67569601203913,4.6711813393529
5,1,40,1,980,199.285714285714,4.6969387755102,4.69183673469388
5,1,41,1,6255,3.56898481215028,2.3224620303757,1.76946442845723
5,1,42,1,7177,3.6399609864846,2.40796990385955,1.85244531141145
5,1,43,1,9312,3.97487113402062,2.62338917525773,2.01331615120275
5,1,44,1,11693,4.98554690840674,3.04541178482853,2.34952535705123
5,1,45,1,11617,8.67590599982784,3.59490401997073,2.97675819919084
5,1,46,1,7960,18.1428391959799,3.92839195979899,3.61959798994975
5,1,47,1,4884,35.1089271089271,4.19512694512694,4.08865683865684
5,1,48,1,3041,60.4370272936534,4.36534034856955,4.31568562972706
5,1,49,1,1951,97.5627883136853,4.53716043054844,4.51973347001538
5,1,50,1,1443,133.7227997228,4.59390159390159,4.58835758835759
5,1,51,1,3782,2.89106292966684,2.20042305658382,1.63802221047065
5,1,52,1,4363,2.91565436626175,2.24661929864772,1.70593628237451
5,1,53,1,5666,3.07006706671373,2.38139781150724,1.80127073773385
5,1,54,1,8185,3.51997556505803,2.63262064752596,1.98375076359194
5,1,55,1,11400,5.12324561403509,3.15614035087719,2.42350877192982
5,1,56,1,10522,10.4140847747577,3.63457517582209,3.13305455236647
5,1,57,1,7121,21.1213312736975,3.91644431961803,3.70860834152507
5,1,58,1,4596,37.5417754569191,4.11749347258486,4.02937336814621
5,1,59,1,3010,60.8501661129568,4.29202657807309,4.25182724252492
5,1,60,1,1998,94.9714714714715,4.46246246246246,4.44544544544545
5,1,61,1,1737,2.44271732872769,2.11053540587219,1.53828439838803
5,1,62,1,1927,2.43539180072652,2.12558380902958,1.56979761286975
5,1,63,1,2553,2.49706227967098,2.18605562083823,1.60282021151586
5,1,64,1,4018,2.66276754604281,2.32279741164759,1.75286212045794
5,1,65,1,7242,3.34106600386634,2.69980668323667,2.01021817177575
5,1,66,1,10729,5.80482803616367,3.23674154161618,2.55149594556809
5,1,67,1,9533,12.3825658239799,3.57232770376587,3.21200041959509
5,1,68,1,6560,23.6094512195122,3.82134146341463,3.67530487804878
5,1,69,1,4442,38.9628545700135,4.0146330481765,3.94822152183701
5,1,70,1,2992,61.235628342246,4.20989304812834,4.1798128342246
5,1,71,1,518,2.0984555984556,2.04826254826255,1.47876447876448
5,1,72,1,602,2.15946843853821,2.06312292358804,1.49003322259136
5,1,73,1,803,2.19800747198007,2.09090909090909,1.52428393524284
5,1,74,1,1288,2.25232919254658,2.16304347826087,1.58928571428571
5,1,75,1,2707,2.5138529737717,2.31400073882527,1.72330993719985
5,1,76,1,6357,3.50133710869907,2.76529809658644,2.03775365738556
5,1,77,1,9920,6.95010080645161,3.19495967741935,2.68296370967742
5,1,78,1,8710,14.1334098737084,3.46452353616533,3.24052812858783
5,1,79,1,6285,24.5443118536197,3.68035003977725,3.58520286396181
5,1,80,1,4437,38.6013071895425,3.84516565246788,3.79783637592968
5,1,81,1,102,1.81372549019608,2.01960784313725,1.49019607843137
5,1,82,1,113,1.94690265486726,2.01769911504425,1.4070796460177
5,1,83,1,129,1.91472868217054,2.03875968992248,1.48837209302326
5,1,84,1,221,2,2.05882352941176,1.47963800904977
5,1,85,1,549,2.06010928961749,2.12386156648452,1.53187613843352
5,1,86,1,1735,2.47780979827089,2.33775216138329,1.72737752161383
5,1,87,1,5944,4.00555181695828,2.79104979811575,2.14014131897712
5,1,88,1,9135,8.43809523809524,3.12545155993432,2.79562123700055
5,1,89,1,8053,15.2730659381597,3.34161182168136,3.22774121445424
5,1,90,1,6131,24.7582776056108,3.53335508073724,3.48213994454412
5,1,91,1,9,1.66666666666667,2,1.55555555555556
5,1,92,1,14,1.78571428571429,2,1.28571428571429
5,1,93,1,21,1.76190476190476,2,1.38095238095238
5,1,94,1,29,1.72413793103448,2,1.44827586206897
5,1,95,1,71,1.7887323943662,2.02816901408451,1.57746478873239
5,1,96,1,245,2.03265306122449,2.09387755102041,1.51020408163265
5,1,97,1,1465,2.61296928327645,2.38088737201365,1.73515358361775
5,1,98,1,6076,4.85599078341014,2.78357472021067,2.29196840026333
5,1,99,1,8565,9.63607705779335,3.03245767659078,2.84740221833041
5,1,100,1,7612,16.1435890698896,3.2624802942722,3.20756699947451
5,1,101,1,10233,9.5824293950943,3.02599433206293,2.43819016906088
5,1,102,1,10306,10.6033378614399,3.28692024063652,2.70017465554046
5,1,103,1,9332,13.878911273039,3.71517359622803,3.17391770252893
5,1,104,1,6375,24.8321568627451,4.16909803921569,3.86070588235294
5,1,105,1,3741,47.5573376102646,4.42849505479818,4.31007751937984
5,1,106,1,2166,86.9173591874423,4.56832871652816,4.53093259464451
5,1,107,1,1241,156.129734085415,4.70507655116841,4.69379532634972
5,1,108,1,794,247.065491183879,4.79093198992443,4.78589420654912
5,1,109,1,521,379.021113243762,4.78886756238004,4.78502879078695
5,1,110,1,366,542.464480874317,4.88524590163934,4.88524590163934
5,1,111,1,10351,7.13960003864361,2.77122983286639,2.22442276108589
5,1,112,1,11033,7.49161606090818,2.94733979878546,2.37831958669446
5,1,113,1,11143,8.94229561159472,3.33518801041012,2.74028538095665
5,1,114,1,9705,13.2435857805255,3.80288511076765,3.32416280267903
5,1,115,1,6226,25.8242852553807,4.20430452939287,3.9657886283328
5,1,116,1,3700,48.4135135135135,4.42081081081081,4.33837837837838
5,1,117,1,2191,85.9780921953446,4.55727978092195,4.52898219990872
5,1,118,1,1283,151.052221356196,4.71005455962588,4.70226032735776
5,1,119,1,868,225.789170506912,4.76152073732719,4.75576036866359
5,1,120,1,594,332.20202020202,4.82491582491583,4.82323232323232
5,1,121,1,9683,5.50356294536817,2.56542393886192,2.02705773004234
5,1,122,1,10437,5.67251125802434,2.6869790169589,2.14831848232251
5,1,123,1,11398,6.2639936831023,2.95885243025092,2.37769784172662
5,1,124,1,11806,8.03464340166017,3.41216330679316,2.81941385736066
5,1,125,1,9391,14.0887019486743,3.90533489511234,3.49355766159088
5,1,126,1,5926,27.5131623354708,4.19051636854539,4.01265609179885
5,1,127,1,3561,50.5748385285032,4.39679865206403,4.33080595338388
5,1,128,1,2189,86.1187756966651,4.55413430790315,4.5317496573778
5,1,129,1,1346,143.580237741456,4.64933135215453,4.63595839524517
5,1,130,1,957,204.389759665622,4.73145245559039,4.72936259143156
5,1,131,1,8061,4.37538766902369,2.40156308150354,1.87631807468056
5,1,132,1,8732,4.44594594594595,2.49175446633074,1.95785616124599
5,1,133,1,10050,4.69144278606965,2.66328358208955,2.09751243781095
5,1,134,1,11546,5.41503551013338,2.99887406894162,2.37432877186905
5,1,135,1,11877,8.03174202239623,3.52715332154584,2.92683337543151
5,1,136,1,8819,15.7293343916544,3.92867672071663,3.58759496541558
5,1,137,1,5415,30.8439519852262,4.20369344413666,4.0679593721145
5,1,138,1,3440,52.5854651162791,4.34912790697674,4.29273255813953
5,1,139,1,2057,92.1327175498298,4.5702479338843,4.55031599416626
5,1,140,1,1404,137.619658119658,4.66310541310541,4.65384615384615
5,1,141,1,5933,3.48002696780718,2.28046519467386,1.74768245407045
5,1,142,1,6396,3.55863039399625,2.32020012507817,1.78924327704816
5,1,143,1,7497,3.65732959850607,2.4296385220755,1.8843537414966
5,1,144,1,9236,3.94662191424859,2.63685578172369,2.04439151147683
5,1,145,1,11583,5.05706639039972,3.08788742122075,2.41681775015108
5,1,146,1,11489,8.8696144137871,3.60875620158412,3.06310383845417
5,1,147,1,7937,18.2485825878796,3.95867456217715,3.67745999748016
5,1,148,1,5118,33.1166471277843,4.14654161781946,4.03477921062915
5,1,149,1,3231,56.421231816775,4.33828536056948,4.2992881460848
5,1,150,1,2122,89.1154571159284,4.48774740810556,4.4698397737983
5,1,151,1,3517,2.85413704862098,2.16974694341769,1.61359112880296
5,1,152,1,3763,2.90406590486314,2.19532288068031,1.65426521392506
5,1,153,1,4437,2.9490646833446,2.27180527383367,1.71174216813162
5,1,154,1,5556,3.07847372210223,2.37868970482361,1.82541396688265
5,1,155,1,8185,3.53072693952352,2.66951740989615,2.02968845448992
5,1,156,1,11112,5.11555075593953,3.1979841612671,2.49730021598272
5,1,157,1,10541,10.2567118869177,3.63646712835594,3.16867469879518
5,1,158,1,7403,20.0703768742402,3.88396595974605,3.67918411454816
5,1,159,1,4717,36.4753020987916,4.1125715497138,4.01823192707229
5,1,160,1,3121,58.4889458506889,4.28548542133931,4.24383210509452
5,1,161,1,1581,2.45287792536369,2.09297912713472,1.50411132194813
5,1,162,1,1645,2.43525835866261,2.11367781155015,1.53434650455927
5,1,163,1,1839,2.48667754214247,2.14899401848831,1.59869494290375
5,1,164,1,2588,2.48840803709428,2.18972179289026,1.64296754250386
5,1,165,1,3962,2.69308430085815,2.33997980817769,1.776375567895
5,1,166,1,7009,3.34541304037666,2.71022970466543,2.03053217292053
5,1,167,1,10542,5.68108518307722,3.24018212862834,2.56934168089547
5,1,168,1,9567,11.8883662590154,3.56872582836835,3.21678687153758
5,1,169,1,6792,22.2336572438163,3.78783863368669,3.63398115429918
5,1,170,1,4565,37.6449069003286,4.00438116100767,3.93822562979189
5,1,171,1,496,2.1633064516129,2.04435483870968,1.48387096774194
5,1,172,1,473,2.12684989429175,2.06553911205074,1.46511627906977
5,1,173,1,557,2.14362657091562,2.06822262118492,1.47396768402154
5,1,174,1,716,2.15782122905028,2.11033519553073,1.54329608938547
5,1,175,1,1343,2.24199553239017,2.1608339538347,1.58823529411765
5,1,176,1,2527,2.49267906608627,2.3209339137317,1.72615749901068
5,1,177,1,5845,3.41043627031651,2.73686911890505,2.04465355004277
5,1,178,1,9697,6.63823863050428,3.1763431989275,2.6476229761782
5,1,179,1,8797,13.3324997158122,3.44140047743549,3.20472888484711
5,1,180,1,6465,23.3922660479505,3.64996133023975,3.5569992266048
5,1,181,1,81,1.79012345679012,2.03703703703704,1.48148148148148
5,1,182,1,99,1.88888888888889,2.03030303030303,1.42424242424242
5,1,183,1,121,1.90082644628099,2.03305785123967,1.46280991735537
5,1,184,1,156,1.91025641025641,2.02564102564103,1.42307692307692
5,1,185,1,285,1.96140350877193,2.07719298245614,1.56140350877193
5,1,186,1,519,2.07321772639692,2.1252408477842,1.51830443159923
5,1,187,1,1607,2.51275668948351,2.36776602364655,1.72184194150591
5,1,188,1,5243,3.90368109860767,2.79439252336449,2.15182147625405
5,1,189,1,8999,7.89254361595733,3.10112234692744,2.75030558950995
5,1,190,1,8324,14.3909178279673,3.30550216242191,3.17960115329169
5,1,191,1,4,1.75,2,1.25
5,1,192,1,13,1.92307692307692,2,1.38461538461538
5,1,193,1,14,1.57142857142857,2.07142857142857,1.64285714285714
5,1,194,1,12,2,2,1.33333333333333
5,1,195,1,21,1.95238095238095,2.04761904761905,1.42857142857143
5,1,196,1,58,1.89655172413793,2.03448275862069,1.43103448275862
5,1,197,1,194,1.94329896907216,2.11340206185567,1.55670103092784
5,1,198,1,1169,2.56201881950385,2.36954662104363,1.72626176218991
5,1,199,1,5217,4.58424381828637,2.76921602453517,2.26375311481694
5,1,200,1,8360,9.10633971291866,3.01016746411483,2.82248803827751
5,1,201,1,10181,9.26235143895492,2.93831647185935,2.38061094195069
5,1,202,1,10317,10.0506930309198,3.15450227779393,2.58602306872153
5,1,203,1,9861,12.1301085082649,3.54294696278268,2.97890680458371
5,1,204,1,7937,18.3025072445508,3.9654781403553,3.55310570744614
5,1,205,1,4843,35.335948792071,4.32810241585794,4.14846169729507
5,1,206,1,2870,64.1693379790941,4.5020905923345,4.44076655052265
5,1,207,1,1723,110.527568195009,4.62681369704005,4.60185722576901
5,1,208,1,1070,181.984112149533,4.73177570093458,4.72616822429907
5,1,209,1,672,292.849702380952,4.73511904761905,4.73065476190476
5,1,210,1,462,428.199134199134,4.85064935064935,4.84848484848485
5,1,211,1,10275,6.97430656934307,2.71114355231144,2.17362530413625
5,1,212,1,10772,7.2819346453769,2.84961010025993,2.29855180096547
5,1,213,1,11114,8.13946373942775,3.14702177433867,2.55947453662048
5,1,214,1,10667,10.6463860504359,3.60335614512047,3.04452985844192
5,1,215,1,7978,18.232890448734,4.02995738280271,3.6950363499624
5,1,216,1,4822,35.5211530485276,4.31833264205724,4.18125259228536
5,1,217,1,2834,65.1901905434016,4.48976711362032,4.43860268172195
5,1,218,1,1860,102.440322580645,4.60860215053763,4.58924731182796
5,1,219,1,1094,178.138939670932,4.74040219378428,4.73857404021938
5,1,220,1,752,261.489361702128,4.77659574468085,4.77526595744681
5,1,221,1,9438,5.43939393939394,2.5357067175249,2.01536342445433
5,1,222,1,9940,5.6010060362173,2.62837022132797,2.08380281690141
5,1,223,1,10872,5.87573583517292,2.81033848417954,2.24990802060338
5,1,224,1,11791,6.931473157493,3.17903485709439,2.58307183445
5,1,225,1,10963,10.2004925659035,3.67837270820031,3.1588981118307
5,1,226,1,7592,19.6315858798736,4.06322444678609,3.79293993677555
5,1,227,1,4654,37.2116458960034,4.31929522990975,4.20154705629566
5,1,228,1,2857,64.5260763038152,4.47392369618481,4.42597129856493
5,1,229,1,1828,104.365973741794,4.58752735229759,4.57549234135667
5,1,230,1,1163,167.13671539123,4.68701633705933,4.68357695614789
5,1,231,1,7932,4.33976298537569,2.3862834089763,1.85552193645991
5,1,232,1,8254,4.38769081657378,2.43748485582748,1.90416767627817
5,1,233,1,9375,4.52821333333333,2.55029333333333,2.01056
5,1,234,1,10690,4.92142188961646,2.80963517305893,2.2289055191768
5,1,235,1,12028,6.32183239108746,3.27502494180246,2.65605254406385
5,1,236,1,10632,10.9191121143717,3.75056433408578,3.27520692249812
5,1,237,1,7170,21.4259414225941,4.05327754532775,3.83291492329149
5,1,238,1,4277,41.0285246668225,4.30278232405892,4.21253214870236
5,1,239,1,2675,69.4295327102804,4.45719626168224,4.43028037383178
5,1,240,1,1728,110.743634259259,4.58449074074074,4.57407407407407
5,1,241,1,5671,3.50943396226415,2.26027155704461,1.72227120437313
5,1,242,1,5950,3.51831932773109,2.30201680672269,1.77176470588235
5,1,243,1,6791,3.5421881902518,2.36386393756442,1.82594610513915
5,1,244,1,8278,3.76503986470162,2.51932834017879,1.96315535153419
5,1,245,1,10402,4.35070178811767,2.83964622188041,2.22043837723515
5,1,246,1,11985,6.29261576971214,3.34910304547351,2.70629954109303
5,1,247,1,10035,12.1197807673144,3.76382660687593,3.35505729945192
5,1,248,1,6671,23.4374156798081,4.03252885624344,3.83735571878279
5,1,249,1,4117,42.8707796939519,4.25674034491134,4.17828515909643
5,1,250,1,2747,67.345103749545,4.37641062977794,4.3443756825628
5,1,251,1,3294,2.87370977534912,2.17061323618701,1.61778992106861
5,1,252,1,3590,2.86295264623955,2.18189415041783,1.62980501392758
5,1,253,1,3969,2.91055681531872,2.22499370118418,1.68304358780549
5,1,254,1,4927,2.94722955145119,2.29510858534605,1.76172112847575
5,1,255,1,6717,3.2008337055233,2.48116718773262,1.91126991216317
5,1,256,1,9565,4.00700470465238,2.89911134343962,2.22822791427078
5,1,257,1,11438,6.79043539080259,3.40566532610596,2.79463192865886
5,1,258,1,9201,13.989783719161,3.75252689925008,3.41419410933594
5,1,259,1,6142,26.1908173233474,3.99120807554542,3.84369912080755
5,1,260,1,3958,44.722587165235,4.17862556846892,4.11672561899949
5,1,261,1,1533,2.46771037181996,2.09393346379648,1.51532941943901
5,1,262,1,1602,2.41260923845193,2.09925093632959,1.52684144818976
5,1,263,1,1730,2.43815028901734,2.11676300578035,1.55549132947977
5,1,264,1,2162,2.4468085106383,2.15494912118409,1.61933395004625
5,1,265,1,3033,2.58621826574349,2.25717111770524,1.69963732278272
5,1,266,1,5029,2.87989659972161,2.48061244780274,1.86180155100418
5,1,267,1,8678,3.96808020281171,2.93650610739802,2.23553814242913
5,1,268,1,10600,7.72622641509434,3.38830188679245,2.8577358490566
5,1,269,1,8321,16.0746304530705,3.68357168609542,3.4392500901334
5,1,270,1,5804,27.7904893177119,3.87784286698828,3.76878015161957
5,1,271,1,473,2.14164904862579,2.05496828752643,1.43974630021142
5,1,272,1,467,2.1541755888651,2.04496788008565,1.46466809421842
5,1,273,1,554,2.17148014440433,2.07581227436823,1.46750902527076
5,1,274,1,637,2.11302982731554,2.07221350078493,1.53532182103611
5,1,275,1,862,2.18329466357309,2.11484918793503,1.55336426914153
5,1,276,1,1668,2.28297362110312,2.21462829736211,1.63968824940048
5,1,277,1,3643,2.79110623112819,2.48449080428218,1.82432061487785
5,1,278,1,7854,4.39075630252101,2.97899159663866,2.29131652661064
5,1,279,1,9678,9.06685265550734,3.30925811118,2.93139078321967
5,1,280,1,7874,17.1266192532385,3.53657607315215,3.37325374650749
5,1,281,1,99,1.93939393939394,2.03030303030303,1.5050505050505
5,1,282,1,99,1.87878787878788,2,1.48484848484848
5,1,283,1,87,1.93103448275862,2.01149425287356,1.41379310344828
5,1,284,1,133,1.8796992481203,2.01503759398496,1.42857142857143
5,1,285,1,173,2.01734104046243,2.04624277456647,1.46242774566474
5,1,286,1,348,2.05747126436782,2.07758620689655,1.49425287356322
5,1,287,1,797,2.18946047678795,2.17816813048934,1.61731493099122
5,1,288,1,2661,2.81811349116873,2.51033446072905,1.85268695978955
5,1,289,1,7359,5.12895773882321,2.93463785840467,2.39298817774154
5,1,290,1,8913,10.4391338494334,3.19241557275889,2.96701447324133
5,1,291,1,4,1.75,2.25,1.5
5,1,292,1,10,1.9,2,1.2
5,1,293,1,21,1.61904761904762,2,1.52380952380952
5,1,294,1,20,1.75,2,1.5
5,1,295,1,18,1.88888888888889,2.05555555555556,1.33333333333333
5,1,296,1,41,1.95121951219512,2,1.41463414634146
5,1,297,1,103,1.8252427184466,2.05825242718447,1.53398058252427
5,1,298,1,396,2.19949494949495,2.20454545454545,1.58838383838384
5,1,299,1,2334,3.04498714652956,2.54498714652956,1.90788346186804
5,1,300,1,7127,6.13091062157991,2.85828539357373,2.48393433422197
5,1,301,1,10034,9.27147697827387,2.92495515248156,2.36176998206099
5,1,302,1,10206,9.73437193807564,3.08201058201058,2.49990201842054
5,1,303,1,10136,11.1788674033149,3.40597868981847,2.82517758484609
5,1,304,1,8808,15.4979564032698,3.83537693006358,3.36955040871935
5,1,305,1,5755,28.3362293657689,4.23266724587315,3.9989574283232
5,1,306,1,3407,52.9867918990314,4.45435867331964,4.36219547989433
5,1,307,1,2008,93.9880478087649,4.60009960159363,4.57221115537849
5,1,308,1,1303,148.339217191097,4.68841135840368,4.67996930161167
5,1,309,1,783,250.355044699872,4.79310344827586,4.79054916985951
5,1,310,1,494,399.935222672065,4.82186234817814,4.81781376518219
5,1,311,1,10135,6.93783917118895,2.68929452392699,2.15816477553034
5,1,312,1,10513,7.226766860078,2.80405212593931,2.24921525730049
5,1,313,1,11104,7.73126801152738,3.02782780979827,2.45614193083573
5,1,314,1,11082,9.37700776033207,3.4292546471756,2.85138061721711
5,1,315,1,9139,14.6482109640004,3.89517452675347,3.48221906116643
5,1,316,1,5783,28.4698253501643,4.24053259553865,4.04755317309355
5,1,317,1,3500,51.4542857142857,4.45257142857143,4.37971428571429
5,1,318,1,2253,83.6249445184199,4.56236129604971,4.52862849533955
5,1,319,1,1378,139.964441219158,4.67489114658926,4.66255442670537
5,1,320,1,931,210.051557465091,4.74650912996778,4.74436090225564
5,1,321,1,9327,5.45609520746221,2.52192559236625,1.98574032379114
5,1,322,1,9796,5.53103307472438,2.59667211106574,2.06012658227848
5,1,323,1,10527,5.72062315949463,2.72641778284411,2.18647287926285
5,1,324,1,11625,6.3650752688172,3.02021505376344,2.43741935483871
5,1,325,1,11408,8.71739130434783,3.51577840112202,2.95406732117812
5,1,326,1,9001,15.0844350627708,3.93589601155427,3.58515720475503
5,1,327,1,5614,29.6018881368009,4.19807623797649,4.03259707873174
5,1,328,1,3484,51.7675086107922,4.3788748564868,4.31802525832377
5,1,329,1,2173,86.7238840312931,4.52784169351127,4.49884951679705
5,1,330,1,1422,135.75035161744,4.63994374120956,4.63220815752461
5,1,331,1,7795,4.30404105195638,2.37049390635022,1.84477228992944
5,1,332,1,8147,4.32208174788266,2.40174297287345,1.89321222535903
5,1,333,1,8931,4.44966968984436,2.51226066509909,1.98331653790169
5,1,334,1,10304,4.73214285714286,2.68982919254658,2.13159937888199
5,1,335,1,11828,5.61887047683463,3.08090970578289,2.46854920527562
5,1,336,1,11592,8.61369910282954,3.58747412008282,3.03933747412008
5,1,337,1,8488,16.6122761545712,3.95676248821866,3.64691328934967
5,1,338,1,5374,31.2171566803126,4.19612951246744,4.06568663937477
5,1,339,1,3228,56.3438661710037,4.36988847583643,4.32063197026022
5,1,340,1,2050,92.5858536585366,4.54341463414634,4.52731707317073
5,1,341,1,5636,3.48403122782115,2.26064584811923,1.72214336408801
5,1,342,1,5901,3.49974580579563,2.27300457549568,1.73987459752584
5,1,343,1,6466,3.55799566965667,2.34132384781936,1.80931023816888
5,1,344,1,7660,3.65169712793734,2.43629242819843,1.8920365535248
5,1,345,1,9341,4.00406808692859,2.67776469328766,2.09399421903436
5,1,346,1,11609,5.22361960547851,3.15186493238005,2.50572831423895
5,1,347,1,11061,9.29472922882199,3.6201066811319,3.11147274206672
5,1,348,1,7788,18.6377760657422,3.9417051874679,3.68965074473549
5,1,349,1,5027,33.7686492938134,4.1740600755918,4.06047344340561
5,1,350,1,3179,57.7335640138408,4.34381881094684,4.29631959735766
5,1,351,1,3282,2.90036563071298,2.16331505179768,1.59384521633151
5,1,352,1,3456,2.87731481481481,2.17939814814815,1.6244212962963
5,1,353,1,3759,2.88028731045491,2.19047619047619,1.65150305932429
5,1,354,1,4487,2.99197682193002,2.26877646534433,1.73010920436817
5,1,355,1,5899,3.10306831666384,2.39667740294965,1.82539413459908
5,1,356,1,8506,3.57418292969668,2.70256289677874,2.08311779920056
5,1,357,1,11178,5.22642691000179,3.21962784040079,2.54929325460726
5,1,358,1,10277,10.5649508611462,3.62819889072687,3.17923518536538
5,1,359,1,7311,20.4381069621119,3.8797702092737,3.67856654356449
5,1,360,1,4637,37.2609445762346,4.13866724175113,4.04981669182661
5,1,361,1,1367,2.42282370153621,2.09144111192392,1.52889539136796
5,1,362,1,1530,2.41437908496732,2.09803921568627,1.51307189542484
5,1,363,1,1673,2.44411237298267,2.11536162582188,1.55768081291094
5,1,364,1,2018,2.48909811694747,2.14667988107037,1.58572844400396
5,1,365,1,2616,2.51567278287462,2.20871559633028,1.6532874617737
5,1,366,1,4202,2.70823417420276,2.36030461684912,1.7696335078534
5,1,367,1,7260,3.37203856749311,2.73553719008264,2.05661157024793
5,1,368,1,10404,5.90244136870434,3.2479815455594,2.62331795463283
5,1,369,1,9493,12.1729695565153,3.55820077952175,3.22163699568103
5,1,370,1,6742,22.5864728567191,3.7825571047167,3.64209433402551
5,1,371,1,453,2.18101545253863,2.03752759381898,1.41721854304636
5,1,372,1,499,2.11823647294589,2.06012024048096,1.45090180360721
5,1,373,1,509,2.11787819253438,2.05893909626719,1.48722986247544
5,1,374,1,607,2.19769357495881,2.06919275123558,1.46952224052718
5,1,375,1,761,2.09855453350854,2.07490144546649,1.56504599211564
5,1,376,1,1299,2.24326404926867,2.15011547344111,1.59353348729792
5,1,377,1,2679,2.49794699514744,2.33893243747667,1.75214632325495
5,1,378,1,5932,3.49308833445718,2.7801753202967,2.08563722184761
5,1,379,1,9663,6.76342750698541,3.2000413950119,2.69823036324123
5,1,380,1,8793,13.5505515751166,3.43500511770727,3.20812009553054
5,1,381,1,98,1.92857142857143,2.02040816326531,1.33673469387755
5,1,382,1,86,2.09302325581395,2.02325581395349,1.37209302325581
5,1,383,1,116,1.86206896551724,2.01724137931034,1.39655172413793
5,1,384,1,108,2.02777777777778,2.02777777777778,1.44444444444444
5,1,385,1,164,2.07317073170732,2.03658536585366,1.46951219512195
5,1,386,1,273,1.99267399267399,2.05128205128205,1.52747252747253
5,1,387,1,500,2.058,2.136,1.562
5,1,388,1,1634,2.48470012239902,2.36474908200734,1.734394124847
5,1,389,1,5529,3.8815337312353,2.79182492313257,2.14197865798517
5,1,390,1,8814,8.06194690265487,3.10732924892217,2.77864760608123
5,1,391,1,11,1.81818181818182,2,1.45454545454545
5,1,392,1,17,1.82352941176471,2,1.29411764705882
5,1,393,1,9,1.88888888888889,2.11111111111111,1.44444444444444
5,1,394,1,17,1.82352941176471,2.05882352941176,1.41176470588235
5,1,395,1,23,1.95652173913043,2,1.39130434782609
5,1,396,1,18,1.72222222222222,2.05555555555556,1.61111111111111
5,1,397,1,70,1.84285714285714,2.01428571428571,1.47142857142857
5,1,398,1,208,2.10576923076923,2.15384615384615,1.57692307692308
5,1,399,1,1236,2.60679611650485,2.41747572815534,1.76132686084142
5,1,400,1,5360,4.62089552238806,2.7884328358209,2.27667910447761
5,1,401,1,9930,9.18479355488419,2.88751258811682,2.32235649546828
5,1,402,1,10223,9.59845446542111,3.04000782549154,2.47324660080211
5,1,403,1,10201,10.565238702088,3.30418586413097,2.73159494167239
5,1,404,1,9214,14.0350553505535,3.74462774039505,3.23833297156501
5,1,405,1,6732,23.1310160427808,4.15151515151515,3.85680332739156
5,1,406,1,3928,44.8961303462322,4.40096741344195,4.28436863543788
5,1,407,1,2390,78.1087866108787,4.58200836820084,4.54016736401674
5,1,408,1,1516,126.622691292876,4.66622691292876,4.6490765171504
5,1,409,1,984,198.294715447154,4.73069105691057,4.72357723577236
5,1,410,1,588,335.003401360544,4.79251700680272,4.79081632653061
5,1,411,1,9944,6.91965004022526,2.68463395012068,2.13938053097345
5,1,412,1,10355,7.10033800096572,2.77035248672139,2.23128923225495
5,1,413,1,11049,7.46764413069056,2.95610462485293,2.40573807584397
5,1,414,1,11163,8.77962913195378,3.3089671235331,2.72274478186867
5,1,415,1,9802,12.8120791675168,3.79034890838604,3.31779228728831
5,1,416,1,6715,23.3851079672375,4.14921816827997,3.90811615785555
5,1,417,1,4077,43.2884473877851,4.39391709590385,4.30267353446161
5,1,418,1,2409,77.5068493150685,4.55002075550021,4.51847239518472
5,1,419,1,1629,117.699201964395,4.61448741559239,4.59852670349908
5,1,420,1,983,198.582909460834,4.76297049847406,4.75686673448627
5,1,421,1,9265,5.45580140313006,2.517970858068,1.97528332433891
5,1,422,1,9681,5.45480838756327,2.56316496229728,2.02902592707365
5,1,423,1,10226,5.67445726579308,2.68208488167416,2.13700371601799
5,1,424,1,11276,6.20193330968428,2.94084781837531,2.36750620787513
5,1,425,1,11794,7.71960318806173,3.37247753094794,2.79625233169408
5,1,426,1,9839,12.8465291188129,3.84327675576786,3.42463665006606
5,1,427,1,6525,24.1966283524904,4.13823754789272,3.92904214559387
5,1,428,1,4052,43.5663869693978,4.31885488647581,4.23716683119447
5,1,429,1,2541,73.5462416371507,4.48957103502558,4.46123573396301
5,1,430,1,1582,121.594816687737,4.64791403286979,4.63716814159292
5,1,431,1,7588,4.29981549815498,2.36162361623616,1.8483131259884
5,1,432,1,8149,4.29218308994969,2.39317707694196,1.87409498097926
5,1,433,1,8673,4.42891732964372,2.47100196010608,1.9447711287905
5,1,434,1,9855,4.62029426686961,2.63318112633181,2.09041095890411
5,1,435,1,11446,5.17158832780011,2.94146426699284,2.34850602830683
5,1,436,1,12097,7.3049516409027,3.44482103000744,2.84690419112177
5,1,437,1,9436,13.6958456973294,3.87992793556592,3.5181220856295
5,1,438,1,6022,26.8739621388243,4.15991364995018,3.99485220856858
5,1,439,1,3852,46.397455867082,4.32035306334372,4.25051921079958
5,1,440,1,2391,78.4700961940611,4.48975324132162,4.46716854872438
5,1,441,1,5584,3.49462750716332,2.25644699140401,1.72134670487106
5,1,442,1,5762,3.4998264491496,2.27611940298507,1.74262408885804
5,1,443,1,6252,3.53662827895074,2.32645553422905,1.78470889315419
5,1,444,1,7193,3.56930348950368,2.3895453913527,1.8494369525928
5,1,445,1,8751,3.86104445206262,2.6008456176437,2.03291052451148
5,1,446,1,11072,4.69788656069364,2.99990968208092,2.35928468208092
5,1,447,1,11646,7.69070925639705,3.52464365447364,2.9392065945389
5,1,448,1,8856,15.3053297199639,3.87387082204155,3.56187895212285
5,1,449,1,5689,28.8099841799965,4.11671647038144,3.98435577430128
5,1,450,1,3595,49.9749652294854,4.3009735744089,4.24728789986092
5,1,451,1,3288,2.86435523114355,2.15875912408759,1.61131386861314
5,1,452,1,3419,2.87101491664229,2.17022521205031,1.6168470312957
5,1,453,1,3585,2.90348675034868,2.19302649930265,1.64295676429568
5,1,454,1,4232,2.89744801512287,2.22802457466919,1.6937618147448
5,1,455,1,5418,3.00904392764858,2.34514581026209,1.79457364341085
5,1,456,1,7659,3.35748792270531,2.57984071027549,1.96709753231492
5,1,457,1,10474,4.5775253007447,3.07131945770479,2.38495321749093
5,1,458,1,10949,8.4804091697872,3.53548269248333,3.01835784089871
5,1,459,1,8160,17.1484068627451,3.82475490196078,3.57107843137255
5,1,460,1,5302,31.4988683515654,4.07600905318748,3.97019992455677
5,1,461,1,1513,2.41969596827495,2.09847984137475,1.52280237937872
5,1,462,1,1437,2.44606819763396,2.09394572025052,1.52400835073069
5,1,463,1,1616,2.45235148514851,2.10891089108911,1.53094059405941
5,1,464,1,1888,2.47987288135593,2.13877118644068,1.58050847457627
5,1,465,1,2408,2.50249169435216,2.18397009966777,1.63372093023256
5,1,466,1,3556,2.61417322834646,2.28880764904387,1.73875140607424
5,1,467,1,5889,3.08931906945152,2.603158430973,1.96332144676516
5,1,468,1,9692,4.73761865456046,3.10503508047875,2.41972761040033
5,1,469,1,10270,9.7031158714703,3.46728334956183,3.04391431353457
5,1,470,1,7580,18.79327176781,3.74538258575198,3.55844327176781
5,1,471,1,430,2.11162790697674,2.04418604651163,1.42093023255814
5,1,472,1,434,2.16129032258065,2.05529953917051,1.47004608294931
5,1,473,1,471,2.16348195329087,2.04670912951168,1.45859872611465
5,1,474,1,548,2.14051094890511,2.08941605839416,1.49087591240876
5,1,475,1,710,2.15211267605634,2.09295774647887,1.52957746478873
5,1,476,1,1066,2.21575984990619,2.13414634146341,1.60225140712946
5,1,477,1,2103,2.37708036138849,2.27199239182121,1.70993818354731
5,1,478,1,4659,3.05687915861773,2.62309508478214,1.9572869714531
5,1,479,1,8827,5.49722442505948,3.1041123824629,2.50526792794834
5,1,480,1,9468,11.047845373891,3.36670891423743,3.07287705956907
5,1,481,1,100,2,2.03,1.37
5,1,482,1,91,2,2,1.36263736263736
5,1,483,1,112,1.88392857142857,2.01785714285714,1.51785714285714
5,1,484,1,126,1.96825396825397,2.02380952380952,1.41269841269841
5,1,485,1,144,1.90277777777778,2.02083333333333,1.49305555555556
5,1,486,1,195,1.94871794871795,2.07179487179487,1.5025641025641
5,1,487,1,380,2.06052631578947,2.12894736842105,1.57894736842105
5,1,488,1,1131,2.29266136162688,2.25994694960212,1.6604774535809
5,1,489,1,3910,3.23529411764706,2.66572890025575,1.98951406649616
5,1,490,1,8287,6.42476167491251,3.007119584892,2.58115120067576
5,1,491,1,12,1.75,2,1.33333333333333
5,1,492,1,15,1.66666666666667,2,1.46666666666667
5,1,493,1,14,1.57142857142857,2,1.57142857142857
5,1,494,1,13,1.84615384615385,2,1.38461538461538
5,1,495,1,20,1.9,2,1.4
5,1,496,1,32,2.03125,2.0625,1.34375
5,1,497,1,40,2.025,2.025,1.35
5,1,498,1,144,1.96527777777778,2.09027777777778,1.54166666666667
5,1,499,1,682,2.30351906158358,2.27565982404692,1.6524926686217
5,1,500,1,3790,3.66833773087071,2.66358839050132,2.08891820580475
5,1,501,1,9901,9.15887284112716,2.87243712756287,2.30815069184931
5,1,502,1,10160,9.48316929133858,3.00344488188976,2.43021653543307
5,1,503,1,10409,10.1975213757325,3.21769622442117,2.656547218753
5,1,504,1,9677,12.8245323964038,3.63997106541283,3.10168440632427
5,1,505,1,7350,20.6155102040816,4.06068027210884,3.72829931972789
5,1,506,1,4343,40.0416762606493,4.373474556758,4.23578171770665
5,1,507,1,2648,69.7662386706949,4.5071752265861,4.44901812688822
5,1,508,1,1670,114.288622754491,4.65149700598802,4.63413173652695
5,1,509,1,1007,193.534260178749,4.72293942403178,4.71698113207547
5,1,510,1,680,289.030882352941,4.76617647058824,4.76617647058824
5,1,511,1,9916,6.91367486889875,2.67970956030658,2.14320290439693
5,1,512,1,10302,7.05367889730149,2.74160357212192,2.19889341875364
5,1,513,1,10898,7.42861075426684,2.90576252523399,2.35465222976693
5,1,514,1,11306,8.30523615779232,3.21776048116045,2.65098177958606
5,1,515,1,10389,11.4455674270863,3.70054865723361,3.19212628741939
5,1,516,1,7435,20.1927370544721,4.10988567585743,3.8196368527236
5,1,517,1,4599,37.5492498369211,4.31245923026745,4.20330506631876
5,1,518,1,2874,64.2219902574809,4.49130132219903,4.44398051496173
5,1,519,1,1703,112.203758073987,4.65002935995302,4.63593658250147
5,1,520,1,1107,175.954832881662,4.71364046973803,4.70460704607046
5,1,521,1,9267,5.43746627819143,2.50814718895004,1.98187115571382
5,1,522,1,9483,5.4288727196035,2.52346303912264,2.01550142360013
5,1,523,1,10173,5.57347881647498,2.64199351223828,2.10350928929519
5,1,524,1,11184,5.9543991416309,2.84960658082976,2.29238197424893
5,1,525,1,11881,7.20469657436243,3.25822742193418,2.67334399461325
5,1,526,1,10569,11.126975115905,3.76639227930741,3.29293216009083
5,1,527,1,7243,21.0194670716554,4.09678310092503,3.8597266326108
5,1,528,1,4546,38.1590409150902,4.33633963924329,4.24461064672239
5,1,529,1,2793,66.1847475832438,4.468671679198,4.43179377013963
5,1,530,1,1838,103.682807399347,4.62078346028292,4.60881392818281
5,1,531,1,7614,4.32899921197794,2.36879432624113,1.83753611767796
5,1,532,1,7993,4.34217440260228,2.39121731515076,1.86713374202427
5,1,533,1,8390,4.40941597139452,2.45744934445769,1.92336114421931
5,1,534,1,9579,4.54358492535755,2.5754254097505,2.03048334899259
5,1,535,1,10942,5.04322792908061,2.85030159020289,2.27728020471577
5,1,536,1,12103,6.62447327108981,3.32958770552756,2.72932330827068
5,1,537,1,10353,11.5702694871052,3.79010914710712,3.34830483917705
5,1,538,1,6832,22.8160128805621,4.10070257611241,3.89490632318501
5,1,539,1,4331,40.5227430154699,4.27730316324175,4.18979450473332
5,1,540,1,2708,68.5040620384047,4.46898079763663,4.4357459379616
5,1,541,1,5603,3.49241477779761,2.25361413528467,1.707656612529
5,1,542,1,5761,3.51918069779552,2.26748828328415,1.72765144940115
5,1,543,1,6029,3.51534251119589,2.30751368386134,1.76132028528778
5,1,544,1,6734,3.58924858924859,2.37837837837838,1.83457083457083
5,1,545,1,8386,3.75065585499642,2.52778440257572,1.98080133555927
5,1,546,1,10474,4.36958182165362,2.87750620584304,2.24966583922093
5,1,547,1,11838,6.6220645379287,3.39778678830884,2.78957594188207
5,1,548,1,9704,12.867374278648,3.80018549051937,3.42250618301731
5,1,549,1,6371,24.8998587348925,4.07487050698477,3.90770679642128
5,1,550,1,3981,44.5531273549359,4.2750565184627,4.21075106757096
5,1,551,1,3326,2.8749248346362,2.15453998797354,1.59981960312688
5,1,552,1,3469,2.8731622946094,2.18132026520611,1.63418852695301
5,1,553,1,3612,2.88067552602436,2.19462901439646,1.64285714285714
5,1,554,1,4087,2.92512845608025,2.21874235380475,1.68412038169807
5,1,555,1,4823,3.00103669914991,2.30707028820236,1.7744142649803
5,1,556,1,6858,3.22382618839312,2.50306211723535,1.91382327209099
5,1,557,1,9786,4.09922338033926,2.93715511955855,2.26159820151236
5,1,558,1,11453,7.08574172705841,3.43202654326377,2.84824936697808
5,1,559,1,8975,14.3324791086351,3.75108635097493,3.43922005571031
5,1,560,1,5911,27.3444425647099,3.99526306885468,3.86618169514465
5,1,561,1,1503,2.41982701264138,2.08715901530273,1.50831669993347
5,1,562,1,1519,2.41540487162607,2.08887425938117,1.52863726135616
5,1,563,1,1638,2.44017094017094,2.1013431013431,1.54639804639805
5,1,564,1,1808,2.42256637168142,2.10508849557522,1.56969026548673
5,1,565,1,2247,2.45838896306186,2.1562082777036,1.60836671117045
5,1,566,1,3211,2.56867019620056,2.26066645904703,1.70476487075677
5,1,567,1,5253,2.89358461831334,2.50295069484104,1.89796306872263
5,1,568,1,8750,4.12731428571429,2.98868571428571,2.29417142857143
5,1,569,1,10377,8.31858918762648,3.43201310590729,2.93379589476727
5,1,570,1,8208,16.4651559454191,3.70199805068226,3.4599171539961
5,1,571,1,456,2.14912280701754,2.04605263157895,1.44078947368421
5,1,572,1,478,2.11924686192469,2.04602510460251,1.48326359832636
5,1,573,1,528,2.19128787878788,2.04734848484848,1.45833333333333
5,1,574,1,527,2.09297912713472,2.05692599620493,1.50664136622391
5,1,575,1,688,2.15697674418605,2.07122093023256,1.51162790697674
5,1,576,1,956,2.13702928870293,2.1265690376569,1.61297071129707
5,1,577,1,1701,2.31863609641387,2.21987066431511,1.67313345091123
5,1,578,1,3791,2.79424953838037,2.53310472170931,1.87549459245582
5,1,579,1,7807,4.62136544127065,3.01844498526963,2.35557832714231
5,1,580,1,9726,9.31626567962163,3.30721776681061,2.9556857906642
5,1,581,1,103,1.87378640776699,2.00970873786408,1.42718446601942
5,1,582,1,96,1.86458333333333,2.04166666666667,1.46875
5,1,583,1,111,1.96396396396396,2.01801801801802,1.42342342342342
5,1,584,1,116,2.05172413793103,2.01724137931034,1.43103448275862
5,1,585,1,109,1.97247706422018,2.02752293577982,1.45871559633028
5,1,586,1,162,1.85802469135802,2.03086419753086,1.49382716049383
5,1,587,1,329,2.03343465045593,2.09726443768997,1.52279635258359
5,1,588,1,909,2.18261826182618,2.2035203520352,1.61056105610561
5,1,589,1,2729,2.90545987541224,2.57163796262367,1.8948332722609
5,1,590,1,7401,5.33914335900554,2.95487096338333,2.43061748412377
5,1,591,1,14,1.78571428571429,2,1.42857142857143
5,1,592,1,13,1.84615384615385,2,1.38461538461538
5,1,593,1,12,1.83333333333333,2,1.25
5,1,594,1,10,1.9,2,1.5
5,1,595,1,19,1.89473684210526,2,1.42105263157895
5,1,596,1,27,1.66666666666667,2.03703703703704,1.51851851851852
5,1,597,1,53,1.88679245283019,2.0188679245283,1.47169811320755
5,1,598,1,102,1.91176470588235,2.07843137254902,1.49019607843137
5,1,599,1,430,2.17209302325581,2.21162790697674,1.58837209302326
5,1,600,1,2503,3.16500199760288,2.58449860167799,1.92728725529365
5,1,601,1,9907,9.08509134955082,2.86716463106894,2.30009084485717
5,1,602,1,10152,9.40061071710008,2.97340425531915,2.39686761229314
5,1,603,1,10233,10.1486367634125,3.18557607739666,2.6125280953777
5,1,604,1,9875,12.2610632911392,3.56901265822785,3.02460759493671
5,1,605,1,7843,18.6064006120107,3.99209486166008,3.61035318118067
5,1,606,1,4877,34.9130613081813,4.29505843756408,4.12507689153168
5,1,607,1,2943,62.2035338090384,4.49881073734285,4.43323139653415
5,1,608,1,1853,102.94711279007,4.62007555315704,4.59740960604425
5,1,609,1,1113,174.84995507637,4.76280323450135,4.759209344115
5,1,610,1,677,290.530280649926,4.81388478581979,4.8109305760709
5,1,611,1,9848,6.94333874898457,2.66307879772543,2.12357839155158
5,1,612,1,10314,7.03800659298042,2.72212526662788,2.17442311421369
5,1,613,1,10587,7.36488145839237,2.88466987815245,2.32454897515821
5,1,614,1,11237,8.0628281569814,3.13953902287087,2.57622141140874
5,1,615,1,10667,10.5502015562014,3.6133870816537,3.08812224617981
5,1,616,1,8176,17.6291585127202,3.99535225048924,3.6761252446184
5,1,617,1,4994,34.0192230676812,4.30396475770925,4.16019223067681
5,1,618,1,3160,57.5528481012658,4.45379746835443,4.40348101265823
5,1,619,1,1902,99.7239747634069,4.60567823343849,4.58464773922187
5,1,620,1,1270,152.54094488189,4.65669291338583,4.64724409448819
5,1,621,1,9160,5.43438864628821,2.49879912663755,1.97347161572052
5,1,622,1,9437,5.42248595952103,2.53226661015153,1.99692698950938
5,1,623,1,10096,5.47305863708399,2.61776941362916,2.08557844690967
5,1,624,1,10815,5.84549237170596,2.80240406842349,2.25233472029589
5,1,625,1,11750,6.90646808510638,3.17974468085106,2.59421276595745
5,1,626,1,10999,9.99545413219384,3.66996999727248,3.1706518774434
5,1,627,1,8038,18.1317491913411,4.03097785518786,3.75939288380194
5,1,628,1,4955,34.2920282542886,4.27769929364278,4.1590312815338
5,1,629,1,3129,58.5596037072547,4.4352828379674,4.39054010866091
5,1,630,1,1991,95.4766449020593,4.58061275740834,4.56152687091914
5,1,631,1,7641,4.33058500196309,2.35388038214893,1.83274440518257
5,1,632,1,7763,4.31907767615612,2.39095710421229,1.85199020997037
5,1,633,1,8342,4.36490050347638,2.44545672500599,1.92016303044833
5,1,634,1,9214,4.49706967657912,2.54004775341871,2.01041892771869
5,1,635,1,10604,4.86703130894002,2.78498679743493,2.22001131648435
5,1,636,1,11969,6.12874926894477,3.2342718689949,2.62043612666054
5,1,637,1,10858,10.3117517038129,3.72167986737889,3.24811199115859
5,1,638,1,7464,19.9931672025723,4.03068060021436,3.78563772775991
5,1,639,1,4784,35.6820652173913,4.22073578595318,4.12876254180602
5,1,640,1,2998,61.3488992661775,4.41494329553035,4.37725150100067
5,1,641,1,5423,3.46229024525171,2.24248570901715,1.71012354785174
5,1,642,1,5757,3.5205836373111,2.26993225638353,1.71460830293556
5,1,643,1,5991,3.49040227007177,2.29043565348022,1.76281088299115
5,1,644,1,6771,3.57140747304682,2.36228031309999,1.81849062176931
5,1,645,1,8153,3.673985036183,2.48472954740586,1.9434563964185
5,1,646,1,10279,4.15682459383209,2.7860686837241,2.18756688393813
5,1,647,1,11733,5.94783942725646,3.31952612290122,2.68209324128526
5,1,648,1,10324,11.2470941495544,3.73353351414181,3.31305695466873
5,1,649,1,6992,21.8970251716247,4.0091533180778,3.80105835240275
5,1,650,1,4484,38.8374219446922,4.20851917930419,4.12734165923283
5,1,651,1,3261,2.89665746703465,2.1640601042625,1.59981600735971
5,1,652,1,3333,2.88538853885389,2.16621662166217,1.60606060606061
5,1,653,1,3562,2.90847838293094,2.20381807973049,1.63222908478383
5,1,654,1,3930,2.91068702290076,2.21424936386768,1.67862595419847
5,1,655,1,4801,2.96813163924182,2.29431368464903,1.74588627369298
5,1,656,1,6244,3.12203715566944,2.43818065342729,1.87828315182575
5,1,657,1,9190,3.81730141458107,2.83503808487486,2.18204570184984
5,1,658,1,11434,6.21532272170719,3.35202029036208,2.72984082560784
5,1,659,1,9636,12.6266085512661,3.69894146948941,3.33623910336239
5,1,660,1,6535,23.92960979342,3.94873756694721,3.79005355776588
5,1,661,1,1471,2.42148198504419,2.08225696804895,1.50917743031951
5,1,662,1,1443,2.4982674982675,2.11157311157311,1.50866250866251
5,1,663,1,1540,2.42597402597403,2.10714285714286,1.52142857142857
5,1,664,1,1733,2.4396999422966,2.1130986728217,1.54356607039815
5,1,665,1,2178,2.44123048668503,2.15105601469238,1.59274563820018
5,1,666,1,2902,2.53135768435562,2.23742246726396,1.6736733287388
5,1,667,1,4651,2.8185336486777,2.44807568264889,1.84003440120404
5,1,668,1,8014,3.72810082355877,2.87771400049913,2.17756426254055
5,1,669,1,10426,7.03615960099751,3.34903126798389,2.78649530021101
5,1,670,1,8927,13.9762518203204,3.60154587207348,3.32496919457825
5,1,671,1,467,2.1541755888651,2.04282655246253,1.44967880085653
5,1,672,1,424,2.17924528301887,2.03301886792453,1.41981132075472
5,1,673,1,441,2.14965986394558,2.03854875283447,1.43083900226757
5,1,674,1,567,2.12698412698413,2.06172839506173,1.50440917107584
5,1,675,1,647,2.16074188562597,2.07109737248841,1.50695517774343
5,1,676,1,914,2.20131291028446,2.10284463894967,1.53610503282276
5,1,677,1,1528,2.24869109947644,2.18979057591623,1.64856020942408
5,1,678,1,3152,2.60564720812183,2.42163705583756,1.79663705583756
5,1,679,1,7069,3.98401471212336,2.89560050926581,2.20384778610836
5,1,680,1,9789,8.14383491674328,3.26345898457452,2.84268055981203
5,1,681,1,98,1.97959183673469,2.03061224489796,1.48979591836735
5,1,682,1,79,1.82278481012658,2.0379746835443,1.44303797468354
5,1,683,1,95,1.86315789473684,2.02105263157895,1.44210526315789
5,1,684,1,107,2.04672897196262,2.04672897196262,1.34579439252336
5,1,685,1,123,1.8780487804878,2.02439024390244,1.52032520325203
5,1,686,1,143,1.88111888111888,2.02097902097902,1.53846153846154
5,1,687,1,296,1.90202702702703,2.06756756756757,1.49662162162162
5,1,688,1,701,2.11126961483595,2.16119828815977,1.57061340941512
5,1,689,1,2196,2.64162112932605,2.45628415300546,1.7896174863388
5,1,690,1,6474,4.61075069508804,2.89728143342601,2.31665122026568
5,1,691,1,14,1.85714285714286,2,1.28571428571429
5,1,692,1,8,1.5,2,1.5
5,1,693,1,19,1.78947368421053,2,1.36842105263158
5,1,694,1,10,2,2,1.3
5,1,695,1,12,1.83333333333333,2,1.41666666666667
5,1,696,1,23,1.82608695652174,2,1.47826086956522
5,1,697,1,31,1.80645161290323,2.03225806451613,1.45161290322581
5,1,698,1,78,1.96153846153846,2.03846153846154,1.42307692307692
5,1,699,1,298,2.07046979865772,2.11744966442953,1.53020134228188
5,1,700,1,1780,2.87191011235955,2.50168539325843,1.84494382022472
