8,1,1,1,1.23708307879129,1.26616495015699,1.2996599182528,1.300726238359,1.24428168794346,1.33225486862919,1.28223478448366,1.04666432915535
8,1,2,1,1.81104775693483,1.7929566151997,1.73062293047551,1.8213845948012,1.76497904498889,1.73199313462115,1.6615876207692,0.976539961180537
8,1,3,1,2.20043015518798,2.30005745500221,2.41657224817874,2.64850444540118,2.73489859591481,2.85371775000237,2.68222575208575,0.997288553225245
8,1,4,1,3.18285146781436,4.51326183647166,5.75857528345566,6.69708431036556,6.88162899535763,6.56639471219322,5.03499292029431,1.05930911711282
8,1,5,1,79.6547059115009,104.844996609725,73.1257567559501,45.9793993246902,27.4128991250412,17.4377310350874,10.0525412689273,0.960931541485983
8,1,6,1,11610.3706140351,1538.24836601307,469.142370318485,163.648271255966,68.2419828206449,34.8756877466884,16.4518166249447,0.9699274242429
8,1,7,1,83287.0833333333,2066.56045751634,1353.32883064516,397.476093331833,131.206389947195,53.4641985237899,22.8870486558218,1.12013054023687
8,1,8,1,299842.5,46715.8441558442,3948.57000486145,807.699773329789,199.624364785057,73.4982523910192,28.7883027298686,1.05798313098316
8,1,9,1,Inf,266517.333333333,5837.86893743058,1264.52870495634,301.627328447213,102.860800868735,33.7803851025413,0.97679271403065
8,1,10,1,NaN,41642.9166666667,29975.0070126227,1876.23641055523,392.102715190897,117.941993956474,40.4247167226262,1.02587796006563
8,1,11,1,1.21231925203845,1.15952381591455,1.23732960705289,1.20001221897043,1.22644381872148,1.14716138950224,1.14240307440373,1.02456996302432
8,1,12,1,1.61001791917352,1.67906489853323,1.57114027132572,1.69883362351332,1.70776364919427,1.69517870320339,1.51176550091078,0.948437600299212
8,1,13,1,2.32943053927925,2.3213158323969,2.42497764789638,2.46439261502843,2.52792794889062,2.60380091423975,2.4493643828547,1.03092594404226
8,1,14,1,3.28225845728464,3.88791689631199,4.35754612299634,4.96386793575288,5.34849132706334,5.12058609109324,4.43003562858999,1.00618884568025
8,1,15,1,39.519677667119,41.1958159247157,35.4025634176599,26.8251363479519,19.6676470325113,14.0675438372055,8.84463325073235,1.02673391475865
8,1,16,1,2929.74893162393,922.774062196125,305.65868579739,116.766745522988,59.2345245090204,31.7459735855845,16.2845346543884,0.972546160137066
8,1,17,1,16453.3764705882,4234.73989915966,1012.41822849889,303.865074183454,118.832723144533,53.0602791646614,25.0087142840911,0.987395824637778
8,1,18,1,299814,23287.6134453782,2663.85903483309,660.56055775173,207.079715096566,84.4592023976732,33.6236861571657,1.02259570001735
8,1,19,1,Inf,27083.1868131868,6665.93000632711,1440.65802818704,320.390505082247,121.657053285586,43.402720470013,0.94354728950728
8,1,20,1,Inf,108554.518518519,14234.7145650049,1844.26188684228,441.538812432446,154.020301458588,51.0400238140162,1.04126778572056
8,1,21,1,1.09241096941798,1.05750975850514,1.06063296059763,1.03805690092287,1.16128245811681,1.23362624473456,1.12900948188926,1.08123230349568
8,1,22,1,1.48527445112317,1.56509135275984,1.43676383708889,1.56973212837106,1.55762967675785,1.47229699117176,1.40299658534703,1.06595043982486
8,1,23,1,2.24048141615992,2.23813719601013,2.2519120739218,2.24755928960967,2.30384486577994,2.34352860286125,2.21692222768455,1.03287317007239
8,1,24,1,3.03009670354067,3.2988938537032,3.50806753759257,3.88759012908641,4.25777752031732,4.26274892918375,3.93574897257719,0.991036447068619
8,1,25,1,15.503733336417,16.8002721797455,17.0682566358476,15.0436284397005,12.6877457633186,10.212765380803,7.53834783868059,0.854938883954808
8,1,26,1,882.120367995539,349.047115384615,149.916951098186,79.911530494764,46.3811128516651,27.1711844409953,14.7066232375323,0.909362939746514
8,1,27,1,7455.39772727273,2225.57983193277,622.257290288175,214.774917657848,106.909152731832,54.1322004484325,24.6113102697318,1.04754364929919
8,1,28,1,57100.5714285714,13183.516969697,1802.73027758061,536.412157866703,206.027710836309,90.0697938057399,38.1850323375671,0.984547729472931
8,1,29,1,177677.333333333,37642.0033955857,3968.30152439024,1057.01680738268,343.745488233256,133.658060209618,51.0382901447633,1.04849725231752
8,1,30,1,1399244,39326.3047619048,8314.9385620915,1651.2396049896,494.842729827448,179.618465992238,68.0348458574181,1.11568353112098
8,1,31,1,1.0839677590622,1.03428918119565,1.09295310343458,1.06461258007257,0.910766109061811,1.06776353180465,1.10236063679605,1.07695138191225
8,1,32,1,1.42028979272895,1.39616644432406,1.30067141931087,1.42123560201513,1.35437551806379,1.39385485818257,1.23501814023979,0.940207653431317
8,1,33,1,2.17969090998331,2.13643151261531,2.23293773938846,1.95404369365713,2.14173492660248,2.00624477935457,1.86923862775334,0.848622041904334
8,1,34,1,3.0700632133544,3.1712267965428,3.24746101348036,3.54117323578513,3.64776980169192,3.53761598663849,3.20913400005744,0.955077094918394
8,1,35,1,7.10759628679627,7.8709124335814,8.25242002425517,8.44729374319207,8.27932868650156,7.79522448272516,6.36465316440132,0.98416405205396
8,1,36,1,241.596649942717,142.146477403633,78.0689620371526,48.7681501351637,31.7851768019026,21.0186305706786,12.2838652578548,1.13775901810741
8,1,37,1,2654.20235173824,1026.12046367353,347.119237017136,161.267123586448,84.6767510174596,47.5712328767123,24.2916232405538,1.05944912456103
8,1,38,1,24620.0336134454,6232.51317523057,1227.58276923077,420.541976709577,179.193181025754,86.5766521693528,39.2315323722229,1.02424974437729
8,1,39,1,58290.4583333333,19777.3563636364,3785.84752005238,911.477615218273,324.592335532761,135.256986758197,58.019303395469,0.945854382086458
8,1,40,1,Inf,19064.5497311828,5190.13871324207,1659.44055291063,488.511848087455,193.984922753228,81.6674371542321,0.990902197940081
8,1,41,1,1.27008470583711,1.12606883553847,1.22578777815739,0.947065913681616,0.996316844875309,1.11060192659004,1.22629157406128,0.93685619777375
8,1,42,1,1.12790540925456,1.33425103931527,1.14168655497986,1.34468059347484,1.2829849226267,1.41486903257812,1.10188944253957,1.06118202313089
8,1,43,1,1.98630528250246,1.84758434915738,1.87268376450022,1.78186829315959,1.98181621054224,2.01424729879583,1.57259544681587,0.996749168550959
8,1,44,1,2.94739256947777,3.10349050087297,3.0845400520888,3.06680845610012,3.15963609130888,3.17396933791415,2.884069145138,0.861877794397321
8,1,45,1,4.42128970972019,4.82105630627771,5.20024995274082,5.54086591241757,5.8477169935492,5.93583817984328,5.29880823866769,1.06557624182384
8,1,46,1,60.3344554608449,44.3296999238814,32.0551535517211,24.3404656245564,18.945973040425,14.663097107559,10.3468439823279,1.19871346305751
8,1,47,1,1171.70495479477,439.981351871072,208.735944022385,105.625866431303,64.3334158447029,37.5817170239157,20.180500172976,0.952600881549174
8,1,48,1,8484.85063291139,2360.04030756779,740.613432253026,294.372609425808,143.403524714195,80.4344624310523,38.0867807762441,1.13576397058877
8,1,49,1,56677.7259615385,9034.92402402402,2069.62328470316,675.599274951343,287.5732826304,147.170818716723,63.984619138007,0.930280537047373
8,1,50,1,183226.083333333,29793.4143939394,3911.73427664424,1406.33518411444,501.641188226057,215.939669798061,95.0310881490554,1.04204517834634
8,1,51,1,1.1622990846504,1.18205391681204,0.977786238053706,0.903199641236391,1.31011412453563,0.921544301569943,0.987355858973552,1.31581983687867
8,1,52,1,1.30128047022104,1.21736102317336,0.926010480483952,0.993114984449235,1.19267638360235,1.01523566012035,1.42918904519863,1.00221235607662
8,1,53,1,1.70104332225007,1.47054648833987,1.38946417579376,1.58750898208042,1.65500476213525,1.650073843014,1.39831886100314,1.14344755700003
8,1,54,1,2.83087813259034,2.82825540233185,2.67136945769733,2.69101601087027,2.6532206908984,2.49895303791088,2.71081128603272,1.06240643925146
8,1,55,1,4.02555124597501,4.30608690906301,4.36426953952988,4.70934072499831,5.01158878843136,4.75109238229964,4.482255981021,0.789614995651823
8,1,56,1,13.1774774860887,13.0209310514374,12.4784024100354,12.0828272070192,11.1351251957988,10.3981121174177,8.29864898623402,1.18424667334383
8,1,57,1,321.725165755486,165.074132215951,97.2827078370241,60.3371431510305,40.434537524478,27.2368000286505,16.2955087973674,1.02155408789436
8,1,58,1,2768.89293933845,961.99766812317,408.555278760451,206.522848105988,110.341583704705,64.653214644459,33.7335442550451,0.794924114291941
8,1,59,1,19898.6243902439,4656.93088235294,1288.68182389165,520.306798950969,258.331032392012,132.924240703037,62.1217131993332,0.905160863029912
8,1,60,1,62432.1875,17389.7777777778,3352.0972189764,1043.65281509941,463.094344671394,220.20580083834,104.27081044097,0.790103459023529
8,1,61,1,1.20967356425416,0.98950326340001,1.11514288460648,1.29533858219659,0.999694868068709,0.967205134040137,0.947394528438458,1.36708878423164
8,1,62,1,1.5043410892681,1.47924351277017,0.77323835932667,1.31396528580601,1.41862395730998,0.918717422949896,0.945402406989077,0.779091690134122
8,1,63,1,1.19740364821306,1.13002982999797,1.37863717872086,1.53934929867415,1.14270811355698,1.39827368178928,0.802518049219895,0.875453133091662
8,1,64,1,2.0827948334189,2.48226060957643,1.63199050201948,1.63629174373287,2.10417081607518,2.16448955468984,2.1393902022749,1.54366835941976
8,1,65,1,3.96583694762876,3.84889447637213,4.20958388826507,4.12271933829663,4.17451523197668,3.69418045592193,3.40638165796068,1.0369900607599
8,1,66,1,5.78396711933235,6.1592297027473,6.79500396901533,7.19892252061119,7.43773013022282,8.00936012485805,6.62524110668203,1.45144459903496
8,1,67,1,78.817147038849,53.9729922986168,39.6184081321664,29.2566446269207,22.8690630876051,18.0587783695103,13.094224357841,1.26959772734449
8,1,68,1,1040.21507132996,405.786252316807,218.572228633769,122.709721199085,79.6294606309583,49.1900655551646,25.2850576203068,0.781612712503336
8,1,69,1,6348.06298489179,1840.15780807903,782.585369864307,370.659801028923,196.81898155247,111.330056347697,55.5902166902239,0.948073550393725
8,1,70,1,41959.2173913044,6278.94759511845,2143.70568795774,794.031209956532,390.128190948804,209.736829675172,106.459133674097,0.647753738813292
8,1,71,1,0.997533184067615,1.87015195653886,1.01071087878844,1.61619355787616,2.0297829353216,1.11036149176744,0.656195522246257,0.860568125013584
8,1,72,1,0.898757448448151,1.04321358864799,1.01378588997719,1.07599075207398,1.88348248286367,0.180841610227755,0.385292554175437,1.22094938465809
8,1,73,1,0.93368922063044,0.762403686345799,0.487122813761292,1.50118826164534,1.17349202069481,0.895193149898819,0.652394152394152,1.31547277619675
8,1,74,1,1.41013422080422,1.42569124680236,2.46633494444677,0.944264978248697,1.27256805864242,2.17941663904541,1.0626925757588,1.31128117331885
8,1,75,1,4.1015861103276,3.88542670465352,3.28889630944633,4.23024982333624,3.21849709742915,3.75112692865545,3.42040387192145,0.962943784966498
8,1,76,1,5.62804489286756,5.7392480580827,6.18355298356348,6.85715861223865,6.47826516226,6.54669347618902,5.71337774103578,1.56643611284274
8,1,77,1,15.2627180713993,14.959207671716,14.2010587252576,13.8452806658073,13.666464592226,13.4168167798472,11.9243167326456,1.29653879067398
8,1,78,1,251.211898199589,151.994286389847,99.3988039344868,66.263441491702,45.987869316267,32.6580412288773,22.1936362388269,1.03408012805778
8,1,79,1,2004.53975602587,815.79458203936,396.643056116013,220.318624383646,138.254570742486,83.9444127574604,43.9743146376413,1.07865731735887
8,1,80,1,11271.56353699,2588.96051684286,1201.41826136652,578.535863164935,307.388404555333,175.536239342982,94.1916892306643,0.821298755186722
8,1,81,1,0,0,2.44327176781003,2.1436749112802,1.08978570568203,0,0,0
8,1,82,1,2.29534395682956,0,1.01707431748725,2.08008988294314,0,1.12900280181948,1.06410791043819,4.95862519846829
8,1,83,1,0,0,0,1.03796728971963,0,1.05362067961525,1.03996843909372,1.14306632213609
8,1,84,1,1.70193179679346,0.840737923164701,3.0856114438204,0.874156355455568,0.722300318560412,2.51106220756051,0.854583179400823,2.50157054906395
8,1,85,1,2.24526164151528,3.85921726171192,3.47765161301623,3.6726779326508,3.42976591517664,2.45080401563611,2.26538412209824,1.18634987604882
8,1,86,1,6.0443497223108,6.91517938906332,5.51540290746182,4.42542536774042,6.92669403796891,6.8697938992319,5.52825676136188,1.31228992842738
8,1,87,1,7.55887001707209,7.93123589142687,9.12540329605898,10.2527911331685,11.6269990012855,12.5312537026936,13.1353544460724,1.15054906947174
8,1,88,1,62.380828386322,46.4257056675054,37.4157178241913,30.1463701148195,24.7914896778492,21.8277262314869,17.2271757983193,0
8,1,89,1,579.960233510437,309.040154387481,200.895846360521,133.261847540422,88.646438933037,58.3246974302566,33.8763374137351,1.06158260795358
8,1,90,1,3381.52894043929,1361.24694653742,641.245142103995,373.709433388417,230.000611321002,142.197366783437,71.5000679404891,1.14481410127383
8,1,91,1,0,9.97287170263789,0,23.3003034547152,0,0,0,11.2850763143019
8,1,92,1,0,0,0,10.1494305470816,0,0,11.6502100840336,0
8,1,93,1,0,0,0,0,0,0,0,0
8,1,94,1,0,0,0,0,0,0,8.48609693877551,0
8,1,95,1,0,0,5.4728439763002,9.63589817900787,0,0,0,0
8,1,96,1,0,5.83814983738805,7.45669910179641,6.67002086145539,6.96505451495667,7.57384399103309,7.06572420634921,0
8,1,97,1,9.8522299478324,8.20642244656949,8.38242046939616,10.4131285900859,12.8310409440657,14.1265165261323,6.02551452784504,0
8,1,98,1,13.9944613511778,14.8751558737271,15.6178808741782,17.2386145187168,18.3922653256319,19.4702972912197,14.3358986785564,0
8,1,99,1,172.444657938071,126.616903615434,89.6919333733624,69.9536148021878,52.00064581356,40.2152413707995,29.6451565704821,10.0914008391891
8,1,100,1,1041.41964702357,586.021013735858,350.713904400181,227.793646388122,155.402887096598,100.829204544556,54.216786599196,0
8,1,101,1,1.15525006637354,1.20244104777177,1.09614762901779,1.10814106395857,1.20457400990537,1.06176233158444,1.08379727903778,1.07840504800281
8,1,102,1,1.45877660306206,1.51152170964022,1.48742257273928,1.46307237707324,1.58341032737368,1.43993565352146,1.35545597180968,1.03720289237414
8,1,103,1,2.22545605333145,2.17287007681303,2.21805816124053,2.28233016064265,2.33995815486446,2.2540715170663,2.11130127976394,1.02247444237215
8,1,104,1,3.38379811114176,3.7104142411616,4.16718926308225,4.43198287186682,4.60927436171578,4.41109737745791,3.79903345043619,1.02411377770174
8,1,105,1,31.1042373611331,29.1725891632607,24.3256880279584,18.7489377819854,14.7503481909142,10.5217898437805,6.92226513840822,0.976756836434536
8,1,106,1,1313.98301652623,477.289530431721,165.856198867212,76.7260682509561,40.7204468476805,22.7107962852509,11.6784987064538,0.995714664674298
8,1,107,1,16346.2909090909,1765.14149494949,521.532866093236,185.339875032559,77.246673623558,37.4239361713467,17.9033780550779,1.06243171767829
8,1,108,1,256993.714285714,7272.16200941915,1514.27298487782,431.871796239442,136.029508351348,55.5506508254701,23.0511076133386,0.993187025912454
8,1,109,1,NaN,19643.0811965812,3033.37767857143,770.510867134952,202.746516610396,77.3401787605778,26.9839808935623,1.00980853468033
8,1,110,1,NaN,32122.6071428571,10549.7465465465,1100.14236799302,286.353292102793,98.1219517423277,33.7514290183104,0.950272117547421
8,1,111,1,1.23344193872072,1.00398832205644,1.1565899238066,1.07472774870909,1.08175748741336,1.07140117440309,1.04229452453456,1.12885934325218
8,1,112,1,1.33840195333713,1.4151407857521,1.36423092866579,1.36440353149742,1.32134732987144,1.34221084971123,1.29286042240588,1.00671847602153
8,1,113,1,1.99348525300932,2.04235250106623,2.10993507166342,2.05448804698144,2.07630556871964,2.02484902387226,1.79133226412906,1.02065050522191
8,1,114,1,3.11396736596431,3.28475800414954,3.41992641000349,3.55723118455614,3.7240205159218,3.63266324882663,3.07870414715055,1.00900675641743
8,1,115,1,12.782212092178,12.9760152920925,12.2001215898271,11.0618304438986,9.74887844346263,7.95583950701456,5.80671843954,1.05773439430209
8,1,116,1,364.115713312612,173.352961715246,86.0609516575311,50.9273428726803,30.3351482496264,19.4001281422608,11.0805871007659,1.01670644108123
8,1,117,1,3202.8642519685,955.493164904379,312.326685478951,139.442526380672,66.7617832563507,36.7575007422199,17.8964112822069,0.910877171029608
8,1,118,1,23510.1176470588,5811.25952030297,957.469478357381,286.248057707336,121.921256566661,58.6025637460071,25.1323901256833,0.987540758444646
8,1,119,1,163530,12487.2,2963.16117021277,622.083059221431,204.381568601122,84.2853057906624,32.6939110406296,0.944021516490304
8,1,120,1,Inf,67713.7024793388,6573.84606299213,1007.85457115035,307.576645943032,113.272286148421,41.8149977087204,0.961878931523883
8,1,121,1,1.041659590621,0.979933456570641,1.09845805080245,1.13849453370679,1.1146494177465,1.07994133284381,1.060742589077,0.966000175127278
8,1,122,1,1.34523233048058,1.22394866103611,1.24962868539326,1.1973221015723,1.1560348886882,1.25407152519082,1.25793999031957,0.991823741573772
8,1,123,1,1.86891029868615,1.76232703289675,1.82378091895191,1.87186187131628,1.79814906108227,1.78649134669163,1.64298872849585,0.945422951220519
8,1,124,1,3.02178093270258,3.00182457788372,3.02335704392552,3.06157269071971,3.03663726809574,2.96716364721626,2.63538036687532,1.13764523673791
8,1,125,1,6.10271208752778,6.46571951927434,6.76672501425143,6.73845979017752,6.53954206491023,6.05854705293708,4.89751216536217,1.04317999745198
8,1,126,1,114.940734038442,69.5887774673018,46.4008356545961,30.1170768833856,21.5668020350895,14.5654474213103,9.02074739369926,1.09118978857585
8,1,127,1,1203.66534653465,467.797547116617,202.835533504348,99.7860651498863,55.6478068327788,32.0396428312242,17.1805032880992,1.06456485108075
8,1,128,1,7894.91709183674,2226.98505494506,673.337827715356,222.47704722774,111.29071254582,55.9154947547084,26.1407411718995,1.08095155770204
8,1,129,1,31740.4058823529,7839.42388940665,1708.48096417261,544.27193268315,198.137350905584,90.1611953504721,37.0922656173306,1.03002779930067
8,1,130,1,149916.75,41433.7215909091,5408.47484756098,904.920870930122,296.099879043789,121.205030289261,48.228823398189,0.947808488210824
8,1,131,1,1.0329190796762,1.00366959531901,1.02429672556458,1.04382438047766,0.990965521966519,1.0663615861158,0.9790882539044,1.16679947684242
8,1,132,1,1.10912561476437,1.08909930755815,1.10507315890416,1.12283988960151,1.15109669544776,1.07729402440991,1.17203504178253,0.974452925889192
8,1,133,1,1.44794091014297,1.60736336106928,1.57671108196756,1.66811804717479,1.45843490535043,1.48103412711146,1.42679329476276,1.08839558636727
8,1,134,1,2.37110067990797,2.66034474993524,2.51343820772332,2.5209534724962,2.45078304048763,2.42339182089555,2.13358246948684,1.01651596209829
8,1,135,1,4.34261218765221,4.54554825185379,4.74445843204534,4.75141770052227,4.92564896174665,4.74128333344703,3.99570560498855,0.964405954077337
8,1,136,1,29.7268609912246,23.8324671280818,19.1993101865239,15.8869764852478,13.2024127647529,10.4920498390802,7.57340350291479,1.14715750218497
8,1,137,1,441.152130560741,207.260806372214,108.135228480816,63.5886250639928,40.6191143739907,25.9127636186587,14.1231639818815,1.09860928195447
8,1,138,1,2211.28497409326,989.77222272631,380.286345558992,173.74290719724,95.6999260437726,49.9814668470277,24.538292258643,0.853033265804625
8,1,139,1,19091.9338235294,4092.43199799856,1164.02142945847,402.47235421698,184.972618762211,88.4395268001308,39.3383046796774,0.974508187271387
8,1,140,1,62182.7111111111,13621.0835253456,2889.70652003142,904.446134140027,298.947863792209,139.264186176495,54.337795500195,0.973817691283946
8,1,141,1,1.04943706769077,1.1467751256905,0.844701268222257,0.920340534872664,1.00051191853621,0.949114812715301,0.98865337260393,0.782867934630564
8,1,142,1,1.0254562979812,1.11616798711533,1.11509018153825,1.07866806918407,1.04672078000814,1.24251028781656,1.03866054231395,1.02047146068031
8,1,143,1,1.1936911334849,1.25567761145261,1.14410722125097,1.42872779994298,1.30063182613036,1.30626199291261,1.23193376197569,1.08490954589878
8,1,144,1,1.95612041585014,1.84685945787107,2.1364244697869,2.22229911160697,2.21351340863957,2.02705436639835,1.85583627353597,0.999425841326169
8,1,145,1,3.71799207131754,3.73912870899416,3.78402197888582,3.72763549737958,3.66687454147834,3.65794880571619,3.17949849712211,0.903061937553423
8,1,146,1,8.8828183881969,8.79107880567613,8.67339776678926,8.53779683113881,8.00481281792403,7.11644343923517,5.93426624836568,0.782512771603861
8,1,147,1,137.516293055838,82.192026333874,53.6411123676008,37.4937332639156,25.7616428611932,17.9749630024725,11.3370491885867,1.11437006439753
8,1,148,1,1201.23952067137,540.86319952601,226.758060958971,119.01515235097,70.035297140261,42.2395484082282,21.3518655299913,0.79321564671387
8,1,149,1,7542.53217503218,2153.89518204327,731.324848782887,309.833057754345,149.0863949048,79.6175508694635,37.2988455652919,1.15038807456697
8,1,150,1,55797.525974026,9994.40993184031,1842.0666779949,642.227887181771,267.022091227631,135.932552481761,62.7083041377355,1.14780328854369
8,1,151,1,1.16077481007027,1.08161752966341,1.182671388609,1.23744530102423,1.30518259371188,0.981595383288923,1.07749253362038,0.910788928508003
8,1,152,1,1.28445614377173,0.777930278352373,1.13232343612014,1.30951207252247,0.882217377214411,0.916782805686605,0.884614666329377,1.16306811116875
8,1,153,1,1.19168303168622,1.09986903073227,1.14629612331424,1.13575964527937,1.22821278518284,1.40164174815538,1.24320924717121,1.01397497489297
8,1,154,1,1.82077303440859,1.47985820678943,1.51986736875175,1.58739819625312,1.67883722533284,1.43674213794324,1.41978794948511,1.13913587460699
8,1,155,1,3.24162063400452,2.98666406290203,2.94384993481831,3.06996383965363,2.96387349647076,2.97772627771962,2.68323774833992,1.16812483077399
8,1,156,1,5.27490199099652,5.47657957887864,5.78434540172499,5.87207474526183,5.82729812941032,5.37499827547103,4.5361848794767,0.910507185289771
8,1,157,1,34.7758986600359,26.6414143808718,21.6136209359771,18.2204105295578,14.3790813973392,11.9313939935869,9.20264894058383,0.79847131061586
8,1,158,1,393.674666808666,213.451874661474,122.477649387507,71.5925931743416,45.643315666492,28.3900560587992,17.0011778741704,0.864512273759565
8,1,159,1,3637.60193438955,975.679042002423,465.139967644772,205.833204034839,113.351680561868,66.7452213136183,31.9928099874973,0.911649205667668
8,1,160,1,18885.3338235294,3462.11423007087,1209.16920045045,501.052670690914,235.523383524105,125.534663380817,61.7901229669988,0.916067123108097
8,1,161,1,0.643779905092368,1.14477398492462,0.998028069571295,0.914940694483858,0.696323204252862,0.734407547543314,0.871064508884064,0.668180709525645
8,1,162,1,0.843979218748617,0.376489611653099,0.681488053301325,0.810253197583291,0.78289268258808,1.1579667144608,1.43550955574962,0.636171907218237
8,1,163,1,1.3095384327252,1.30362549075998,1.28509987424557,1.21409807805447,0.775847545059985,1.14234777055513,1.32565834079137,0.884445361091823
8,1,164,1,1.14678884436979,1.26027176089175,1.66812011779787,1.28196239100746,1.22755767392039,1.1202916591992,1.07857693794648,0.932330619884729
8,1,165,1,1.79615361473736,2.49288383386581,2.33262681566528,2.47851989577609,2.34149128477189,2.15533305366159,1.81618969547536,1.01082835077872
8,1,166,1,4.98750254870826,4.88076909501238,4.57813192247153,4.88156224901561,4.51799028400435,4.42697896877724,3.45384790010274,0.65474208354294
8,1,167,1,9.59353212095977,9.51522708810901,9.53620066449376,9.65655528761891,9.37087290105725,9.21928337416074,7.87767928333568,1.18233901395919
8,1,168,1,123.196154103896,75.6833665165284,53.883982576598,38.4996976249859,27.6985049467857,20.2032108514154,14.4295910627581,0.736870455968029
8,1,169,1,920.588005604493,410.19355676309,226.488461100041,126.063579638018,76.0632418121055,49.0040165260997,26.4284584912561,0.654641718799875
8,1,170,1,5083.50795196365,1964.6562739586,759.915794356236,346.416394329385,190.731442776963,104.820601328264,53.6740180033649,0.720090050557646
8,1,171,1,0.939425451092118,1.23292415534368,0.611020440924658,0.572023301869064,1.47163624765081,1.06586724469699,0.984103366410293,1.3183795589332
8,1,172,1,1.30959648973493,0.749902870669216,0.996498461216203,2.83157690342361,0.813604748672246,1.43049628976032,1.00352412632091,0.888657508179358
8,1,173,1,1.44075025038696,0.717400766016713,0.562295721834955,0.722041072225462,1.15888073061358,0.593099087111063,0.704922531872957,1.2227092310306
8,1,174,1,1.34164116413677,1.29637353269067,1.29873730405876,0.932051334450484,1.70303956130043,1.01434663803039,0.686339025406081,0.694909881986924
8,1,175,1,1.70589931044026,1.57192009308659,1.31573807578252,2.3413656549409,1.80813924841151,2.14920101301365,0.98982613083913,0.210628626877677
8,1,176,1,3.34365179136299,4.83477584888091,3.90717974930023,4.00503110768191,3.88321466661452,3.20075700267523,3.50492366477128,0.833956858779912
8,1,177,1,7.31040898315269,7.03676727617636,7.34561400044067,7.41008212077997,7.13057750259966,6.49150809749187,7.20845721743078,0.685720221606648
8,1,178,1,27.855509383403,23.3113064147293,20.7876661205725,17.8392097847059,15.9316616617184,14.8152749724229,12.180266682472,1.22871012999267
8,1,179,1,266.879407444662,166.516732388791,108.238164950075,71.1262001747679,50.0669670426383,33.9397128841437,21.4772511648921,1.43811032318066
8,1,180,1,1999.19040129635,833.118648124703,406.551167939206,225.322018162922,130.510895174612,79.6086388174899,39.9402134687652,0.687266833938914
8,1,181,1,1.0322510373444,0,0,1.08496315192744,1.29379467186485,0,1.28926443926444,0
8,1,182,1,5.87700661000944,1.10900510900511,1.28922270063777,1.35811764705882,2.08916087586337,0,0,3.63103850783653
8,1,183,1,0,0,1.12175123413656,3.26227054195804,2.17891625615764,0.977334341787321,0,0
8,1,184,1,1.16343574488478,0,0,0.959075573549258,0.989857840650212,1.88821355197168,0,2.44765183181706
8,1,185,1,0.723636615064375,0.969718529492028,2.60343308323155,1.68500095292548,0,0,0.802048428395734,0
8,1,186,1,0.538418804808516,2.86174285179083,6.54773206751055,2.39441374188633,2.27255456676188,2.10638591134154,1.83606769389942,0
8,1,187,1,5.5239778385581,8.05660505402096,6.52333095571347,6.32309016868374,7.95265902849058,5.28281984374046,4.09918457952099,2.52356206747953
8,1,188,1,10.1926368874664,11.2599619159749,11.4024780597183,12.4512039655576,12.8823369943307,13.1612579057352,10.4712106452862,0
8,1,189,1,78.9574206609775,61.4111749332384,46.6128745611866,37.1217743423844,29.5945632787728,24.5410553575671,19.3715717782431,2.37134314846579
8,1,190,1,577.892969850662,319.891206057788,197.648517807257,132.495787269328,86.863514803577,56.314360359701,33.448011447916,1.24549594635172
8,1,191,1,0,0,0,0,0,0,0,0
8,1,192,1,0,0,0,0,0,0,0,0
8,1,193,1,0,0,0,0,0,0,0,0
8,1,194,1,0,9.2388798889146,0,0,0,0,0,0
8,1,195,1,8.51070271192222,0,10.113436011754,0,0,0,8.60323275862069,0
8,1,196,1,0,0,0,0,0,0,0,0
8,1,197,1,2.24684343434343,10.6661316211878,6.91325008671523,4.34165895103752,2.85695861515534,3.12608177599398,4.8286537251295,0
8,1,198,1,15.0301714285714,12.9115175956599,13.335659274634,13.0409060670158,15.6092101810548,9.41818354190368,8.43095637939064,0
8,1,199,1,20.6041632400789,19.905676676535,20.6212360365661,20.1067696029123,21.6765724771415,23.0594393638913,22.0707307827405,20.6646997929607
8,1,200,1,189.242012476694,132.227955136204,97.8075744978621,71.8470463730279,55.1609136500331,42.3700514688928,29.8640668523677,0
8,1,201,1,1.07481424970326,1.10665816183617,1.01564860163429,1.1571825145926,1.03350143737435,1.0959050589787,1.05279370661532,1.05436426289117
8,1,202,1,1.32923729565632,1.3071498073528,1.28974420294774,1.33513743075406,1.36408238676256,1.3073521293356,1.24433126366071,0.996899362758455
8,1,203,1,2.03620521838291,2.02867803401855,2.02734867299071,2.00938035474312,2.03606553385326,1.97465279017951,1.79760061225895,1.02836074437194
8,1,204,1,3.187175071314,3.28341722308994,3.43280501818728,3.50487509863648,3.49463478198315,3.40591841738592,2.96206245283247,1.01480087403937
8,1,205,1,13.3386159750168,13.4909901041848,12.4844212709375,11.3976047380204,9.5290362252177,7.70752955161456,5.39948443446993,0.980418427263268
8,1,206,1,392.903348605309,173.052068017102,86.2081842390904,47.9778850266607,29.3822242585407,18.1484264737912,9.74397755020814,1.06955777486805
8,1,207,1,2559.99344135802,915.597358235625,325.329957740672,131.059336186676,59.7493310953468,31.6849701425575,15.0349176152016,1.03909965871331
8,1,208,1,9435.51944444444,4713.88457764695,951.955439070406,271.144819515918,101.348350283997,47.360230375103,20.0307423375795,1.02302738880926
8,1,209,1,99940.5,14980.875,1990.0464031339,544.551416796176,164.231257049288,62.640278002154,24.8755068912861,1.07398812155511
8,1,210,1,NaN,233186.333333333,6314.76918767507,972.132426084554,242.621974257934,82.9878666386449,29.9747141554577,0.993909344202278
8,1,211,1,0.992781439348921,1.15633700814842,1.14095758421161,1.05442395002171,1.08919164995678,0.996045356168183,0.938831733583001,0.946339108516001
8,1,212,1,1.22955395080877,1.1773981834112,1.22926196876224,1.06464156497599,1.21026704524439,1.16745756297326,1.10173961522111,1.0121961048464
8,1,213,1,1.73309824382665,1.74836007245493,1.74740184948837,1.73363460033054,1.69809902845529,1.74428844384441,1.53608503914783,1.05857042570253
8,1,214,1,2.91234253649676,2.9407435056079,2.90017045086706,2.96252615584086,3.06303041249819,2.82313766538568,2.52646928542197,1.04446118311828
8,1,215,1,6.65217285824921,7.03559781392939,7.1263620967212,6.84829712296458,6.47525386147665,5.79227488117389,4.65950851450243,0.989363376114254
8,1,216,1,118.639577914095,76.6515262156751,45.1009109935219,30.71307830424,20.5952352099491,14.0732232171067,8.64746668524188,0.965653778918866
8,1,217,1,1429.55550463971,517.777304482478,191.87386027829,87.3517764663121,49.6699880762368,28.1951668002387,14.2221945225889,1.02636455139497
8,1,218,1,11599.6452119309,2019.44574316047,547.202647650701,208.610608548165,94.8793552496757,48.0953164969047,21.9625636887138,1.10013718284333
8,1,219,1,52045.8333333333,7529.01791158537,1475.63697099493,420.424690753711,161.15649023412,68.6052630829735,28.0985317666146,1.07099346507521
8,1,220,1,66632,24650.7727272727,3993.13512027491,780.532491260441,247.303340013921,95.9817043066797,35.8536396060688,0.960234448883427
8,1,221,1,1.03207481401356,1.02531448991103,1.11888429015706,1.05799240169107,0.971427561692023,1.02722053261821,0.936246635041908,1.01341547590859
8,1,222,1,1.04950775111305,1.00282870047708,1.12970024042738,1.10831200154958,1.08131722405294,1.0717582289341,1.18390719178477,1.02553408544707
8,1,223,1,1.59834848244746,1.43471900662107,1.47625526393558,1.5393070398263,1.46606790327524,1.54932774659795,1.37608541281067,0.877657116878195
8,1,224,1,2.48389062809335,2.4336295293272,2.57975816474608,2.43413970772799,2.43184286875451,2.47691909758214,2.05278894118464,0.961122985666227
8,1,225,1,4.40305959249348,4.45382320866059,4.64745683056783,4.77480489525565,4.8075086882458,4.43699266505473,3.75597611584842,1.11620510851899
8,1,226,1,33.2384615125961,26.2752724568516,20.3237425347236,16.8350254984848,12.9941944423459,10.0647270127361,6.85781356917312,0.972623624206684
8,1,227,1,495.468635932158,211.319191488016,103.785094402635,63.807508901502,38.6144806936981,22.5871695229573,12.7147179012208,1.04583773336973
8,1,228,1,4672.6851056212,908.22755998815,344.694647688707,151.383975445153,81.935307594818,43.156636472527,20.8576295808193,0.91389251640818
8,1,229,1,14192.9052631579,3686.69549940782,999.05770425711,331.550315719508,151.223026472964,70.0893087150099,30.9011994792592,1.07557051894435
8,1,230,1,Inf,18896.2982142857,2374.56866831508,649.091468954708,247.010067616037,102.434258221713,42.3212119089608,0.978767793768417
8,1,231,1,1.07792187233682,1.03487991377901,1.02098457819608,1.13202793660463,0.936175957264216,1.02729724782496,1.10057955512931,1.00231832769049
8,1,232,1,1.01053931150581,1.02561475528791,1.16459095889943,1.10557491941655,1.23912583356166,1.17766937802873,1.11376475131586,1.1824737534591
8,1,233,1,1.33983948410471,1.35945456105595,1.27881223736971,1.36006268813174,1.24811813137041,1.26110163377519,1.06915165101931,0.947846204749476
8,1,234,1,2.11830957424591,1.85419599298253,2.15283267526212,2.00032148407918,2.10219632235298,1.95743335802055,1.74826848516838,1.05984777590323
8,1,235,1,3.56708462200374,3.56456375474245,3.66776184710197,3.80294118885882,3.63777795960618,3.58764208731328,2.99798010881225,1.02423248305946
8,1,236,1,10.0538226558105,9.98476109326987,9.35068235584523,9.05015677393141,8.24385662020407,7.18215131211293,5.77805846437338,1.00101678359542
8,1,237,1,152.00231567795,92.9029980947264,56.0557799822882,38.1248859470223,25.5994615342523,16.9049461436548,9.79019003603405,0.952090980763991
8,1,238,1,1052.87112433009,462.751552668352,201.71411646347,108.688420229994,62.2489704569386,34.9068868218426,18.4527920768477,1.09756989729875
8,1,239,1,8597.71919642857,2126.13226668718,721.510810256786,264.929509908893,125.438628302407,64.919962090276,29.5597550434066,1.00704044318843
8,1,240,1,84780.1818181818,8422.89990817263,2006.58399308557,565.808232728462,228.64707310026,107.276967401351,44.8111429204767,0.904901138208177
8,1,241,1,0.973547268370682,0.949360348727422,0.9620460188921,1.19707260223134,1.13337205822036,1.22670169763127,1.00921992366795,1.05181028465928
8,1,242,1,0.995227757959634,1.1109128474831,1.20680152329342,1.10428003748669,1.00851705957712,1.05145855001642,1.22210954808665,1.00807247089394
8,1,243,1,1.35415484224005,1.10538967716903,1.13835351089588,1.06439474126673,1.28542132425373,1.21979890589085,1.17356293438135,1.07426205523649
8,1,244,1,1.56888325067321,1.60053547749303,1.56306973594165,1.6541498664231,1.66612461409096,1.53655458248655,1.52546774965506,1.02348276420133
8,1,245,1,2.8738155896807,2.89451585562408,2.91683018728328,2.86607351803659,2.85683190200524,2.70921198968723,2.09919757481354,0.959894633349355
8,1,246,1,5.49570882159068,5.58968341398421,5.69537040548101,5.77929964124222,5.47397494109488,5.36538695056006,4.46174852488698,1.02057609782813
8,1,247,1,40.2515092688761,30.784986222269,23.6408438044242,18.6555715533436,14.6373558555961,11.6594316731672,8.3203718317571,1.18108567346792
8,1,248,1,421.025129744707,200.727686067787,118.807766265309,70.0892287822481,44.0930603839399,28.0682989328993,15.4203178518667,1.06090150726494
8,1,249,1,3208.69119967425,1031.07493542099,382.669438894767,182.647907004439,100.268905437504,56.5489848391894,27.2127324559471,1.11673775798342
8,1,250,1,22837.3966059082,5089.26178577378,1146.17156847725,428.547101964128,198.014156170194,97.8279925958655,46.2700328831972,0.991336845470453
8,1,251,1,0.905044196621576,0.969091365461847,0.887264967700402,1.43742754818763,0.955261502133969,0.822721950875789,1.32219486685617,1.01792328391284
8,1,252,1,1.31965616717187,1.00965801386167,0.941380306092983,1.1076476116653,1.01433725688199,0.982511072217977,0.967304160714019,0.94065752258143
8,1,253,1,0.896186213125359,1.05633346148461,0.980903487325451,1.18633928271948,1.27695758802577,1.03203653901097,0.93793867994847,0.989748321559455
8,1,254,1,1.29963020519014,1.40658396930093,1.47489873478616,1.27171158849815,1.16935693415953,1.25155162330925,1.45198586748186,0.860555222097393
8,1,255,1,2.19248928362755,1.98723992397481,2.3106901506609,2.27733873595573,1.92052006146985,2.11814563152891,1.97396507112142,1.04587430772961
8,1,256,1,4.35229496824441,4.3912672084233,4.29145640153757,4.52849433825911,4.20714432683669,4.164268259571,3.39030220155076,0.699399330525326
8,1,257,1,11.1331081141707,10.7440603373486,10.3936945745722,9.90790546756596,9.15415057812049,8.55016396598683,7.15688755481367,0.939380841285604
8,1,258,1,125.597990275204,81.1374037463498,55.7177640563582,38.7990132295122,27.8106026475871,19.5325889758863,12.953124133104,1.17117326426629
8,1,259,1,1158.14262147353,442.318553296873,228.174998215683,124.469382528421,72.0262685540049,42.5449212368516,22.4839355986239,0.804728196770375
8,1,260,1,6166.8413488115,2081.20809637614,672.343115285079,307.982235467082,157.079625701203,87.5686786909261,43.7996015301479,1.02657661961096
8,1,261,1,0.782231407597232,1.40793343633387,0.879996619288281,0.811078954017088,1.2452172789931,0.807534055685289,0.76323518291164,0.981372359112011
8,1,262,1,1.14161536308941,0.827656626139175,1.11523966536712,0.800047367625861,0.816346171292775,0.833549100885097,0.707622033952519,1.20624413032485
8,1,263,1,1.20659226090644,0.923788861210284,0.9176243567753,0.560176813916228,1.35231764283148,0.757497326549713,1.05580826527681,0.975674151288156
8,1,264,1,1.17365376079078,0.912087568704731,1.23824043761067,1.24400896553296,1.86249423653636,0.935577005946738,0.954871645268019,0.90405427693149
8,1,265,1,1.50619062671014,1.75666499674943,1.6453164036626,1.88417370600895,1.84531753554502,1.43404347365978,1.38420991021989,1.14016984579257
8,1,266,1,3.34074060578046,3.0196717027398,3.28696487836688,3.63563564082851,3.40765343159367,3.0872863111646,2.7686734134042,1.56074298721207
8,1,267,1,6.42523391069188,6.54587161540393,6.64385551902766,6.53049210942518,6.76627269442022,5.86390584658394,5.40432913450285,1.41119591043272
8,1,268,1,33.1129477367392,26.7868859901849,22.0276263771298,17.8309181871074,15.4752603916388,12.8531245027659,10.0573802208523,0.770272964210856
8,1,269,1,309.494774496286,177.040871316064,111.377363361446,70.3838791448405,45.3986284428368,29.9538025540267,18.9875228815384,1.45832117948912
8,1,270,1,2569.39014046629,799.240473281199,378.493590279318,206.735783837832,115.430692015625,69.2511213307507,34.1882580532056,0.739581497500573
8,1,271,1,0.816169413491762,1.08542099769304,0.404615000899531,0.985022399203584,1.96342301956547,1.46532131164184,1.44416661107683,0.852256681361069
8,1,272,1,0.809451556173572,0.996565685050155,1.01899235980972,1.19341001282458,0.391076776833453,1.70815586508576,1.1569482341935,1.25115880226198
8,1,273,1,0.542396398026812,1.11446260506411,0.952352759968425,0.993613560138975,1.03248135204215,0.372734209410767,1.16975242959495,0.218968140919587
8,1,274,1,1.03522864987816,1.21064088436445,0.916475790191544,1.39016280508379,0.354732892608229,0.886617117036346,0.513607883438425,0.619755529394084
8,1,275,1,0.826363290222972,0.549762835287437,1.43356214536131,0.868488614049999,2.13632193777954,1.79957314679825,2.21382757177842,0.404139099893817
8,1,276,1,1.94043121369939,1.87331116156093,2.91759269036542,2.76273262882259,2.81442823204412,2.06070973243073,2.05260680878435,1.21531439331914
8,1,277,1,5.19570151400172,5.52847802255081,5.16320485479521,5.72281266279185,5.39303176200491,5.31916389450941,3.83326159911746,2.17169866788353
8,1,278,1,10.4267279583659,10.7472077182958,10.785498692261,10.8729921820577,11.0174036902665,10.6728059035292,8.48555797788257,1.47316209693709
8,1,279,1,91.0860330358386,65.2505012944343,47.3020982080194,34.8565654571782,26.6294577249027,20.9153517960069,15.8067538751477,0.215725244072524
8,1,280,1,627.504917919298,358.258642913941,209.26420648147,124.588060752741,77.2317237792552,50.058274757016,28.0449835058934,0.406348000595382
8,1,281,1,1.42039683898208,0,0,1.2446736684171,0,0,0,2.60129335684891
8,1,282,1,0,2.54170496323529,0,1.06384661845432,2.27551440329218,3.69598336664542,3.22187988992608,1.23512370033996
8,1,283,1,1.15373068586199,2.20249298743548,0,1.12578470517707,0,0,0,1.05427896431901
8,1,284,1,0,1.07378574781103,0,0,0.994945404367651,1.0070082226439,1.16098047449087,0
8,1,285,1,2.73737118957318,0,1.01815670324611,0.991386525317339,0.953943804442143,0,2.5844794734107,2.73816791793856
8,1,286,1,0.693363788533966,2.17417450251476,0,0,2.15953083425344,3.24072535314531,2.85334423924118,0
8,1,287,1,3.29111949635441,2.74586622351475,4.0945250952986,5.31094765909376,1.70474623930919,0.758170009551098,2.53468792985089,2.75170307728447
8,1,288,1,9.22534635601894,10.3230111729244,9.25361162972538,9.11623178014049,8.34136512657773,8.18252837406793,7.9176507054083,0
8,1,289,1,23.8645116636797,21.647149436417,19.8034781125132,19.0667308330207,17.716097565771,17.2414200740513,16.133074754912,1.03576893052303
8,1,290,1,212.359164010432,144.606662925394,97.515797167412,68.378178565516,48.0272959631019,34.6604750651615,23.9873853080672,3.3020404777704
8,1,291,1,0,13.0151238591917,0,11.1277591973244,0,0,0,0
8,1,292,1,0,0,12.4273887332711,0,9.38580899985894,0,0,0
8,1,293,1,0,0,0,0,0,0,0,0
8,1,294,1,0,11.2850763143019,0,8.88097886540601,0,8.74845496383958,13.7506198347107,0
8,1,295,1,0,9.2388798889146,0,0,18.5162337662338,0,0,0
8,1,296,1,0,0,7.8156328320802,0,0,0,0,0
8,1,297,1,0,0,0,0,4.17843975196916,0,0,0
8,1,298,1,8.49993354850959,5.94816969890202,7.48277028841506,7.4182502421939,4.06694124855334,3.08332946330439,10.2656813266042,0
8,1,299,1,14.1805908437888,15.0619128993458,16.5970326251715,15.9732178119846,15.3281107552573,14.7491753559416,11.4869017162349,0
8,1,300,1,62.2761494938647,50.3401955858351,41.237612915095,35.1047518530521,32.0348343187922,30.217332373963,25.2402557220607,0
8,1,301,1,1.09539221353385,1.03634952807538,0.971724533423469,1.11794980272364,1.12225676553023,1.08447182024842,1.06746717188305,1.00467480213122
8,1,302,1,1.21817322162087,1.22477239114048,1.24847897658574,1.33276581153477,1.27346302728359,1.27590830298114,1.16549396830749,0.984013234753946
8,1,303,1,1.71596734263603,1.83954753682889,1.80830434312892,1.78306065667758,1.74091651143387,1.70855867227513,1.61008026893871,0.969951084697622
8,1,304,1,2.85517826938237,2.92324509940445,3.06484097892516,3.14443265591323,3.08655311578547,3.01812766440303,2.6446681243329,0.993890873761957
8,1,305,1,7.74013167551049,8.23823682078491,8.2390366080048,7.85426902581081,7.35933797329073,6.26888751747905,4.52558266414428,1.03671379330425
8,1,306,1,207.871540690568,100.643858613964,56.3684762483349,35.1547278744658,21.9567041170783,13.9113268088271,8.34869779914505,1.04303030079932
8,1,307,1,2048.16906603638,609.710713513513,223.878777050133,98.2327028893744,47.9365543672995,26.458167939812,13.4780603224878,1.03691518738342
8,1,308,1,15008.328817734,2404.75802178393,575.066268030422,199.075303574317,85.3421219915769,40.9917073608969,18.0351786685504,1.00726090048858
8,1,309,1,57110.8571428571,15433.2954545455,1382.11632561613,422.887769118636,134.006490163621,55.3564493241528,23.4417022425371,0.953883309345568
8,1,310,1,NaN,22206.5555555556,3312.95002328831,779.838163912083,194.552299059117,73.4789513322457,27.6128051840228,1.03152672104423
8,1,311,1,1.0483284700298,1.04494531753865,0.942820358196298,1.03217111270882,1.0670993687262,1.05246125141612,1.04695731183978,0.947917835394538
8,1,312,1,1.14709970944389,1.07832260375457,1.18223081713632,1.24388317910921,1.19790141280699,1.0964852614616,1.13287269929209,1.06966414328325
8,1,313,1,1.59031488409124,1.36952579749115,1.48180099817402,1.50221615318704,1.53400665183202,1.43548809363836,1.48543567525771,1.13701060732157
8,1,314,1,2.57981737693997,2.52293257857614,2.49985031730629,2.52569481348959,2.49073477971036,2.35252076189849,2.04930317143466,1.0512503748659
8,1,315,1,4.92411311813594,4.96865994618091,5.34057432225002,5.33375522773375,5.2127862273032,4.66626632040646,3.96397099873305,0.919917799466977
8,1,316,1,49.6808323870131,37.6025960283731,28.180878549333,20.0299285471957,14.9067054593742,11.0761003505755,7.13552054424987,0.977842421516241
8,1,317,1,683.192848615438,265.504543526914,116.491937403224,66.8383410815898,38.9883896085322,23.8854082137344,11.9312569980611,0.953740301453882
8,1,318,1,4234.2121476315,1063.99875278179,360.033965956405,156.592406113839,78.6065692269929,38.7999897543344,18.6768318176984,0.989731650804759
8,1,319,1,9949.83141762452,4741.2758886713,1146.38034141568,333.78299942988,126.707338935382,60.9830178954494,26.2144500504966,0.989794221174261
8,1,320,1,121351.464285714,17145.3356790992,3370.36985637501,617.463379830047,210.266312619036,85.482720929383,32.6662173062022,1.02030728945405
8,1,321,1,0.946516467595975,1.07799936233417,1.01594526846342,0.833647407041024,1.0529168995955,0.939241213894647,0.996793593833067,0.917726842151708
8,1,322,1,1.01614061218036,0.998415491574278,0.967645262685947,1.18356312745641,1.01726838006683,1.00230947780321,1.08110470778239,1.18586921887267
8,1,323,1,1.36661307811646,1.3790116897804,1.39367082094354,1.44365083475959,1.28205963101868,1.26622834993376,1.1770151870719,1.10443896744926
8,1,324,1,1.98403134832035,2.08993373321811,2.1744752427242,2.08837098507278,1.98706498334887,1.83976549087581,1.86462393745416,1.0544187073742
8,1,325,1,3.72408570455982,3.76654127617281,3.9397381455007,3.95894940342033,3.96538041239784,3.63234806893722,3.21115972936178,1.13979832349182
8,1,326,1,15.0801196929614,13.8002341205212,12.3738760491911,10.6894116957028,9.56056600923131,7.87953388041124,5.64351312485499,0.922652109713751
8,1,327,1,225.617990164472,117.640999249556,68.3866376207706,42.9626122667053,27.9405751009422,18.029840258753,10.0564907471944,1.08928423621054
8,1,328,1,1523.67592556921,530.148617448377,221.520967891289,114.588484278738,59.9920685902717,35.1183491059123,17.8529845074294,1.05584807373021
8,1,329,1,9975.70647931304,2483.55777105216,700.364495798319,237.340728462876,115.790599441307,59.1826856254335,26.5753551927695,1.0461068982122
8,1,330,1,74937.75,9392.77864992151,2047.27791944799,547.6901146098,208.6495938371,85.7413894980339,36.60247377525,0.945491877983297
8,1,331,1,1.19157592231446,1.01581901678909,1.07968917949631,1.05165456990522,1.0520758004076,0.969533889024728,0.967647653647548,0.993136671409282
8,1,332,1,0.936720799633903,1.06159443776049,1.04951230979619,1.12122326483133,1.07266099305068,1.06005678526377,1.02999300109665,1.01045578021006
8,1,333,1,1.17559553468229,1.29772015067009,1.11983035452337,1.26397378396617,1.11161839110603,1.05335932074571,1.08691995093683,0.939480946949234
8,1,334,1,1.69147790658582,1.69075782811632,1.80922810425088,1.59499943206734,1.53454131860591,1.82987249437525,1.487897328653,1.06011908004263
8,1,335,1,2.97688334760583,3.14490002516281,2.95170732159323,3.07852664773165,2.93250735241023,2.85176223588268,2.47280494777616,1.10833248989733
8,1,336,1,6.29312454674437,6.37475407480692,6.51390376090606,6.42986371747563,6.1347532999038,5.68223149622999,4.51892603935244,1.04619316534577
8,1,337,1,65.8270180798262,44.7504881483425,33.177984887282,23.9569572266005,17.9515917332835,12.9843897000795,8.25343799196286,1.02862781835893
8,1,338,1,572.593567251462,266.726163546729,140.459497046932,84.1735134218297,47.9998056411353,28.6698789001229,15.0493361010209,0.92183974239265
8,1,339,1,4696.61429693637,1199.57897169752,403.898272110301,187.414130083414,95.8196676871455,51.8687959921987,26.0115684874343,1.07463989994998
8,1,340,1,30886.3381642512,5297.55380577428,1241.30957819927,414.139338893579,181.356277072692,86.8135265394884,39.1423214632877,0.97391228615236
8,1,341,1,0.895156058815299,1.13268785507509,0.948669507860972,1.11749965885,1.09384228988678,0.90794865960415,1.09806939172905,0.889980225029104
8,1,342,1,1.1294449968498,1.08470844819735,0.897089694752147,0.923461901985079,0.975312253911954,0.964740813791242,1.13061400301044,0.940943679798316
8,1,343,1,0.956986646657728,0.98671854584245,1.15104265464971,1.05156502021379,1.08304259933444,0.927641477332332,1.14941955089507,0.985127259126981
8,1,344,1,1.47868283578265,1.36879905237633,1.47599786489532,1.45501396594903,1.40520935995269,1.36294167306103,1.2803433341946,0.863500959080375
8,1,345,1,2.30521577049476,2.22005701663239,2.45683673344695,2.17711566435177,2.28638410891228,2.07155506768612,1.9443400621029,1.09861955988116
8,1,346,1,4.43487654127456,4.55261207607899,4.56060422503062,4.67877255602662,4.61036957397174,4.30260121381664,3.58938569003683,0.870548943105492
8,1,347,1,17.8033407935143,15.6483511898687,13.7635642731961,12.0376244861209,10.3649443639698,8.60239571521421,6.58542870977998,1.1073674858877
8,1,348,1,201.766239640496,114.095204824495,68.1594280070351,45.2506397220173,30.9143837060502,20.7672789337887,12.076027591163,1.11797350922351
8,1,349,1,1518.33776793887,571.740005704757,262.795972327312,136.588076030091,77.7371605143396,44.7869654217575,22.4099026389034,0.875097364637524
8,1,350,1,10942.0225806452,2228.48737450563,727.614981447124,321.288479252695,157.900340455251,80.3497961519319,37.3936021387378,1.14342344331584
8,1,351,1,1.1393466896868,1.15921029747139,1.14120264437383,0.820622599770977,0.917506920184321,1.03630149946813,1.30978204660862,0.924689672293942
8,1,352,1,1.09357737394507,0.930422497689898,0.860467273486997,0.859601774113884,1.31907180770629,1.22061420100723,1.09755616548001,0.894262437688905
8,1,353,1,0.975773931785316,1.03173757724399,1.0510366769888,0.804234979436594,1.12502240539244,1.18170024529708,1.17187481523429,0.842066681282106
8,1,354,1,1.24426130926074,1.17754610906865,1.08996452096706,1.06103276316058,1.24788201416388,1.17317810251985,1.19440849212588,0.937194951562874
8,1,355,1,1.79591015053831,1.81715619680672,1.6933331239417,1.70600045241865,1.85062521636654,1.5997441789127,1.48431030076099,0.748781436203882
8,1,356,1,3.63945144283692,3.1171418668415,3.43443589424468,3.24433788166143,3.19184663432436,3.23009322004351,2.92771840209349,0.773293902395082
8,1,357,1,6.97147889048429,7.17501515551194,7.05241910493501,6.93376734487168,6.70348299474166,6.084340224343,5.39151146251783,0.925968280083653
8,1,358,1,57.4590430358309,40.4827955730435,30.9752089390918,23.721191971612,18.4014515625165,14.029682420465,10.0055476131449,0.953875194713664
8,1,359,1,496.037003287738,245.990330338828,129.075477529839,80.7850179250087,51.1471645073459,32.0098540683521,18.8912527375952,1.06797677139584
8,1,360,1,3688.22685043909,1140.28427030372,475.488936409201,219.778623776164,128.06260472154,69.5665409878438,32.5038889189637,0.874629236329354
8,1,361,1,0.838560378731183,0.826811744446914,1.08444869696031,1.09481134406111,1.04152710878603,0.971193056503181,1.08807772380291,0.630059721546896
8,1,362,1,0.577090777030519,1.19559623173488,0.771448112770101,1.21795698236877,1.02156236091684,0.981620528404866,1.33521331180612,0.828888019800195
8,1,363,1,1.17727650764652,1.00600684931507,1.02358264572797,1.16323398987568,0.954779207622418,1.1468826914609,0.555025876769593,1.24173115212297
8,1,364,1,1.09901814226059,0.978721274917734,1.49662140711673,0.78158768925913,0.588313607623903,1.08420875511941,1.14502288297328,1.07811354646959
8,1,365,1,1.40510225821292,1.36600381235461,1.20045039666602,1.48878260139903,1.21757985698215,1.35712592790744,1.20387815412068,0.980859397636696
8,1,366,1,2.07818945365662,2.2836125913311,2.60326534737111,2.15718911263287,2.43475271774159,2.17802259769733,2.12902520479794,0.993538295887943
8,1,367,1,5.44616123948633,5.23603647664993,5.0328841035306,5.29570454781357,5.12800753258226,4.71035424264926,4.52116675997373,0.597919733841494
8,1,368,1,14.543412609338,13.7110231861651,12.715901443526,11.7173348628092,10.7345465429507,9.8751480680664,7.73653292986179,0.873706359293216
8,1,369,1,146.031742416823,95.6467026760473,63.9531136780846,44.2630362433776,31.2019830111101,22.9108203039316,14.8040236857219,0.835203933800344
8,1,370,1,1040.42114142139,481.233903486809,237.678925052024,141.622112547027,84.5716980456973,50.0803357182139,27.0594309646054,0.899406272814741
8,1,371,1,1.58899422256866,0.232575672171805,0.958499249140144,0.847751657805765,1.04114595167765,0.443518861764762,0.203221129756947,0.636412442455572
8,1,372,1,0.420965443912812,0.635771543086172,1.68012799293832,0.448756300083397,0.80612510895509,2.47982590162964,0.877573339981717,0.795815455389923
8,1,373,1,1.64202776063838,0.562311703470151,1.26371832820144,1.36695219673943,0.952151106833494,0.411066668328079,1.12435283219386,1.46316570890329
8,1,374,1,1.31069631682359,1.03481911034788,0.723159814096324,0.902809727242852,0.554025733252055,1.169796225612,0.907470223977348,0.436011891653821
8,1,375,1,1.41384169677027,1.05533451183756,1.26238206323279,1.12938776909365,0.977623048507297,1.64325047689897,0.960946007259528,0
8,1,376,1,1.32375455561139,2.06384794233899,2.1084608866026,1.53414810608123,1.51298283369407,2.06454936192839,1.85424104626254,1.45501723745047
8,1,377,1,4.15111723291377,4.31827983097402,4.32405285359801,3.1779809959857,3.48924159813091,3.98448042270695,3.5147704947312,1.00807831791696
8,1,378,1,8.11352016281129,7.76478520265028,7.84952000223196,8.51718925732015,8.61501827168009,8.19350574024253,6.73195037277773,1.16854456766939
8,1,379,1,39.1158529164254,30.9298640858897,25.9110536958178,21.435362058436,18.5034289460658,15.9909535268277,12.6171013311092,0.852653113963304
8,1,380,1,328.046489799511,194.092544645572,120.2389021393,82.1278193141642,53.62277567913,35.6152138368707,23.5652943777529,0.686639545097314
8,1,381,1,4.05037019960946,1.24515322076298,2.66699704003322,0,3.54460798860466,2.22897455278408,1.23407301803756,1.31059494112459
8,1,382,1,0,1.09712446328275,1.11352651599911,0,2.13436709132244,1.14405172413793,0,0
8,1,383,1,1.00144927536232,1.32273149993357,1.29609185825501,0,1.37006357156617,2.38222307314913,1.01409441115323,0
8,1,384,1,2.15951133244366,0,1.17120853777637,4.5949333487218,1.05246208515769,0,0,1.05072853975293
8,1,385,1,0,0,2.41735118234526,1.13658060316772,0,1.06105661584391,0,1.20137707133978
8,1,386,1,1.71342687096802,0,0.75969791774103,0.937704114572779,2.48389580766541,0.739757162732217,0,1.15603948896632
8,1,387,1,4.25387954799719,3.61425191117583,3.79544439268523,3.2596315732703,4.38924530554315,1.90957252466204,1.78779310344828,0
8,1,388,1,8.55080449436486,7.99385231833133,7.07308113514576,7.09441665238993,6.23722795489201,6.99397547728769,5.96303370279578,1.12050098508303
8,1,389,1,13.2976390076964,13.6111524990778,13.4849944914885,14.7474353262017,13.9280568753593,13.8950103289369,14.1575837265363,1.32613849780892
8,1,390,1,98.5444497318006,72.2910355328845,53.1964129610257,40.6006925051322,32.2386684194457,25.9322259678121,19.3788158316066,1.21906878773406
8,1,391,1,0,0,0,0,0,0,0,0
8,1,392,1,0,0,0,0,0,8.93869234214062,9.69654133877392,0
8,1,393,1,0,0,0,0,0,9.56907957813998,0,0
8,1,394,1,9.81965761511216,0,0,0,10.6563817861528,13.1679857538583,0,0
8,1,395,1,0,0,0,0,0,0,0,0
8,1,396,1,0,0,0,0,0,0,0,0
8,1,397,1,0,0,4.95078916021441,0,12.1165897498178,0,0,0
8,1,398,1,0,9.48281891168599,7.00162763466042,0,0,8.20684734133791,0,0
8,1,399,1,11.806357382303,14.5079853579888,12.1895626426501,13.1280384679158,13.6524145215734,20.7278797996661,8.63777062926953,0
8,1,400,1,27.9378536785819,26.1249707936758,24.5788655865514,22.4867500986123,23.2161901151887,22.219896540277,19.3471806503188,0
8,1,401,1,1.00278456278081,1.03771555785077,1.04597482759741,1.0608654708936,0.995326107043956,1.08022006442811,1.17197082527306,0.954376390565414
8,1,402,1,1.22589930505846,1.20572689064653,1.25197973262406,1.14481254613254,1.16619007672254,1.19664222975304,1.20699925356218,1.02288195401259
8,1,403,1,1.61598370545171,1.60687781588752,1.5831287742931,1.56196511966355,1.57189028726925,1.57903318552973,1.40419747922074,1.02054476913617
8,1,404,1,2.68578024256907,2.74587060344255,2.74282568555458,2.66870985268304,2.67424214252611,2.67092395233747,2.3183710080098,0.99593132888736
8,1,405,1,5.93682321249998,6.22561048063536,6.2619069528721,6.18448192143862,5.69650487386171,5.36503151224407,4.13935837048638,0.977181815732093
8,1,406,1,104.277599101251,62.7515032493296,38.390248993119,26.0259980030437,17.7006448526598,11.7189038377245,7.41737537180817,0.976157183132143
8,1,407,1,1060.42772256341,439.945295778611,155.833098255585,80.7394039923442,41.3422836009041,22.919923004957,11.485391705324,1.01605607666459
8,1,408,1,5307.19160839161,1362.95575121768,513.571439228592,187.254306100215,75.6418890469576,37.1204762989771,16.9051492282053,0.924065482803634
8,1,409,1,25957.5324675325,6991.9739010989,1326.44196393275,343.516380083441,118.40434343194,51.1718911778185,21.0969646043147,0.968095917057488
8,1,410,1,NaN,29144.0625,2837.02598091198,632.404065853819,174.475267767754,66.5475848594994,26.6182574176776,1.02920038517629
8,1,411,1,0.929502764676194,1.06267915995642,1.08018891650853,0.983341544681778,1.00231868303429,0.973476996860692,1.12334324977566,1.04911049036903
8,1,412,1,1.15830036806601,1.02839544169472,1.08242873912489,1.09080861541661,0.991425320739644,1.02642599481977,1.18412411956681,1.04327316549019
8,1,413,1,1.50249488894963,1.40420557152049,1.35958952863162,1.42532289628886,1.39764125672659,1.41989735772358,1.36244993066765,0.947459376523001
8,1,414,1,2.28354972605635,2.2948996429859,2.28633132476837,2.27045578599564,2.34782140785169,2.19838246592335,1.83216340304952,0.90611392093608
8,1,415,1,4.20430981069524,4.30435926042921,4.31162369240439,4.28082445600733,4.32289050373779,4.11881983406399,3.23333538423918,1.02541395084323
8,1,416,1,26.9819749543771,22.005736035842,17.6040996168256,14.466713227759,11.4351551377255,9.00108360180016,6.17067497843689,1.09272535080203
8,1,417,1,327.608428614829,162.316628498285,88.5087822653722,52.8300641267446,31.697354382123,20.2494962075041,10.7113977674473,0.974661400630033
8,1,418,1,2620.99029330196,708.705141641427,284.003361475922,121.117402277911,64.5585119741687,36.1658581297907,16.6481462602372,0.954083660421253
8,1,419,1,22533.1578947368,2814.68571428571,849.684444444444,255.824404692737,111.507319575793,52.0555174019079,23.5895537058903,0.978738643927347
8,1,420,1,188770.833333333,7842.50512295082,2013.24091330747,545.070139146537,181.104197587736,77.2395053599237,31.3222789362344,1.07388291029796
8,1,421,1,0.948988783704648,0.93482312093475,0.854627868628465,1.03045461641176,1.04012989698474,0.947284254837727,1.07918826584098,0.964118155293692
8,1,422,1,1.08607451625761,1.08296475914296,1.07461249632949,1.15642601560555,1.0910368679037,1.03982033836298,1.02310531808062,1.04511793290438
8,1,423,1,1.24678256217123,1.19063879231609,1.18322612657991,1.16716190922629,1.22773068850805,1.3338513722603,1.25986313298359,0.946323092724072
8,1,424,1,1.80332294070315,1.75898370319141,1.76739265890424,1.76849868355383,1.74674810456539,1.72239820765507,1.73920664145174,0.88715106279748
8,1,425,1,3.33099476061674,3.35992494881651,3.29877323878341,3.32794739564873,3.27179284100337,3.08452449771601,2.64633156374373,0.910156586141219
8,1,426,1,9.05718369663503,8.8781971683312,8.65956723117436,7.95662037099539,7.23593054690759,6.35238009438649,4.77748764210037,0.980274114853876
8,1,427,1,121.905236993658,72.4607162769045,47.563865285876,30.503808175522,21.9321498655374,14.8895404556825,9.00982938090322,0.919636677897397
8,1,428,1,818.67880992724,349.168580598783,181.804909711795,93.304638702916,52.1197334609976,29.4503423500618,15.4268466813682,1.06253622685
8,1,429,1,5881.27519480519,1554.50844444444,573.847816846068,213.968931537758,96.0037824717103,51.456139427042,24.2653317646778,1.05940956714645
8,1,430,1,18483.6275,4562.81386861314,1535.21539374417,433.135471418851,169.640007174962,79.902360469218,33.6805148404215,1.02190965987582
8,1,431,1,0.94650409741774,0.97679042728291,0.932678002667016,1.03520165261714,1.09806649425214,1.12736258457781,1.00165877318455,1.09351767990471
8,1,432,1,1.11667168269257,1.02718944856468,1.20089838315679,1.12295860003136,0.905149676968988,0.989767068273092,0.99351668790182,1.08526338467337
8,1,433,1,1.16486782670981,0.992845639493988,1.21404963048163,1.1985309645655,1.13757231025539,1.1390264583887,1.02335488481019,0.933300586813997
8,1,434,1,1.43152016160155,1.34844883158743,1.44989183273718,1.46345422538945,1.58414564927971,1.52792998549997,1.41545090535964,1.00482022269306
8,1,435,1,2.49615238780267,2.63503255944468,2.50400827691831,2.48005864381263,2.45756512284691,2.49083564219029,1.96791468316221,0.993356631259847
8,1,436,1,5.2083699112822,5.09811618465241,5.20407519170986,5.08113032535299,4.96796816520019,4.6567565416412,3.73421269015338,0.97781766475905
8,1,437,1,34.6132831691909,26.3492296030116,21.1156540652021,16.6031138225752,13.4480638538677,10.0892838148792,7.17317536424763,0.903349929245772
8,1,438,1,352.128694729913,171.963570391055,95.3024098171726,61.1156778839927,35.8428475094319,23.4053627762979,12.8877762999557,0.942060238274036
8,1,439,1,2264.29847619048,774.960454987179,303.460407458725,146.284891080752,79.827850617193,44.4751381058073,22.2950378171017,1.05345643684772
8,1,440,1,12719.9322493225,2752.68321710832,823.396161075355,322.654979808066,159.233741920416,77.6447078060107,35.9705892920962,0.988006059232577
8,1,441,1,1.07801776535703,0.849703930349502,1.05828372383907,0.831466310689136,1.0506841097971,1.09164072277783,0.93809816896589,1.12796167766096
8,1,442,1,0.909707963033772,1.02866696602728,0.881753338755753,1.05088273116131,1.06803313343258,0.884283460378792,0.949523962543915,1.0621867745145
8,1,443,1,1.05892842163218,1.1220967240914,1.06755729308029,1.17920426789204,0.971233016961869,1.21844778641,0.872989678309518,1.04120376580905
8,1,444,1,1.12667695315784,1.2960343243198,1.25951149517656,1.36119568520985,1.3525740078391,1.21689162881246,1.17909192720919,0.930062506248963
8,1,445,1,2.10385618113246,1.96241256750522,1.97378213016598,2.05457650255251,1.86106273479958,1.63932097403451,1.75325725400217,0.922519647607987
8,1,446,1,3.87186914947905,3.91665519234433,3.72283128250196,3.67106266294187,3.78687357925434,3.54611160641392,3.09880629466926,1.05547818994058
8,1,447,1,10.1784711870817,9.61408910109356,9.1167473852695,8.54684649956011,8.34691156783859,7.28774326375435,5.44751176489292,0.92061483408448
8,1,448,1,109.646723867753,68.4353953268249,48.0692212919318,33.4068551606528,23.4238715406606,16.1988356110803,10.3650113951689,0.868585298853841
8,1,449,1,908.336282901088,366.039452343339,179.830299822156,99.2701615629637,61.0410900970284,36.2678595807253,19.0303769711322,0.921469575566515
8,1,450,1,4565.75691961005,1418.41989916622,596.205088018456,256.537995509647,127.983635757531,68.7418124076619,31.9400113527429,0.990368963646229
8,1,451,1,0.925870124145012,1.09387036102479,0.837481264469174,0.985817014478996,0.999478079331942,0.896333594584003,0.746633889258146,1.11277014453189
8,1,452,1,0.927628277905463,0.950544322427069,1.17872697487402,1.00558687526672,1.00998129401408,0.726590226099746,0.828190109187252,1.22203455234408
8,1,453,1,1.06019272166178,1.12991952181896,1.12992223950983,0.675212016801427,1.12654992364866,0.944018800842526,1.16988992369602,1.17216923385736
8,1,454,1,1.14925687056139,0.983316243200636,1.25482243779547,1.32685996870587,1.19639226443799,1.34732242026514,0.956051533678861,0.975659345188461
8,1,455,1,1.53012216315781,1.51563080420145,1.31102506822814,1.46269575571887,1.46355510773849,1.70743347255545,1.40057162460711,1.12063662977767
8,1,456,1,2.81840391384942,2.66445603748001,2.78424465191327,2.95941367899719,2.71835808970173,2.72913808679221,2.24807383170273,0.753676247807006
8,1,457,1,5.82511422504317,5.89898356733423,5.78151449593643,5.88360287572056,5.69089085606369,5.42324034480418,4.2572335587528,1.01882483793797
8,1,458,1,28.5927286037097,23.8011394407313,19.6166887368686,16.2969210193639,13.6415074581365,11.3457302854043,8.35283966196232,0.837192828134171
8,1,459,1,288.187176863553,158.49083487291,92.6662604057728,61.8852800774964,40.6029620002075,26.2771927889944,14.7978169341649,0.817684047476546
8,1,460,1,1982.62965226305,776.91084098828,324.116601908623,162.879277814849,91.1806642203987,54.1394354112455,27.1796571623504,0.791979113251318
8,1,461,1,0.496999787420467,0.686995666224104,0.971787751053806,1.01915555177626,0.889535358916998,0.497739602744233,1.12590621343807,1.25191058219721
8,1,462,1,0.775132450907342,1.00704523056008,1.14999002147297,1.04541341341341,0.627654090124591,0.94251152850115,1.27063833253012,0.968653754152441
8,1,463,1,0.853750517125003,1.25473108952858,1.05388663111819,0.893685414985054,0.704074844074844,1.13816225893335,1.19567527881598,0.98724017183899
8,1,464,1,0.933193316859276,0.967947831963165,0.947681649622563,1.34893063241161,1.37378713233798,1.28349589592871,1.41832457086009,1.20177365570745
8,1,465,1,1.08689375396392,1.103274713234,1.38098468047175,1.12155941258071,1.20053831997975,1.46388060045723,1.05094125184824,1.15909604033845
8,1,466,1,1.68336431141672,2.06545549753815,2.05701399800616,2.2169341688188,2.1674453160558,1.90266402473061,2.08849679191955,0.805736491487787
8,1,467,1,4.27408028451978,4.31728140559003,3.64392876352863,4.42207577322245,3.89099026613821,4.17036342289707,3.15046573298891,1.01315348910585
8,1,468,1,9.02431242953539,9.01908506265758,9.22031256537369,8.94589207969564,8.65067747052191,7.8388553948398,6.45665471735957,0.528586123727824
8,1,469,1,79.9684909520654,57.4524347343869,41.1154601566414,30.3836144847518,22.7451175995551,17.0282136888931,12.2722765870362,0.868082957476619
8,1,470,1,576.418915188738,294.681895693967,180.373670872425,104.768385371669,63.5695540039951,39.637292455434,22.9516412586913,0.979927893788076
8,1,471,1,0.82863739212522,0.867668149790789,1.15529281251825,0.194099875425466,0.816012104521055,0.870194299251394,0.944973014280938,1.08456405986371
8,1,472,1,0.917097341854219,0.388701186453995,1.56817137879148,1.05088389870999,1.73971573559456,1.1322167942842,1.18707435385766,1.96659673163157
8,1,473,1,0.856390175117666,1.08314996711991,1.02422793508859,1.01691719279208,1.2034100306465,1.03696555741705,0.984532338308458,0.399571976579851
8,1,474,1,0.934233702453191,1.11343327823919,0.928674166248876,1.20440234986733,0.882610985166277,0.981126818104293,0.899998179965055,0.402129399633248
8,1,475,1,1.54257002751986,1.95539949059077,1.01441602281938,1.46375300906463,1.15215559729327,1.42997013198859,1.02024095142275,1.1660112745772
8,1,476,1,1.08747504076446,1.18319619026819,1.36351961555988,0.835916404973718,0.814212148740227,1.02669024339505,0.8873175868813,0.390425850952167
8,1,477,1,3.22866506252669,3.37245186205225,3.0680178880554,3.75279811548991,2.51832628509525,2.74075676561572,3.07216617430485,0.80465604636531
8,1,478,1,6.67333584044664,6.97380024627524,7.01365018544339,7.16383001437912,6.3916313305132,6.20563304581304,5.1433491775077,1.10753871832391
8,1,479,1,20.2723435970968,17.8011405609381,16.5121770740283,15.1474752414717,14.4574738147134,12.9413665151003,10.5155322580954,0.982789549173
8,1,480,1,184.7131533607,121.272310184067,81.5401338194239,57.1899952757258,39.5928888086107,27.2138067396732,19.6842672100187,0.974011207107023
8,1,481,1,1.23226133887899,2.76544924316067,1.13665848227031,0,0,3.45015945277656,0,2.47014305033436
8,1,482,1,0,0,1.17324375294672,0,0,0,0,0
8,1,483,1,1.15738372093023,2.72997093660891,2.18305255769062,0,3.13851976450799,2.21047663468372,1.25290726943214,1.39375573021283
8,1,484,1,1.28566724134591,1.12706663042986,0,0,1.10608468548566,1.12739217851783,1.05090607641456,1.02834127336799
8,1,485,1,0.904734621121176,0,1.03769128496572,3.54801934318711,1.90554853290431,1.06198510265932,0,2.52110161443495
8,1,486,1,0,0,1.90138745556702,1.83247987621802,0.924526636154543,0.885604782529345,2.73786982248521,1.12739217851783
8,1,487,1,1.96448441128514,1.26532184142181,0,4.27887108748749,1.64627154220062,1.97362830101264,1.37713593073593,0
8,1,488,1,5.90398832920739,5.42057534246575,4.37121478484242,6.9419518299913,7.16508978392597,4.89867754294896,3.22818830149708,0
8,1,489,1,11.0882959671052,11.160937013722,11.4713870175013,12.3467656574533,11.4617449654951,12.4294038940165,11.029830925698,0
8,1,490,1,51.3753134551343,41.4768467371161,34.0517624216588,26.9286097384838,24.1170047944958,21.1886714089362,15.4804970196429,0
8,1,491,1,0,0,0,0,0,0,0,7.84701580561453
8,1,492,1,0,0,0,0,0,0,0,0
8,1,493,1,0,0,9.45386947049351,0,0,0,0,0
8,1,494,1,0,0,0,0,11.3017436594203,8.8286889596603,0,0
8,1,495,1,0,0,0,0,0,0,0,0
8,1,496,1,0,0,0,0,0,0,0,9.6268145647456
8,1,497,1,0,0,0,0,0,0,7.12070934132591,0
8,1,498,1,0,0,0,0,0,0,0,0
8,1,499,1,11.9851144045762,7.72584724329793,13.954826471828,12.7562766267873,13.6043130741485,13.8518673210121,9.01223175189086,0
8,1,500,1,17.9722252567259,18.6655318267661,18.3326032052817,19.1823283072352,18.3158461810466,22.488520723951,10.8453936592291,0
8,1,501,1,1.1117671345925,0.987282765173162,1.01420982696997,1.07324729767316,1.02642181473479,1.06916858217483,1.0175277747102,1.07893483420782
8,1,502,1,1.16866485898664,1.20188453800619,1.07425625673706,1.1477035927958,1.17032079758063,1.25459409064068,1.07947834672277,0.952132066734598
8,1,503,1,1.57737613765404,1.50323840854985,1.53578491137844,1.56261814236144,1.52408658840474,1.56783980989623,1.44265131763984,0.926445470074043
8,1,504,1,2.36467922962472,2.44345460978878,2.44145724636685,2.49748609581132,2.51830198403127,2.39358503447346,2.20711103937371,0.945978635494361
8,1,505,1,4.84099362047916,5.03780336895725,5.18427207195129,5.35032475471815,4.97267059558608,4.60765855928785,3.70529495507752,1.04901968371118
8,1,506,1,53.2470946977312,38.8112433450472,27.9692353108391,20.2745251446315,15.093674369098,10.8007658463411,6.5193344364523,0.981899994606335
8,1,507,1,716.601909119436,277.699610848207,123.716953206221,62.8421614950943,36.7221319953743,21.1080218766007,10.7259343029431,0.987993002077914
8,1,508,1,3668.90567578604,1278.56929945055,342.998073980691,143.606629756485,65.7636126194198,33.7495066915581,15.8857160528046,1.01660854438972
8,1,509,1,150644.092307692,3949.30693069307,973.687383255043,273.711790943139,111.347163719032,49.7198901429021,20.433199546178,1.00755850648568
8,1,510,1,159908.8,14992.430020284,2788.54047110297,479.52562297951,169.199502964726,65.7414930319629,25.7320124922478,1.00758358129687
8,1,511,1,1.01664681912063,1.15375269851612,0.978667462743674,1.06208748196758,1.04925910680577,1.01571126093236,0.919458585762065,1.00035226585866
8,1,512,1,1.11241159752648,1.01755683122334,1.05866622815894,1.17024456993635,1.11033395516768,1.20219518943852,1.11166492507411,1.09442433669453
8,1,513,1,1.30855475116021,1.42598537047314,1.34875829758552,1.2992616335121,1.25858310606233,1.19799241901521,1.25905601988685,1.04553968673095
8,1,514,1,2.12135791504326,1.94046587259795,2.00627170624877,2.03587699743076,2.02961497835629,1.91880924724101,1.84915070712351,1.04622235192737
8,1,515,1,3.67967732412808,3.87153979765867,3.76782811547676,3.79374574276746,3.84383627476883,3.56443725427491,2.88795099626163,0.925256835052757
8,1,516,1,15.8267516155321,14.6537470759138,12.5609801712249,11.0568792971909,9.46144914272768,7.67600854889595,5.42045039731162,0.962620347036316
8,1,517,1,234.187013350843,118.231659250527,65.9259723656671,41.5349326491076,26.2036124336148,16.5771620420934,9.52879060621864,0.963473335064109
8,1,518,1,1269.98722860792,496.988286923879,230.462524233562,108.294213110767,55.4601426890348,30.9531295324342,15.2765432876375,1.04139630780924
8,1,519,1,9613.63656030287,2312.00899775585,622.157675060366,222.349276591156,99.9004217280726,48.5132094756838,21.8514878968066,0.89885247242753
8,1,520,1,31795.4318181818,10837.0830850712,1401.07944196059,400.894196647861,169.164885976374,69.8051014840942,29.1946624000831,0.977858975259844
8,1,521,1,1.03865005763281,1.0924214851884,1.06904133493265,0.947629279848273,0.925671134624877,1.03999684888469,1.01006109001737,0.985808622780442
8,1,522,1,0.981706287167985,1.06569742979373,1.04971227812643,1.14558179574574,1.05226121735983,1.12278580228975,1.10140132094073,1.00862947735686
8,1,523,1,1.24147801430132,1.10109583316092,1.13308985555385,1.20145600112698,1.08822759915125,1.13460872066389,1.20194456981159,0.926844791082583
8,1,524,1,1.73520202379797,1.65829251738293,1.66399663040724,1.64794162328233,1.55552313017061,1.55415614702315,1.61522416264843,1.12333384801202
8,1,525,1,2.97995039914498,2.92176277479335,3.06793318600537,3.01373439479084,2.91527777618868,2.71382177416706,2.33859014144808,1.02337538123547
8,1,526,1,6.79641993390415,6.84771846487267,6.68762223689177,6.51699308600142,6.25538955964649,5.50018124290729,4.19909018618826,1.12234512530912
8,1,527,1,76.7050876691931,47.9733764753497,33.6487968764061,23.58741305569,17.5701271190224,12.3477151203646,7.92797198483766,0.891949706313052
8,1,528,1,635.456509119957,286.051294133457,130.580279945796,73.2708493265472,42.6080740097214,25.701817354414,13.7108214935867,0.942406024251305
8,1,529,1,3307.86591437106,1031.34931100276,391.758519779693,172.062228851867,86.7781710545103,47.2149906967355,22.2058025811965,0.997440294241905
8,1,530,1,19909.7412587413,3942.0674681172,1035.19729549443,363.342208200045,151.82210440398,70.0787443765628,31.3225169113591,1.04295506595867
8,1,531,1,0.856690554701921,0.971384549607467,0.980790600519087,1.0547503065467,1.05152841135267,0.856710387539186,1.13216067257307,1.19076668701568
8,1,532,1,1.04188231804695,1.01347681054639,1.16727087777951,1.06762220895434,0.963843605026331,0.955786678729102,1.03398887622139,1.0880269962787
8,1,533,1,1.07893983763947,1.0170893149537,0.976066397052471,1.0690817191433,1.06681260539895,1.08636508607421,1.06230150450669,1.02649408716196
8,1,534,1,1.4598812478538,1.39924632259368,1.37361043981392,1.34487149871765,1.38725047137508,1.32519406849721,1.36434512676448,0.980253726901758
8,1,535,1,2.14597768919358,2.26452217670066,2.36156128277798,2.22078740110615,2.29969988572265,2.07484796028148,1.9596909579586,1.08653621462333
8,1,536,1,4.54788336265508,4.48885303146279,4.44773133890753,4.4809218938629,4.31781398494053,3.97666609271785,3.41227903416332,0.976344631101175
8,1,537,1,20.0921950572857,17.4521856903971,14.7572475641428,12.6293463019784,10.8282184188611,8.72320810276835,6.42493390516928,1.03121770832523
8,1,538,1,225.578336786163,118.901330352805,71.3385303945842,45.0843360492307,30.3537588745333,19.2101643984815,11.182074097236,0.957949993031587
8,1,539,1,1750.30278812097,600.491050970524,259.785293656249,126.982844175558,66.0143553765939,38.6513707692878,20.4517448144912,0.944832134213341
8,1,540,1,8796.28474576271,2059.18254824404,746.15519556186,296.05407961223,134.653855024688,69.8647893583566,30.8682539622734,0.982899171277146
8,1,541,1,1.07617378254905,1.00046829840144,1.01982761718225,1.12003852526729,0.794789142940578,0.915789817382355,0.891659644908948,1.22448481434013
8,1,542,1,0.848987348012567,1.03892628007917,0.952063083398944,1.03746470378595,1.1629504807693,0.976501700037779,0.984926858590721,0.956746713870466
8,1,543,1,1.09706253680395,1.02797576722143,0.866848853894502,1.15720780953984,1.08766702166153,1.03629497596867,1.03109040551509,1.11429611891082
8,1,544,1,1.1448827470446,1.2493378040786,1.28951758662023,1.31003133052649,1.10289147470448,1.06009703073448,1.2295664906134,0.871489996137505
8,1,545,1,1.66471412051509,1.71648567008281,1.79032657273592,1.56725952336984,1.56716315328782,1.60212564255851,1.54609383020224,0.946601554713973
8,1,546,1,3.28748479857424,3.11046290784898,3.29618324347555,3.351298355633,2.97131995311579,2.92821728536426,2.66073364880798,0.974204210916015
8,1,547,1,7.22766396236538,7.21261538337251,7.12700144241191,6.95779921437461,6.70191376379973,6.05894663069431,4.97279903156321,1.02444530296821
8,1,548,1,68.0946984299499,48.7796985933545,34.1867020571883,24.3254319462095,18.3737871749983,13.4255608113239,8.96688098354702,1.0084143743111
8,1,549,1,599.053785552325,248.380066484359,135.45279203829,78.8539662687654,48.4006874751454,29.8805356444106,16.3092940876738,0.902710450376663
8,1,550,1,3771.34895544193,1041.95489994559,428.313305652115,202.894587786303,106.8164435117,57.5824521055282,28.0372863422849,0.995440091748328
8,1,551,1,0.720777362604199,0.959845717769681,1.21055583025765,0.883930531167691,1.09051571787153,0.946667240119641,1.08488946698618,0.930049609857947
8,1,552,1,0.8980658392157,1.06457179838731,0.935644422134038,1.14194919638291,1.13097744770363,0.965484769100779,1.24635981694629,1.08076188592138
8,1,553,1,1.00848077914124,0.985752246420627,1.09146473258766,0.794546494659938,1.18836820885958,1.11443338305179,1.21362763770482,0.876654853782267
8,1,554,1,1.05049368196568,1.18098991542357,1.25791926060614,0.903012676994128,0.867417142941238,1.03778730342941,0.938304378706873,0.945094420505027
8,1,555,1,1.37091070668284,1.22903928882065,1.57315988358447,1.22693497899728,1.61030614095256,1.50858720356378,1.23886403733061,0.89930490936837
8,1,556,1,2.48854623615521,2.44642708917903,2.42933722697787,2.02506369884065,2.32717954396693,2.26194811982379,2.1630575120911,1.09214088299777
8,1,557,1,5.18833174653957,4.994929481033,4.91650314827566,4.94533254038635,4.83688588475032,4.64240905707712,3.71440036939153,1.13621298705466
8,1,558,1,16.6456286854114,15.322501204609,13.4725381775878,12.0106746096081,10.5745035376061,9.42640072625523,7.11433609387158,0.839994763941007
8,1,559,1,164.42413392702,102.19267388852,67.0585310708831,46.1203712337815,31.6335237875341,20.8054421295659,12.932746603073,1.00979883353761
8,1,560,1,1215.48338658471,486.26441019702,242.281387045395,130.084317837571,79.8615765060857,46.2209764915473,24.4007545620001,1.04781413908727
8,1,561,1,0.594706528756195,1.05689820184696,0.759301051352436,1.21560054646238,1.00349062071069,0.815557405819279,1.23429629547985,1.38842093038892
8,1,562,1,0.811662097406783,1.81531271925428,0.742314081403139,1.26378010119707,1.21273984579528,0.644884061758105,0.861018171266273,0.784807738860612
8,1,563,1,0.896363595694797,0.787480287107265,1.08671767320613,0.469741951038709,1.27023724077558,0.849652629500549,0.911154373151633,1.18189586973241
8,1,564,1,1.08257014368923,0.906375106220898,1.05086647966333,0.640187237911426,1.19106897202185,0.818862479420635,1.0567943143483,0.743693168608668
8,1,565,1,1.11828966856627,1.29286528186459,1.00220057310996,0.974263771424015,0.842763884052639,1.39802858812902,1.21363563599382,0.97623473181094
8,1,566,1,1.50010762242965,1.7042984479627,1.60553830260886,2.02984432628074,1.80888854489164,1.62641063156171,1.64077474891449,0.632525377680548
8,1,567,1,3.70668448727644,3.7596303947032,3.56293515128166,4.09865397531705,3.38295744975296,3.33035997611809,3.28667985127868,0.968812462167538
8,1,568,1,7.65875250137129,7.90488192956509,7.63662269268476,7.61565000073949,7.52711122331622,7.24944921669389,5.34828834584465,1.05272953361512
8,1,569,1,47.0505899031364,35.8521524511705,27.4717241952624,22.0968103831547,17.7792824743328,14.4558386490793,11.5907600811008,0.799545683609973
8,1,570,1,408.800803725843,208.961485173343,124.621516056474,78.7870915901421,51.0806580969366,33.1642835103412,20.2033616856835,0.929825512544409
8,1,571,1,0.430094912853534,1.1766448907106,1.55843173931235,0.851319651246546,0.209311399279298,1.21671516393443,0.845077096460222,1.38748497596154
8,1,572,1,0.39110296827952,1.04557535959975,1.17307652406401,0.229729604324475,2.36073391511735,0.874858328307164,0.607079977179174,0.423268612773491
8,1,573,1,0.417558866183256,1.19139461707029,1.37990357221126,0.396952766068834,1.25193770258518,1.71597843422786,0.946833090225535,0.831505324399823
8,1,574,1,1.05892837274587,0.912763012181617,1.83971594289114,0.3715298481185,1.15579353180553,1.85933464414477,1.10605548085175,1.0867491332881
8,1,575,1,1.38631914517002,0.684212620561394,0.686330194908585,0.545713867960704,1.16588828347974,0.978766025641026,0.351120508600656,2.25077662961502
8,1,576,1,1.11092549469587,0.981923689320113,1.65524347236067,1.72542483396521,1.11206265554092,1.48885844666281,1.81106202244384,1.03358335213174
8,1,577,1,2.74548452613357,2.39041095890411,4.00833776711258,2.39215730390672,2.2322985382993,2.12585970481219,2.13110235582146,1.49127411764579
8,1,578,1,5.68377059725127,5.51262930989834,6.32026961510434,5.79501145417346,5.69093655589124,4.79910135549019,4.51699698062684,0.658870729797302
8,1,579,1,13.6604390727571,13.1282491828402,12.8710012969816,12.3005586375542,11.9703132992023,10.969987353951,8.93300850460666,0.583809156656839
8,1,580,1,111.275701785043,77.9477256310684,57.6669974929515,41.712143693266,30.79243017526,23.7573505006466,16.2536953836878,1.04766874808803
8,1,581,1,2.20576127126955,0,0,0,2.29510578197959,0,1.07205067300079,1.24224443446142
8,1,582,1,0,2.56103929513152,4.84170846633227,1.22699987674103,0,0,2.48188730989778,5.04036555573839
8,1,583,1,1.40283178360101,0,0,0,2.52817299328927,2.52714614813452,0,3.67051167021054
8,1,584,1,1.10744408590186,0,1.12868839445692,0,2.13975789632114,1.26650509830862,0,2.33323956868261
8,1,585,1,0,1.10671196165864,1.15201388888889,1.92349108765418,0,0,0,1.12921488540958
8,1,586,1,1.88245255529697,0,0.994150118646185,0.991771946873988,0.92190432063014,0.879962669403064,0.980478912100907,1.1205780359837
8,1,587,1,2.57703451628585,1.30094596761263,1.42481154518616,2.06255446284078,1.35692055692056,0.747309403559404,0,0
8,1,588,1,5.59353558655838,4.41052961002705,4.92639477247599,4.07431682761455,4.44554570895522,3.49954488364545,3.76513413593706,0
8,1,589,1,10.3421296279477,9.81694950122594,9.33496680687174,11.0386125703764,9.75068400176517,10.5852898851832,7.88543074843308,1.18191263254135
8,1,590,1,31.7377032820191,26.6029008248988,23.7588615003403,20.9507912964818,19.0531958351299,17.8843690898541,15.7985948713306,1.29592314901593
8,1,591,1,9.68129789504317,0,12.8599033816425,0,0,0,0,0
8,1,592,1,0,0,0,0,13.4150372908688,0,0,0
8,1,593,1,0,0,19.8660429936306,0,0,0,0,0
8,1,594,1,0,0,0,0,0,0,0,0
8,1,595,1,0,0,0,0,10.3324016563147,0,0,14.3767281105991
8,1,596,1,9.26738787259727,0,0,0,0,0,0,0
8,1,597,1,0,0,16.4891771315268,7.82014811331844,0,0,0,9.09684623097256
8,1,598,1,0,4.70490566037736,4.40291358569694,0,4.06540703599527,9.13804713804714,10.1841803006713,0
8,1,599,1,10.3750390991555,6.655006832494,10.4053875104544,5.95357864892993,3.24901379329107,12.1259056316591,9.82584048111998,0
8,1,600,1,15.9492132903851,16.6636881886631,18.1337703658529,17.7140250848852,16.6882900317042,16.5043061768106,13.8811330626074,0
8,1,601,1,1.0438428607589,0.963592541688034,1.02320708583428,1.02438919868627,1.08062369288734,0.997994069506737,0.935744044028297,0.949483421377391
8,1,602,1,1.08037818328474,1.10551923873504,1.16356405075334,1.17607147911576,1.17263424526537,1.18701393397398,1.16092818003916,0.994058604134941
8,1,603,1,1.37027168191292,1.34101403572373,1.43304450263982,1.46380293523565,1.38944023552911,1.42738448578818,1.40171187989746,1.04727033075952
8,1,604,1,2.3072234212072,2.28727488805284,2.26673870895862,2.29084819198965,2.2642149446354,2.24764063103947,1.96880030757034,0.92790677814989
8,1,605,1,4.16964860129051,4.38301810165505,4.5121105330995,4.46342633639909,4.39681950512372,4.08712531797407,3.36419112250641,0.985856299689247
8,1,606,1,34.3462511155795,26.8374087631479,20.3364947661685,16.3604682118255,12.3500352465538,9.28005467452245,5.855849034163,0.969478661449018
8,1,607,1,452.086879109762,196.470264392245,99.4422784060838,53.3169511530537,31.1339364835445,18.9037358291775,9.99358689152865,1.03232617891074
8,1,608,1,2909.14166666667,714.473428874143,296.629145008289,122.028921850909,60.1764364865413,30.6968708768792,14.8029627957974,1.053985475596
8,1,609,1,16432.9437229437,3910.77163120567,950.352904740373,273.120917700792,99.3170154376768,46.2376093259807,19.5346215935644,0.956172091577369
8,1,610,1,58299.5,10648.8723766307,2423.29402834008,476.11436082813,157.090830767611,62.5248716220912,24.2818088174405,0.93780571535516
8,1,611,1,0.971990945007155,0.961559070413296,1.05122753491544,0.943087465293642,0.982991936435637,1.00738791643444,1.01605810915897,0.925234752069878
8,1,612,1,1.13132234232941,1.108860454918,1.12864532269672,1.07733209350359,1.03294295798736,1.13004427350237,0.989307162700113,0.983760230158849
8,1,613,1,1.22916389624502,1.19454560872898,1.30265130606485,1.21947679283745,1.21854430068229,1.3053597106161,1.24176360983861,1.14098851523978
8,1,614,1,1.86922916811212,1.85142261801629,1.85666729751679,1.90570268826693,1.93901681218267,1.90256160970577,1.66292823718774,0.95606693807724
8,1,615,1,3.37512318380471,3.29114108552646,3.34611720187443,3.39713525538555,3.22064131576855,3.19908495833022,2.77088115933991,0.879325235496194
8,1,616,1,11.3865080614029,10.5556720634323,9.80305162057754,8.70999472006448,7.87090617979179,6.58569127252166,4.88101597301329,0.988355370334551
8,1,617,1,144.094523463646,84.7732997327224,50.9626071488943,33.8460190103905,23.0341409023274,14.6842682589498,8.89869831147772,1.01062088254988
8,1,618,1,1428.02916429943,456.325980972346,195.656480130061,90.5976117374521,50.0535933349132,28.2114816252827,13.5530929971172,1.01233676153417
8,1,619,1,7201.37085137085,1566.37372542392,513.894176990491,190.621867937889,91.4074057246191,45.6656815740652,20.9426115463833,1.0627153388188
8,1,620,1,35686.6071428571,5791.02544757033,1245.43563673169,389.419901189065,149.272162057406,66.8078755446595,27.9664152158302,0.928801155919683
8,1,621,1,0.995220746598942,0.971242264822153,0.929201480097848,0.947806279007213,0.981660867247565,1.06770829392481,0.966594789653398,0.939133885883064
8,1,622,1,1.05469368862306,1.04255871087849,1.01909690593602,1.07717554317637,1.00596829392526,1.04781814024106,0.942575163895267,0.952360375931727
8,1,623,1,1.17978035879643,1.06210942997026,1.28044631696801,1.1657390696199,1.09273018671645,1.08281078181228,1.16614470069979,0.94401789803966
8,1,624,1,1.54887461239489,1.57101510029905,1.57992612892014,1.55695885158839,1.4616652952758,1.47559412107554,1.42363210112237,0.933506652621878
8,1,625,1,2.60642059508106,2.61549294495955,2.66387831208536,2.65591741483053,2.68269063971095,2.41876045475731,2.311066365,0.978088324594802
8,1,626,1,5.68280255547155,5.64017972146046,5.52229131319967,5.54989879358559,5.3859827026134,4.80764920269494,4.02870844276831,1.07269903259773
8,1,627,1,46.5718231426663,33.2880105554576,25.107880960452,19.4326355441651,14.5672483335606,10.8693948477888,7.14957901387887,1.05909784832318
8,1,628,1,429.887049286118,200.08622585678,103.661195896429,60.801502895569,37.3132369740678,22.9817790772454,12.5774731835763,1.10149770177748
8,1,629,1,2526.01268498943,831.495601004169,333.688978553641,155.532958728917,74.4668759951417,40.9665342545119,19.4403731321894,1.07447164803677
8,1,630,1,14992.379476584,4035.83165811235,841.128325158649,315.955264066998,134.887197749462,63.9577600671393,29.2434884311959,0.984582670107458
8,1,631,1,0.962422817541899,1.08303448870819,1.01092392430807,0.959248327036564,0.967532602613476,1.04938158424746,1.05656433160607,0.942884934595924
8,1,632,1,1.07329769775709,0.977144767666884,0.995849430130984,0.850801102371562,1.30516945702684,1.01670009668603,1.21605124681323,0.939780989747369
8,1,633,1,1.00693929831734,1.17728508654778,1.15362569965735,1.00493122762898,1.13408402233086,0.895729149046827,1.03106844021772,1.04730644135518
8,1,634,1,1.2124850203897,1.22887510363684,1.25739276987065,1.18376474284246,1.26292945636641,1.37734696848525,1.21831075614593,1.13837881613892
8,1,635,1,2.00057939190225,1.9045614591977,2.11066585525624,1.91819078224741,2.000702365753,1.99101408434453,1.83018373449918,0.998034492654521
8,1,636,1,3.98532747330661,4.01190177698862,4.04056772034754,3.96174037103421,3.95411818833613,3.68344111682606,2.87227727168961,1.06033494001337
8,1,637,1,13.4616662475027,12.5052190052253,10.8176044699596,9.97681454030931,8.64817516403091,7.33495537069082,5.48358849212289,0.972518631898101
8,1,638,1,148.227370413512,85.434236647213,55.9172661703514,36.8600509775172,25.3152081080651,16.5402900899668,10.053394264881,0.98183863790181
8,1,639,1,1010.19625788158,390.53456122095,197.144147688312,104.034096903279,61.6977893440524,35.7433859385765,18.0750834710245,0.987023048480528
8,1,640,1,6724.1797752809,1620.89736150374,601.267192855422,234.531038100497,118.351352268647,63.9712552192048,28.7400258548447,0.961958482329658
8,1,641,1,0.913187758613626,0.940573775572185,1.12408408511094,0.949899101534748,0.89414067513798,0.872549315961296,0.928013054352192,1.20648450892189
8,1,642,1,1.15035915976278,1.03368951979883,0.800794389094429,0.81174522215038,0.912547612569203,0.995203523446464,1.11345076088855,0.996519371834245
8,1,643,1,0.858019534935939,0.96382898420944,0.944180257988784,1.1208722493365,1.16254427432047,1.09824064819403,1.05823361273658,0.969820701093436
8,1,644,1,1.3239457955372,1.13914226328555,1.20362379701098,1.36988991403564,1.27073042564372,1.17229430324463,1.07037095711291,1.06905820609618
8,1,645,1,1.54850037792023,1.55943994513135,1.69149177420241,1.3475889771967,1.64037634040512,1.58362776423431,1.46147947187893,1.20211657363816
8,1,646,1,2.93600678392647,2.67508719109764,2.74814285462675,2.91028349516408,2.72450211458382,2.76233920654496,2.49133625165827,0.845843435486839
8,1,647,1,6.06468856853197,6.07351752053769,5.95107806404366,5.86332902824446,5.66744792316377,5.35037245831736,4.24184666884237,1.09948106377324
8,1,648,1,43.7616065105825,32.2530801161389,24.6854325499338,19.1960630333318,15.0691988751518,11.5487025435803,7.84249861007835,0.961990470923225
8,1,649,1,372.841912526431,196.004592480681,107.691073770047,62.6243438330948,41.8437808463838,26.766825639803,14.7271857948578,0.973311334704569
8,1,650,1,2198.36943311413,791.021866778178,341.7166330248,165.271651640449,95.3537013752682,52.9148139132316,25.9960782895583,0.893315642046292
8,1,651,1,0.955192683813489,0.939166725613638,0.984650630333721,1.07253214882693,1.11006119999665,0.951201122690503,1.03452348379788,0.927566970878374
8,1,652,1,1.10432489780635,1.29734426062092,0.919733317833727,1.25390227960169,1.00560903235145,1.17565103172431,1.00365047449425,0.895925919595241
8,1,653,1,1.03294316528289,1.01533828728162,1.34535244173304,0.860457406652138,0.757630673601193,0.961627169755399,0.644591527796732,0.8743768027481
8,1,654,1,1.37321857612447,0.839262961134467,1.08123730721879,1.21424854921345,0.863864912048773,0.939358456394539,0.954752908175893,1.02493956660623
8,1,655,1,1.24013116448867,1.033712211031,1.2968894329198,1.19260415381117,1.31150446948051,1.05222601865332,1.43676840764716,1.08580253963926
8,1,656,1,1.96094032887269,2.23245458760412,2.00683387067731,2.05354742610774,2.12181216763547,1.87271253493476,1.67785718374902,0.878575667560511
8,1,657,1,4.19676237735017,4.25668643860255,4.35911468907603,3.82402332807314,4.34581040528286,4.02958239238549,3.32007930024867,0.585627804581238
8,1,658,1,11.7405756595472,10.9223833187688,10.5579225314498,9.85465150988654,8.9118753898913,8.12364482841948,6.02435747158736,0.789169567699658
8,1,659,1,116.141707605574,74.3365777304292,49.6032616426818,35.2591794100606,25.2934817998307,17.8914244929669,11.7549884866095,1.33822420690225
8,1,660,1,909.738236864181,373.300903094717,201.011090701978,107.372284868193,65.447101178638,38.3924929236558,21.7007426392242,0.909601582623733
8,1,661,1,0.630622979298364,0.788724625500444,1.00858443107361,0.855338416683743,0.873186719294659,1.51603233502144,0.942021910240748,1.00187259214411
8,1,662,1,1.14972095860727,0.589669172932331,0.717166621358817,1.16254492402946,0.880171349834314,0.651676337846551,1.15198149142317,0.842262979586923
8,1,663,1,0.903685197712318,0.942435387490748,1.11200622680593,1.15336238872972,1.47554999400162,0.962138996913293,0.66877710894607,1.22827307136504
8,1,664,1,0.790044973254847,1.11223895309708,0.998485089792512,1.22283358835837,1.13576902719673,0.949559926698665,0.93996551343199,1.30529047572924
8,1,665,1,1.40408974144773,0.899605005886805,0.901851379193826,1.31845459048827,1.09849975251149,1.58467664365433,0.802737901046569,1.261944141735
8,1,666,1,1.39434446189057,2.014094144271,1.42220469940836,1.47946246997614,1.71141427063607,1.72303239357531,1.25973422810993,0.724061511758933
8,1,667,1,3.13890430034095,2.62121468584201,3.34542748199878,2.72557905519501,3.01076803116447,2.91040684549549,2.59398583937759,0.994922094601697
8,1,668,1,6.70164684698196,6.37110067594343,6.71931277010108,6.28897452995525,6.10507732922636,5.63927624181243,4.99467666166916,1.14855299636855
8,1,669,1,30.2308880454336,25.076536878097,20.585255970593,17.1407254369554,14.7264173175875,12.7209473154232,9.43775564609826,0.844512356839848
8,1,670,1,263.39772734072,153.563177281445,95.8626595731751,63.6817986320671,42.6265912788967,28.0081939785483,17.5281637647797,1.12878365935697
8,1,671,1,0.771144908756102,0.813768661165452,0.868417358960638,0.788510214835793,1.24325863456926,0.855692427385892,1.36736122216497,1.20407387239945
8,1,672,1,0.59976664898856,1.75769778548946,1.56212104136143,1.03369743229806,0.831206623786043,1.40211692691359,1.20322712045768,1.65215685619846
8,1,673,1,1.36005430427795,0.816839620402832,1.04330318554593,0.193036350830093,0.53989453169781,0.604670157046735,0.591382072032227,0.441589056004567
8,1,674,1,0.204088366457866,0.395871215530951,0,0.382281909796284,1.10757516376463,1.27749935417205,0.753260944055678,1.76111503960365
8,1,675,1,0.355753406178335,0.889184110199971,1.22981065199142,1.10182302255245,1.3593250112858,1.26560302001307,0.786848417434316,1.39985145888594
8,1,676,1,1.67920340822625,2.03741713451962,0.744528847892928,1.74374122859925,1.65236991829126,1.3451199984267,1.26656755821554,1.16581892166836
8,1,677,1,2.16384815171074,2.29727333806129,2.12499070378542,2.15178426148548,2.5908523407444,3.58943785043326,1.85059099437148,0.793981945837513
8,1,678,1,4.9388852667577,5.04503878703461,4.22162226631537,4.51997769619772,4.81180708099433,4.44723400055246,4.0669709448802,0.83207156158441
8,1,679,1,10.3410840585952,10.1528068814969,10.151482196798,9.74106437914246,10.6310881434637,10.2943458177039,8.14526720682578,1.18050595356458
8,1,680,1,73.9639966755461,53.4827967242652,40.1159835592799,31.867495972776,25.2324493738027,18.9175816178749,14.1241726733809,0.409920959953941
8,1,681,1,1.07902354931043,2.45027260531919,1.36231477554148,0,0,0,0,1.20476372020406
8,1,682,1,1.32913259686947,0,1.17282903263815,2.30512517659047,0,0,3.43503994754189,0
8,1,683,1,0,1.1518072568,0,2.20957984126103,1.20852758352758,0,1.14077444569883,1.37551632199152
8,1,684,1,0,0,1.28592740893826,0,1.13290800646527,0,1.13392043383157,1.31287417253475
8,1,685,1,1.22663561478415,1.17363800899642,1.13671767930562,0,1.20868166226512,1.00993123747177,1.06697115410388,3.90907008703619
8,1,686,1,2.1280927228792,0,0,1.92666679576306,0,1.05915941165201,0.883338883338883,2.09523107695547
8,1,687,1,3.07481447124304,0,0.759859547771333,2.8887904233373,4.03467455333236,0,2.49271929824561,1.31730374839572
8,1,688,1,4.85594117035439,4.67456390184921,3.91627448078536,2.33926592961033,2.71762128325509,1.65854575531995,3.82550706619504,2.60979605746042
8,1,689,1,8.7328043900313,8.57764999494115,8.45434521865816,7.30583792983655,8.36075037844808,7.67616157661185,4.23130792682927,0
8,1,690,1,20.7971480109408,18.7774273835324,17.8896436573398,17.4960241653438,17.1514891578686,16.4832449064029,13.4660718937504,1.074736228253
8,1,691,1,0,0,0,0,0,0,18.1489361702128,0
8,1,692,1,10.073068577484,0,0,0,0,8.72508305647841,0,0
8,1,693,1,0,0,11.2469295774648,0,0,0,0,0
8,1,694,1,0,0,11.7850649350649,0,0,0,0,0
8,1,695,1,0,0,0,0,0,0,0,0
8,1,696,1,0,9.43777777777778,0,0,0,0,0,0
8,1,697,1,0,0,0,0,0,8.01059602649006,0,14.4493414387031
8,1,698,1,0,5.24805345117845,5.27416199640478,0,4.63379790940767,10.8742335468047,0,0
8,1,699,1,11.1696627413282,1.79302524411646,6.75448411487472,6.13377679231338,9.70635516021863,12.2910070315391,0,0
8,1,700,1,15.3355013185924,14.4393704691545,13.9026533518395,15.5247536827097,15.9672567412592,10.9258830660715,15.7450066389807,0
