3,1,1,1,1,0.0815711351331227,-1
3,1,1,1,2,0.0739642806348178,0
3,1,1,1,3,0.0497887473765928,-4
3,1,2,1,1,0.146734790886777,0
3,1,2,1,2,0.127804436544091,0
3,1,2,1,3,0.0572556614698567,2
3,1,3,1,1,0.289847410678631,0
3,1,3,1,2,0.216537627674928,0
3,1,3,1,3,0.059626362213646,9
3,1,4,1,1,0.504781098187487,0
3,1,4,1,2,0.371527354794955,0
3,1,4,1,3,0.0552559596878018,-8
3,1,5,1,1,0.719514998422399,0
3,1,5,1,2,0.550274994948235,0
3,1,5,1,3,0.0530467435354106,-6
3,1,6,1,1,0.851957033436391,0
3,1,6,1,2,0.696272536326316,0
3,1,6,1,3,0.0521796244330378,-2
3,1,7,1,1,0.915681232368473,0
3,1,7,1,2,0.787947068702176,0
3,1,7,1,3,0.0506621353368363,0
3,1,8,1,1,0.944325848594493,0
3,1,8,1,2,0.846264782710897,0
3,1,8,1,3,0.0513212835971484,5
3,1,9,1,1,0.95813680935169,0
3,1,9,1,2,0.876999395500313,0
3,1,9,1,3,0.0504738378417294,-7
3,1,10,1,1,0.96498788256759,0
3,1,10,1,2,0.899931137824829,0
3,1,10,1,3,0.0548978897789028,-6
3,1,11,1,1,0.0606059479798732,0
3,1,11,1,2,0.0574225567009426,0
3,1,11,1,3,0.0424923604165288,4
3,1,12,1,1,0.0965326084313353,0
3,1,12,1,2,0.0809687504938843,0
3,1,12,1,3,0.0449637761046724,-8
3,1,13,1,1,0.199769646481976,0
3,1,13,1,2,0.146495446072569,0
3,1,13,1,3,0.0422311128054592,-8
3,1,14,1,1,0.401561482335071,0
3,1,14,1,2,0.284722254463695,0
3,1,14,1,3,0.0433321128243662,10
3,1,15,1,1,0.638364204061235,0
3,1,15,1,2,0.466062796990152,0
3,1,15,1,3,0.04014318713352,0
3,1,16,1,1,0.816489168386315,0
3,1,16,1,2,0.652664921499625,0
3,1,16,1,3,0.041642671226029,10
3,1,17,1,1,0.904875609718793,0
3,1,17,1,2,0.773708889832781,0
3,1,17,1,3,0.0399246142650526,10
3,1,18,1,1,0.944724653238705,0
3,1,18,1,2,0.85310536637937,0
3,1,18,1,3,0.0467017341240684,6
3,1,19,1,1,0.96134716280433,0
3,1,19,1,2,0.894925220084373,0
3,1,19,1,3,0.0447914418504523,2
3,1,20,1,1,0.970726219724818,0
3,1,20,1,2,0.917829165941826,0
3,1,20,1,3,0.0445784054392893,7
3,1,21,1,1,0.0454070625048042,-2
3,1,21,1,2,0.0451571383759463,2
3,1,21,1,3,0.0395505284405847,-7
3,1,22,1,1,0.0656364559099678,-1
3,1,22,1,2,0.0565332416681123,1
3,1,22,1,3,0.0380874065697274,-2
3,1,23,1,1,0.144202085088139,0
3,1,23,1,2,0.108770507150061,0
3,1,23,1,3,0.0381005301864334,10
3,1,24,1,1,0.298831721086787,0
3,1,24,1,2,0.219011857576018,0
3,1,24,1,3,0.0358601675922422,10
3,1,25,1,1,0.550940883891336,0
3,1,25,1,2,0.394691991753007,0
3,1,25,1,3,0.033723940801049,-7
3,1,26,1,1,0.765395177106805,0
3,1,26,1,2,0.585845852412164,0
3,1,26,1,3,0.0385978846246947,-6
3,1,27,1,1,0.888123200476972,0
3,1,27,1,2,0.740984768018855,0
3,1,27,1,3,0.0393840205930863,-4
3,1,28,1,1,0.939859896559622,0
3,1,28,1,2,0.842100118645404,0
3,1,28,1,3,0.0384288897037725,-6
3,1,29,1,1,0.962732988476697,0
3,1,29,1,2,0.896828171691581,0
3,1,29,1,3,0.0355325742688629,7
3,1,30,1,1,0.974280052382044,0
3,1,30,1,2,0.931810544780664,0
3,1,30,1,3,0.0373193623575097,4
3,1,31,1,1,0.0368747627368085,-1
3,1,31,1,2,0.0364386952482481,-9
3,1,31,1,3,0.030632874627304,-5
3,1,32,1,1,0.0502285645056072,0
3,1,32,1,2,0.0464713235402035,-2
3,1,32,1,3,0.0343214679118143,2
3,1,33,1,1,0.0971719486776261,0
3,1,33,1,2,0.0750825124375335,0
3,1,33,1,3,0.034391911742543,-2
3,1,34,1,1,0.216186086389941,0
3,1,34,1,2,0.155968560410221,0
3,1,34,1,3,0.035220518857062,8
3,1,35,1,1,0.438859442793851,0
3,1,35,1,2,0.305104636955147,0
3,1,35,1,3,0.031596345299484,10
3,1,36,1,1,0.694125655336808,0
3,1,36,1,2,0.504042122340604,0
3,1,36,1,3,0.0344235512908423,-3
3,1,37,1,1,0.856882498761061,0
3,1,37,1,2,0.689647884882324,0
3,1,37,1,3,0.0328626632071611,9
3,1,38,1,1,0.931187382152178,0
3,1,38,1,2,0.813874323852589,0
3,1,38,1,3,0.0304584436946198,10
3,1,39,1,1,0.960986295759627,0
3,1,39,1,2,0.887474809467377,0
3,1,39,1,3,0.0371496189792482,10
3,1,40,1,1,0.97445542125706,0
3,1,40,1,2,0.932084652024098,0
3,1,40,1,3,0.0353003854958695,0
3,1,41,1,1,0.0323181207964013,-1
3,1,41,1,2,0.0317267940191309,-3
3,1,41,1,3,0.0351321555369133,-10
3,1,42,1,1,0.0386600526082962,-1
3,1,42,1,2,0.0407936658342835,0
3,1,42,1,3,0.0338452718911823,-7
3,1,43,1,1,0.0658568525578556,0
3,1,43,1,2,0.0546655037531762,0
3,1,43,1,3,0.0310560965319418,-8
3,1,44,1,1,0.14927544465227,0
3,1,44,1,2,0.111880728330275,0
3,1,44,1,3,0.0305080769113044,3
3,1,45,1,1,0.334656879650351,0
3,1,45,1,2,0.219730270772181,0
3,1,45,1,3,0.0326813802989824,6
3,1,46,1,1,0.596801528453974,0
3,1,46,1,2,0.40261528194052,0
3,1,46,1,3,0.0321999208970241,10
3,1,47,1,1,0.808241778069221,0
3,1,47,1,2,0.611386178329049,0
3,1,47,1,3,0.0293511324283628,-10
3,1,48,1,1,0.914271099591951,0
3,1,48,1,2,0.767251814846099,0
3,1,48,1,3,0.031045632371248,7
3,1,49,1,1,0.956160531613027,0
3,1,49,1,2,0.866247125819816,0
3,1,49,1,3,0.0359359808905604,8
3,1,50,1,1,0.972938991535052,0
3,1,50,1,2,0.923350123626749,0
3,1,50,1,3,0.0319621538795574,0
3,1,51,1,1,0.0336723865299361,6
3,1,51,1,2,0.030852562822928,5
3,1,51,1,3,0.0293254370769874,-1
3,1,52,1,1,0.0351337380971491,-7
3,1,52,1,2,0.0299453001663778,-1
3,1,52,1,3,0.0269961383661584,8
3,1,53,1,1,0.0441946775681024,2
3,1,53,1,2,0.0433558075158055,0
3,1,53,1,3,0.0278586972275751,8
3,1,54,1,1,0.0989857113527912,0
3,1,54,1,2,0.0753050827235949,0
3,1,54,1,3,0.0310501430745781,2
3,1,55,1,1,0.235412443278965,0
3,1,55,1,2,0.153818348972571,0
3,1,55,1,3,0.0279292427367544,5
3,1,56,1,1,0.479115525681646,0
3,1,56,1,2,0.311591952722811,0
3,1,56,1,3,0.0299567220161233,8
3,1,57,1,1,0.732578055489216,0
3,1,57,1,2,0.509378869277233,0
3,1,57,1,3,0.0292879759220341,-5
3,1,58,1,1,0.883596537115831,0
3,1,58,1,2,0.702749555577682,0
3,1,58,1,3,0.0277718187418509,-3
3,1,59,1,1,0.947011441044192,0
3,1,59,1,2,0.832033629769149,0
3,1,59,1,3,0.0303110157240288,10
3,1,60,1,1,0.970057603924772,0
3,1,60,1,2,0.903231494676724,0
3,1,60,1,3,0.0271065969065063,8
3,1,61,1,1,0.0310973947930036,10
3,1,61,1,2,0.0289999377089825,10
3,1,61,1,3,0.0283655987811678,5
3,1,62,1,1,0.0289279433120914,9
3,1,62,1,2,0.0321061889483939,-4
3,1,62,1,3,0.0280796924067633,-4
3,1,63,1,1,0.0353227904084903,4
3,1,63,1,2,0.0332159790806788,3
3,1,63,1,3,0.0292737702673243,1
3,1,64,1,1,0.0639859518421777,0
3,1,64,1,2,0.053378127410019,0
3,1,64,1,3,0.0270077415658242,-2
3,1,65,1,1,0.142676909676117,0
3,1,65,1,2,0.100299403738126,0
3,1,65,1,3,0.0284816159924895,-5
3,1,66,1,1,0.335090694690188,0
3,1,66,1,2,0.211302088589335,0
3,1,66,1,3,0.0268770444903203,-4
3,1,67,1,1,0.624443459917263,0
3,1,67,1,2,0.400491854428545,0
3,1,67,1,3,0.0292048653279538,7
3,1,68,1,1,0.829929115982719,0
3,1,68,1,2,0.607814929530835,0
3,1,68,1,3,0.0277254516987424,10
3,1,69,1,1,0.927285583298266,0
3,1,69,1,2,0.76815721047821,0
3,1,69,1,3,0.0280125251436238,-2
3,1,70,1,1,0.964156401829239,0
3,1,70,1,2,0.873503599520237,0
3,1,70,1,3,0.0295918682452742,2
3,1,71,1,1,0.0289566685875982,10
3,1,71,1,2,0.0275964534806374,1
3,1,71,1,3,0.0301138197640062,1
3,1,72,1,1,0.0279246627149042,0
3,1,72,1,2,0.0292269779855646,1
3,1,72,1,3,0.0252715328231769,-6
3,1,73,1,1,0.0320329663380222,-7
3,1,73,1,2,0.0290351471504435,-9
3,1,73,1,3,0.0266727351545425,8
3,1,74,1,1,0.0413872215134072,0
3,1,74,1,2,0.0411462572678921,0
3,1,74,1,3,0.0270873348131168,-10
3,1,75,1,1,0.0870471969367535,0
3,1,75,1,2,0.0676206956187197,0
3,1,75,1,3,0.0261984260474227,10
3,1,76,1,1,0.212582996458832,0
3,1,76,1,2,0.147432052812664,0
3,1,76,1,3,0.032973262308616,5
3,1,77,1,1,0.476039335618928,0
3,1,77,1,2,0.291826790785673,0
3,1,77,1,3,0.0262951960573278,-8
3,1,78,1,1,0.741509730717025,0
3,1,78,1,2,0.487257043975423,0
3,1,78,1,3,0.0266091497325264,-8
3,1,79,1,1,0.892733573938388,0
3,1,79,1,2,0.683166237641453,0
3,1,79,1,3,0.0231579299765339,-9
3,1,80,1,1,0.952374480822203,0
3,1,80,1,2,0.818515195708828,0
3,1,80,1,3,0.0284758195292125,-3
3,1,81,1,1,0.0279772066254113,-8
3,1,81,1,2,0.0266344243575878,-2
3,1,81,1,3,0.025248259736423,-1
3,1,82,1,1,0.02473461039743,8
3,1,82,1,2,0.031835817128839,1
3,1,82,1,3,0.0242339305160761,-3
3,1,83,1,1,0.0304802956116472,-9
3,1,83,1,2,0.0269689582846402,6
3,1,83,1,3,0.0271395401334127,-2
3,1,84,1,1,0.0255799831205956,0
3,1,84,1,2,0.0301561048467923,0
3,1,84,1,3,0.0249165627893638,7
3,1,85,1,1,0.0487883601917336,0
3,1,85,1,2,0.044063134373658,0
3,1,85,1,3,0.0239026270357462,-6
3,1,86,1,1,0.12182854137552,0
3,1,86,1,2,0.0868378080229683,0
3,1,86,1,3,0.0258734425737516,2
3,1,87,1,1,0.322279154606318,0
3,1,87,1,2,0.184789879551067,0
3,1,87,1,3,0.0260097073029192,10
3,1,88,1,1,0.600222245346986,0
3,1,88,1,2,0.371269816509646,0
3,1,88,1,3,0.0269607990867897,-10
3,1,89,1,1,0.825971204738313,0
3,1,89,1,2,0.577539833432272,0
3,1,89,1,3,0.0291544052611899,-7
3,1,90,1,1,0.930314405550737,0
3,1,90,1,2,0.742387895570443,0
3,1,90,1,3,0.0239653206475252,4
3,1,91,1,1,0.025824820108643,5
3,1,91,1,2,0.0271252740823695,3
3,1,91,1,3,0.0232779018446969,-1
3,1,92,1,1,0.0271347065705286,-1
3,1,92,1,2,0.0254180578547406,-7
3,1,92,1,3,0.021820571953479,-10
3,1,93,1,1,0.0259690826838138,2
3,1,93,1,2,0.0246807483352278,-4
3,1,93,1,3,0.0263519854757214,8
3,1,94,1,1,0.0278321852640195,2
3,1,94,1,2,0.0234709125465304,4
3,1,94,1,3,0.0238798387020551,5
3,1,95,1,1,0.0349753936874431,0
3,1,95,1,2,0.0293834030891211,0
3,1,95,1,3,0.0240015621115906,10
3,1,96,1,1,0.0681120095551251,0
3,1,96,1,2,0.0569391955598453,0
3,1,96,1,3,0.0232820590065728,-10
3,1,97,1,1,0.172680777290163,0
3,1,97,1,2,0.117664286213656,0
3,1,97,1,3,0.0271968757266072,-10
3,1,98,1,1,0.413192143663044,0
3,1,98,1,2,0.244595190133318,0
3,1,98,1,3,0.0259104911891531,1
3,1,99,1,1,0.700896717984738,0
3,1,99,1,2,0.431523849969014,0
3,1,99,1,3,0.0218253420433781,1
3,1,100,1,1,0.884608737156016,0
3,1,100,1,2,0.644854077415156,0
3,1,100,1,3,0.0235235802309402,-5
3,1,101,1,1,0.0710561381354406,6
3,1,101,1,2,0.0619135385687102,-6
3,1,101,1,3,0.0528669337187192,-10
3,1,102,1,1,0.105976335291678,0
3,1,102,1,2,0.0908334480121216,0
3,1,102,1,3,0.0492916884228397,-10
3,1,103,1,1,0.205270445881717,0
3,1,103,1,2,0.162291224237148,0
3,1,103,1,3,0.0519948016805393,2
3,1,104,1,1,0.382059180572644,0
3,1,104,1,2,0.277514153509508,0
3,1,104,1,3,0.0496161062170815,0
3,1,105,1,1,0.619473492617421,0
3,1,105,1,2,0.450557941350004,0
3,1,105,1,3,0.05011267108448,-5
3,1,106,1,1,0.791737112129879,0
3,1,106,1,2,0.609483073556695,0
3,1,106,1,3,0.0557861800233932,-10
3,1,107,1,1,0.884672752882613,0
3,1,107,1,2,0.730475993812109,0
3,1,107,1,3,0.0510470334397433,2
3,1,108,1,1,0.925855796864282,0
3,1,108,1,2,0.799997814612492,0
3,1,108,1,3,0.0513795302583556,4
3,1,109,1,1,0.946265495927231,0
3,1,109,1,2,0.846934778039432,0
3,1,109,1,3,0.0546415501241785,1
3,1,110,1,1,0.957832909965718,0
3,1,110,1,2,0.877291245403119,0
3,1,110,1,3,0.0529461028492809,-5
3,1,111,1,1,0.0498596543516127,2
3,1,111,1,2,0.0530393145097594,-8
3,1,111,1,3,0.043278552728765,1
3,1,112,1,1,0.0676847197295773,0
3,1,112,1,2,0.0668932031258822,0
3,1,112,1,3,0.0407900278939025,1
3,1,113,1,1,0.126198520431361,0
3,1,113,1,2,0.107523548724268,0
3,1,113,1,3,0.0441651027937478,-2
3,1,114,1,1,0.282318714677086,0
3,1,114,1,2,0.19683328963113,0
3,1,114,1,3,0.0425535090544,9
3,1,115,1,1,0.510106962378067,0
3,1,115,1,2,0.355793376370009,0
3,1,115,1,3,0.0433908433210865,-10
3,1,116,1,1,0.731096286889008,0
3,1,116,1,2,0.544066014088764,0
3,1,116,1,3,0.0407984005142801,-1
3,1,117,1,1,0.863174393119151,0
3,1,117,1,2,0.692722575980602,0
3,1,117,1,3,0.0449491252899952,10
3,1,118,1,1,0.921893317918873,0
3,1,118,1,2,0.79308356162537,0
3,1,118,1,3,0.0409343233996694,-9
3,1,119,1,1,0.947977361083449,0
3,1,119,1,2,0.850817555056946,0
3,1,119,1,3,0.0437266186790787,9
3,1,120,1,1,0.962246824427078,0
3,1,120,1,2,0.892550531306925,0
3,1,120,1,3,0.0428256584710648,-8
3,1,121,1,1,0.0411991781528119,3
3,1,121,1,2,0.0390128685486191,-10
3,1,121,1,3,0.0373062583010522,4
3,1,122,1,1,0.0518629848984148,0
3,1,122,1,2,0.0447482493429597,1
3,1,122,1,3,0.0370391490786749,-9
3,1,123,1,1,0.0818026754146501,0
3,1,123,1,2,0.0703511032904085,0
3,1,123,1,3,0.0375345868036676,6
3,1,124,1,1,0.183553031587362,0
3,1,124,1,2,0.13380084373615,0
3,1,124,1,3,0.0349473823088332,6
3,1,125,1,1,0.391187289081381,0
3,1,125,1,2,0.260607650610998,0
3,1,125,1,3,0.0392297592601198,3
3,1,126,1,1,0.642022877808022,0
3,1,126,1,2,0.459061303850222,0
3,1,126,1,3,0.036956758614151,-5
3,1,127,1,1,0.824784889912499,0
3,1,127,1,2,0.629786856615066,0
3,1,127,1,3,0.0333666073521691,-1
3,1,128,1,1,0.911336589554816,0
3,1,128,1,2,0.760169542735524,0
3,1,128,1,3,0.0344230870533943,-6
3,1,129,1,1,0.947072256585953,0
3,1,129,1,2,0.845992066040253,0
3,1,129,1,3,0.0362542460923507,-10
3,1,130,1,1,0.964163357459045,0
3,1,130,1,2,0.896255186381208,0
3,1,130,1,3,0.0344780526963988,-1
3,1,131,1,1,0.0352342829875616,5
3,1,131,1,2,0.0385417663322889,-1
3,1,131,1,3,0.0366266538461378,-3
3,1,132,1,1,0.0401417597851493,5
3,1,132,1,2,0.0401187114598762,2
3,1,132,1,3,0.0370147980998214,9
3,1,133,1,1,0.0504774179744211,0
3,1,133,1,2,0.0443580186434427,0
3,1,133,1,3,0.0334050708584507,4
3,1,134,1,1,0.115525409733477,0
3,1,134,1,2,0.0862612737067842,0
3,1,134,1,3,0.0318188194687744,-4
3,1,135,1,1,0.273179252012863,0
3,1,135,1,2,0.176382501519229,0
3,1,135,1,3,0.0363425150671064,6
3,1,136,1,1,0.523840060033792,0
3,1,136,1,2,0.350355751977311,0
3,1,136,1,3,0.0335473819815125,-5
3,1,137,1,1,0.763346592819853,0
3,1,137,1,2,0.552827298331318,0
3,1,137,1,3,0.0319414056173241,6
3,1,138,1,1,0.889697435839411,0
3,1,138,1,2,0.712765573688625,0
3,1,138,1,3,0.0321006001931804,1
3,1,139,1,1,0.942002189366079,0
3,1,139,1,2,0.823786269406381,0
3,1,139,1,3,0.032483112939527,2
3,1,140,1,1,0.963912171608473,0
3,1,140,1,2,0.889497040666317,0
3,1,140,1,3,0.0351748633103324,-9
3,1,141,1,1,0.0327804061136623,1
3,1,141,1,2,0.0343926788918297,10
3,1,141,1,3,0.0300518063223746,6
3,1,142,1,1,0.0330788236616855,-7
3,1,142,1,2,0.0335688769767321,-8
3,1,142,1,3,0.0324881006230115,-1
3,1,143,1,1,0.0463165519139959,0
3,1,143,1,2,0.0418142101995174,-1
3,1,143,1,3,0.0285070962077592,-8
3,1,144,1,1,0.0742446918985485,0
3,1,144,1,2,0.0601314387115272,0
3,1,144,1,3,0.0280357302271224,-4
3,1,145,1,1,0.174248004510591,0
3,1,145,1,2,0.126917626091841,0
3,1,145,1,3,0.0300410540622663,-6
3,1,146,1,1,0.385178869766506,0
3,1,146,1,2,0.253757242245187,0
3,1,146,1,3,0.0326578770069991,7
3,1,147,1,1,0.659777560342828,0
3,1,147,1,2,0.442800542762712,0
3,1,147,1,3,0.0291919805485477,-6
3,1,148,1,1,0.850664651269106,0
3,1,148,1,2,0.637755979580804,0
3,1,148,1,3,0.0361809968357655,5
3,1,149,1,1,0.929831109760483,0
3,1,149,1,2,0.779597854467793,0
3,1,149,1,3,0.0304800447517333,5
3,1,150,1,1,0.960983860492606,0
3,1,150,1,2,0.869012683143199,0
3,1,150,1,3,0.0300022170564255,4
3,1,151,1,1,0.0316315068710519,-6
3,1,151,1,2,0.0271406782407461,-5
3,1,151,1,3,0.0281252520910364,6
3,1,152,1,1,0.0317000445683825,-9
3,1,152,1,2,0.0313628740889166,-3
3,1,152,1,3,0.0277122080810855,0
3,1,153,1,1,0.0375951348851948,-8
3,1,153,1,2,0.0328401489865372,-1
3,1,153,1,3,0.0279787826633812,2
3,1,154,1,1,0.0454871755299825,0
3,1,154,1,2,0.0394010561690141,-2
3,1,154,1,3,0.0298763224215038,1
3,1,155,1,1,0.0974513823227002,0
3,1,155,1,2,0.0802277178912173,0
3,1,155,1,3,0.0282936419531697,1
3,1,156,1,1,0.260923211324894,0
3,1,156,1,2,0.17038158365845,0
3,1,156,1,3,0.0301821804434444,2
3,1,157,1,1,0.526210543793424,0
3,1,157,1,2,0.331675811006115,0
3,1,157,1,3,0.0334707334560918,8
3,1,158,1,1,0.772727535346991,0
3,1,158,1,2,0.532674357265967,0
3,1,158,1,3,0.0296535996629406,-5
3,1,159,1,1,0.903139576698897,0
3,1,159,1,2,0.703776126990359,0
3,1,159,1,3,0.0307516175614744,6
3,1,160,1,1,0.953336902388226,0
3,1,160,1,2,0.829642084046253,0
3,1,160,1,3,0.0341440723633476,7
3,1,161,1,1,0.0275976770349854,6
3,1,161,1,2,0.0311152412170488,-8
3,1,161,1,3,0.0289233947325756,-1
3,1,162,1,1,0.0307006135542389,-9
3,1,162,1,2,0.0312729214189315,-7
3,1,162,1,3,0.0290544053579025,-8
3,1,163,1,1,0.0323778642400825,0
3,1,163,1,2,0.0312111390291252,10
3,1,163,1,3,0.0298091073061419,5
3,1,164,1,1,0.0345362553882989,1
3,1,164,1,2,0.0341006848120292,0
3,1,164,1,3,0.0283134418314101,2
3,1,165,1,1,0.0613050740171016,0
3,1,165,1,2,0.0517765758065152,0
3,1,165,1,3,0.0257099229570625,-9
3,1,166,1,1,0.144307978976146,0
3,1,166,1,2,0.105020060161578,0
3,1,166,1,3,0.0284361804258845,-7
3,1,167,1,1,0.365277597236031,0
3,1,167,1,2,0.217341967305728,0
3,1,167,1,3,0.0279660033391964,0
3,1,168,1,1,0.652421351569447,0
3,1,168,1,2,0.413477866125173,0
3,1,168,1,3,0.0299754914069908,8
3,1,169,1,1,0.853567723210709,0
3,1,169,1,2,0.612613312209728,0
3,1,169,1,3,0.0279645083180695,5
3,1,170,1,1,0.937060104207351,0
3,1,170,1,2,0.766869374014888,0
3,1,170,1,3,0.0282389710296153,10
3,1,171,1,1,0.024721794003345,-6
3,1,171,1,2,0.0270724869297488,0
3,1,171,1,3,0.0265716975389841,4
3,1,172,1,1,0.0282769263780683,-8
3,1,172,1,2,0.0256829563027673,-9
3,1,172,1,3,0.0247308500106208,4
3,1,173,1,1,0.0300329305545691,0
3,1,173,1,2,0.0312209342544378,4
3,1,173,1,3,0.0271733165012817,4
3,1,174,1,1,0.0309997202173136,-1
3,1,174,1,2,0.0311546133149948,-5
3,1,174,1,3,0.0307587173138363,8
3,1,175,1,1,0.0442080246364975,0
3,1,175,1,2,0.0344563269253268,1
3,1,175,1,3,0.0295752304371723,1
3,1,176,1,1,0.0789339315558721,0
3,1,176,1,2,0.0585973217877308,0
3,1,176,1,3,0.0291002032708543,-10
3,1,177,1,1,0.21560928707378,0
3,1,177,1,2,0.148029848678662,0
3,1,177,1,3,0.0257098133637763,-7
3,1,178,1,1,0.484961608228394,0
3,1,178,1,2,0.281225580733603,0
3,1,178,1,3,0.0286018707381259,-8
3,1,179,1,1,0.752840494066262,0
3,1,179,1,2,0.494539939059575,0
3,1,179,1,3,0.0260340152699824,-7
3,1,180,1,1,0.902910081709486,0
3,1,180,1,2,0.679164566085491,0
3,1,180,1,3,0.0311096087482883,-2
3,1,181,1,1,0.0256590269684106,1
3,1,181,1,2,0.0256351017851948,-6
3,1,181,1,3,0.0281724963499186,9
3,1,182,1,1,0.0274949788383863,-7
3,1,182,1,2,0.0321771832039268,-6
3,1,182,1,3,0.0253029525693091,-6
3,1,183,1,1,0.0277264891215337,5
3,1,183,1,2,0.024880887000965,5
3,1,183,1,3,0.0256622446693545,5
3,1,184,1,1,0.026977078462619,-2
3,1,184,1,2,0.0303242033717736,0
3,1,184,1,3,0.0242105651715547,-5
3,1,185,1,1,0.0273087699010597,1
3,1,185,1,2,0.0292151152075363,7
3,1,185,1,3,0.0261246032826505,3
3,1,186,1,1,0.0461812753139926,0
3,1,186,1,2,0.0402383359082206,0
3,1,186,1,3,0.0274696499266992,-5
3,1,187,1,1,0.116768749719179,0
3,1,187,1,2,0.0853929032842898,0
3,1,187,1,3,0.0263257928647377,-10
3,1,188,1,1,0.301805087826303,0
3,1,188,1,2,0.175908202935747,0
3,1,188,1,3,0.0258971107619886,-2
3,1,189,1,1,0.59498987557227,0
3,1,189,1,2,0.341124055682947,0
3,1,189,1,3,0.0239900927243879,7
3,1,190,1,1,0.833532190465282,0
3,1,190,1,2,0.562013453954674,0
3,1,190,1,3,0.0270917706368581,0
3,1,191,1,1,0.0234487117572861,5
3,1,191,1,2,0.028358791252294,1
3,1,191,1,3,0.0218438179177491,-7
3,1,192,1,1,0.0243768548661232,-7
3,1,192,1,2,0.0258106376467911,-5
3,1,192,1,3,0.0243600375463742,-6
3,1,193,1,1,0.0265448736822155,-5
3,1,193,1,2,0.0296471513214868,-9
3,1,193,1,3,0.0224486691040934,8
3,1,194,1,1,0.0267261619218326,4
3,1,194,1,2,0.0260092127630598,-3
3,1,194,1,3,0.0289840626521567,10
3,1,195,1,1,0.0255058980281477,2
3,1,195,1,2,0.0259481546376104,4
3,1,195,1,3,0.0276705535236654,4
3,1,196,1,1,0.029391699072661,-1
3,1,196,1,2,0.0317708635589688,-1
3,1,196,1,3,0.0258707757094945,0
3,1,197,1,1,0.0616740410735116,0
3,1,197,1,2,0.0499203423396969,0
3,1,197,1,3,0.0229397527608265,2
3,1,198,1,1,0.157092126225374,0
3,1,198,1,2,0.0996068082008741,0
3,1,198,1,3,0.0240175353351985,2
3,1,199,1,1,0.392967586194293,0
3,1,199,1,2,0.219130067587759,0
3,1,199,1,3,0.0243953058842114,10
3,1,200,1,1,0.705781177348075,0
3,1,200,1,2,0.419032973569403,0
3,1,200,1,3,0.0244969357021187,6
3,1,201,1,1,0.0596546692254725,0
3,1,201,1,2,0.0586370241720777,-2
3,1,201,1,3,0.0516279181751786,10
3,1,202,1,1,0.0939213634720095,0
3,1,202,1,2,0.0791997340657856,0
3,1,202,1,3,0.054453562785629,2
3,1,203,1,1,0.158698031649135,0
3,1,203,1,2,0.132104539903873,0
3,1,203,1,3,0.050453397217513,-5
3,1,204,1,1,0.319611935708084,0
3,1,204,1,2,0.234410896446403,0
3,1,204,1,3,0.053614141219994,-7
3,1,205,1,1,0.549409635373329,0
3,1,205,1,2,0.381746182781318,0
3,1,205,1,3,0.0537502263410636,2
3,1,206,1,1,0.74856694508965,0
3,1,206,1,2,0.563873074898376,0
3,1,206,1,3,0.0538539707829351,-1
3,1,207,1,1,0.860089765820198,0
3,1,207,1,2,0.687110180789094,0
3,1,207,1,3,0.0573803284674445,-9
3,1,208,1,1,0.911169550908386,0
3,1,208,1,2,0.773865762659538,0
3,1,208,1,3,0.0536956192528644,-8
3,1,209,1,1,0.938134385037561,0
3,1,209,1,2,0.824449659950186,0
3,1,209,1,3,0.0527115679866553,0
3,1,210,1,1,0.952016462949828,0
3,1,210,1,2,0.862444497421828,0
3,1,210,1,3,0.0527337390787237,2
3,1,211,1,1,0.0461266352070275,0
3,1,211,1,2,0.0428372453907247,2
3,1,211,1,3,0.0421377159552461,-3
3,1,212,1,1,0.0564136384400686,0
3,1,212,1,2,0.0578558739676331,1
3,1,212,1,3,0.0418486701755653,10
3,1,213,1,1,0.0963823226146837,0
3,1,213,1,2,0.0809798188882216,0
3,1,213,1,3,0.0433889194684621,10
3,1,214,1,1,0.211160642338251,0
3,1,214,1,2,0.162580908614612,0
3,1,214,1,3,0.045511388883989,0
3,1,215,1,1,0.423033124007557,0
3,1,215,1,2,0.296564230305843,0
3,1,215,1,3,0.0438765970459345,9
3,1,216,1,1,0.659261660556328,0
3,1,216,1,2,0.473545870989924,0
3,1,216,1,3,0.0422132782663746,-5
3,1,217,1,1,0.821519973993215,0
3,1,217,1,2,0.633404057464168,0
3,1,217,1,3,0.0438692760930231,-1
3,1,218,1,1,0.902955017122789,0
3,1,218,1,2,0.748927834527304,0
3,1,218,1,3,0.0398179454165211,0
3,1,219,1,1,0.938296962329137,0
3,1,219,1,2,0.820773068986643,0
3,1,219,1,3,0.0430305623678096,4
3,1,220,1,1,0.956076626052105,0
3,1,220,1,2,0.872698710015196,0
3,1,220,1,3,0.0432597715074029,5
3,1,221,1,1,0.0392671715585501,6
3,1,221,1,2,0.0436678857658122,4
3,1,221,1,3,0.0387825862920193,-3
3,1,222,1,1,0.0434418699749343,0
3,1,222,1,2,0.0393839639968182,-5
3,1,222,1,3,0.0365665611650307,3
3,1,223,1,1,0.063454323980091,0
3,1,223,1,2,0.0643431467969206,0
3,1,223,1,3,0.0364488687115435,1
3,1,224,1,1,0.130680609977134,0
3,1,224,1,2,0.106287273687372,0
3,1,224,1,3,0.0353095725509549,-5
3,1,225,1,1,0.298785866180252,0
3,1,225,1,2,0.196035123550114,0
3,1,225,1,3,0.0391147878247982,-4
3,1,226,1,1,0.544989468439831,0
3,1,226,1,2,0.36662769785709,0
3,1,226,1,3,0.0399462650732484,-5
3,1,227,1,1,0.766871295420146,0
3,1,227,1,2,0.553078523725686,0
3,1,227,1,3,0.0361799356543758,-10
3,1,228,1,1,0.884861752497569,0
3,1,228,1,2,0.703211584829181,0
3,1,228,1,3,0.0393185462227174,10
3,1,229,1,1,0.934080333158947,0
3,1,229,1,2,0.809118824120814,0
3,1,229,1,3,0.0377955893611619,3
3,1,230,1,1,0.957327220766516,0
3,1,230,1,2,0.875168231736436,0
3,1,230,1,3,0.0374704804994801,-1
3,1,231,1,1,0.0348653628419536,-10
3,1,231,1,2,0.0371163478183896,7
3,1,231,1,3,0.0310457350429103,-8
3,1,232,1,1,0.0338346797779767,6
3,1,232,1,2,0.0379711665482379,-8
3,1,232,1,3,0.0377035338085855,4
3,1,233,1,1,0.0413338464691989,-2
3,1,233,1,2,0.0399266828059349,0
3,1,233,1,3,0.0362701799257473,-10
3,1,234,1,1,0.0870514733296776,0
3,1,234,1,2,0.07172412734374,0
3,1,234,1,3,0.0351811970795333,2
3,1,235,1,1,0.185908500807357,0
3,1,235,1,2,0.13415539288544,0
3,1,235,1,3,0.0297671299871376,-5
3,1,236,1,1,0.407428460965341,0
3,1,236,1,2,0.26698094572992,0
3,1,236,1,3,0.0356242513594792,3
3,1,237,1,1,0.67194330097242,0
3,1,237,1,2,0.462565056061781,0
3,1,237,1,3,0.0351895185890196,0
3,1,238,1,1,0.845576620426949,0
3,1,238,1,2,0.634967815942132,0
3,1,238,1,3,0.0342497843548557,2
3,1,239,1,1,0.923163386286299,0
3,1,239,1,2,0.773272707756509,0
3,1,239,1,3,0.0396094413907747,-4
3,1,240,1,1,0.955904619283079,0
3,1,240,1,2,0.861200711392429,0
3,1,240,1,3,0.0320072409788249,-2
3,1,241,1,1,0.0318200227164307,-1
3,1,241,1,2,0.0332691330270925,7
3,1,241,1,3,0.032193915959379,-8
3,1,242,1,1,0.032186116820279,-6
3,1,242,1,2,0.0331304173714235,-7
3,1,242,1,3,0.0300276728021176,-10
3,1,243,1,1,0.0357748986745824,0
3,1,243,1,2,0.0360697807280335,-3
3,1,243,1,3,0.0312794358981135,9
3,1,244,1,1,0.0512464749756261,0
3,1,244,1,2,0.0433509594272436,0
3,1,244,1,3,0.0290647086232926,7
3,1,245,1,1,0.116033171678739,0
3,1,245,1,2,0.0875855309504595,0
3,1,245,1,3,0.0376659164041719,1
3,1,246,1,1,0.271355225581634,0
3,1,246,1,2,0.183895007079218,0
3,1,246,1,3,0.029100032870835,7
3,1,247,1,1,0.541180213263617,0
3,1,247,1,2,0.349760597569982,0
3,1,247,1,3,0.0304698977525506,5
3,1,248,1,1,0.780128889631106,0
3,1,248,1,2,0.540201642650191,0
3,1,248,1,3,0.0310867390287186,-8
3,1,249,1,1,0.901746865146208,0
3,1,249,1,2,0.713527678308093,0
3,1,249,1,3,0.0293675286110138,-2
3,1,250,1,1,0.950060384607863,0
3,1,250,1,2,0.827551662226962,0
3,1,250,1,3,0.0308035764525179,-6
3,1,251,1,1,0.0327520747521883,7
3,1,251,1,2,0.032005904061722,5
3,1,251,1,3,0.0290835927411581,10
3,1,252,1,1,0.0362541326283947,-5
3,1,252,1,2,0.0321708710223609,5
3,1,252,1,3,0.0289895166527158,2
3,1,253,1,1,0.0330452173070762,2
3,1,253,1,2,0.0298987516691875,7
3,1,253,1,3,0.0277485831205512,-4
3,1,254,1,1,0.036818079377661,-6
3,1,254,1,2,0.0399634342044543,1
3,1,254,1,3,0.0316594139977485,1
3,1,255,1,1,0.0741223176954653,0
3,1,255,1,2,0.0585366881195814,0
3,1,255,1,3,0.0324697401817927,-8
3,1,256,1,1,0.160133755473983,0
3,1,256,1,2,0.11931190883897,0
3,1,256,1,3,0.0314788380693559,-5
3,1,257,1,1,0.385934793497239,0
3,1,257,1,2,0.246384994571187,0
3,1,257,1,3,0.0300138651678149,6
3,1,258,1,1,0.669296950064706,0
3,1,258,1,2,0.429617349309697,0
3,1,258,1,3,0.0318295403883757,2
3,1,259,1,1,0.855245409335634,0
3,1,259,1,2,0.620692031313005,0
3,1,259,1,3,0.0305939818502474,9
3,1,260,1,1,0.935524454049775,0
3,1,260,1,2,0.772577451509237,0
3,1,260,1,3,0.0277335854081815,7
3,1,261,1,1,0.0298552609547785,4
3,1,261,1,2,0.0302435274540383,0
3,1,261,1,3,0.0276689002439896,-2
3,1,262,1,1,0.0274171281934239,-3
3,1,262,1,2,0.0277802768122098,5
3,1,262,1,3,0.0285258364920039,3
3,1,263,1,1,0.031304376918038,-1
3,1,263,1,2,0.0325167904901773,-2
3,1,263,1,3,0.0286825468202726,-7
3,1,264,1,1,0.0302206451071774,-7
3,1,264,1,2,0.0293395303088157,1
3,1,264,1,3,0.027056605570879,-6
3,1,265,1,1,0.0404331464233794,0
3,1,265,1,2,0.0397888601435477,3
3,1,265,1,3,0.0301096984951853,6
3,1,266,1,1,0.0929644362962704,0
3,1,266,1,2,0.06459419524298,0
3,1,266,1,3,0.0271820606302075,1
3,1,267,1,1,0.234427810941449,0
3,1,267,1,2,0.149785071734199,0
3,1,267,1,3,0.0297447684811303,-5
3,1,268,1,1,0.503560835871151,0
3,1,268,1,2,0.297190311213605,0
3,1,268,1,3,0.028391711288311,9
3,1,269,1,1,0.763955290514756,0
3,1,269,1,2,0.49972074468992,0
3,1,269,1,3,0.0318383381179125,-5
3,1,270,1,1,0.907240754570359,0
3,1,270,1,2,0.693242667248697,0
3,1,270,1,3,0.0250499356079239,-10
3,1,271,1,1,0.027688557474087,0
3,1,271,1,2,0.0272774324708926,-5
3,1,271,1,3,0.0313065164581199,10
3,1,272,1,1,0.0304174095066058,-4
3,1,272,1,2,0.0255292387159163,6
3,1,272,1,3,0.0302627711829958,5
3,1,273,1,1,0.0261638694062724,-10
3,1,273,1,2,0.0281334368645799,1
3,1,273,1,3,0.0245896577780587,-3
3,1,274,1,1,0.0267155745655297,2
3,1,274,1,2,0.0302235705993915,-3
3,1,274,1,3,0.0288605183875491,-8
3,1,275,1,1,0.0338267976229834,0
3,1,275,1,2,0.0318138642067244,0
3,1,275,1,3,0.0296719254859265,-9
3,1,276,1,1,0.0552205416131124,0
3,1,276,1,2,0.0481470171913398,1
3,1,276,1,3,0.0256163856758797,-7
3,1,277,1,1,0.122548142772814,0
3,1,277,1,2,0.0908158385303761,0
3,1,277,1,3,0.0287368130245177,1
3,1,278,1,1,0.330216459700097,0
3,1,278,1,2,0.204399812373843,0
3,1,278,1,3,0.0278416532443943,-8
3,1,279,1,1,0.624896356915191,0
3,1,279,1,2,0.370241997161798,0
3,1,279,1,3,0.0304681074156319,-5
3,1,280,1,1,0.843088312914004,0
3,1,280,1,2,0.571166630178034,0
3,1,280,1,3,0.0276292674592407,1
3,1,281,1,1,0.0249183916594292,7
3,1,281,1,2,0.0283967002347575,7
3,1,281,1,3,0.0266512315416277,-7
3,1,282,1,1,0.0278749885757921,6
3,1,282,1,2,0.0257127916596648,4
3,1,282,1,3,0.0277538783361199,-7
3,1,283,1,1,0.0249539661351946,8
3,1,283,1,2,0.0286541540335408,-1
3,1,283,1,3,0.0249183296375687,2
3,1,284,1,1,0.0292740036744284,10
3,1,284,1,2,0.0268236134408371,-10
3,1,284,1,3,0.0236725085368704,-6
3,1,285,1,1,0.0315323555994908,-10
3,1,285,1,2,0.0266397355775092,-1
3,1,285,1,3,0.02459232826969,-8
3,1,286,1,1,0.0334495184753228,0
3,1,286,1,2,0.0314822754006847,-2
3,1,286,1,3,0.0306161915089945,8
3,1,287,1,1,0.0723711082331489,0
3,1,287,1,2,0.0565491262710091,0
3,1,287,1,3,0.0245572056048727,5
3,1,288,1,1,0.185684959675431,0
3,1,288,1,2,0.118566057546161,0
3,1,288,1,3,0.0274529123180234,-7
3,1,289,1,1,0.432115774428751,0
3,1,289,1,2,0.249958100229006,0
3,1,289,1,3,0.0242477771456983,7
3,1,290,1,1,0.724490727352573,0
3,1,290,1,2,0.442546048131178,0
3,1,290,1,3,0.0259386010768862,-10
3,1,291,1,1,0.022148531904292,3
3,1,291,1,2,0.0281734355493313,10
3,1,291,1,3,0.0263318232857096,10
3,1,292,1,1,0.0253426829813556,-2
3,1,292,1,2,0.0240239563214045,-2
3,1,292,1,3,0.0229867598705897,6
3,1,293,1,1,0.0291530946005162,5
3,1,293,1,2,0.0233749052613342,-9
3,1,293,1,3,0.0223363020872169,0
3,1,294,1,1,0.0233825011986194,1
3,1,294,1,2,0.0252454570569961,6
3,1,294,1,3,0.024809928780781,-7
3,1,295,1,1,0.0254709077735366,-5
3,1,295,1,2,0.0250731307165169,5
3,1,295,1,3,0.0252802102106981,0
3,1,296,1,1,0.0271092127770342,-1
3,1,296,1,2,0.0285887433376343,-1
3,1,296,1,3,0.0241512028867449,6
3,1,297,1,1,0.0388818467906509,0
3,1,297,1,2,0.0370461601645177,-1
3,1,297,1,3,0.0235934664246824,-10
3,1,298,1,1,0.0909853222032788,0
3,1,298,1,2,0.0625699960380831,0
3,1,298,1,3,0.0261513316608263,-4
3,1,299,1,1,0.24210458206707,0
3,1,299,1,2,0.14616249888999,0
3,1,299,1,3,0.0255074566943927,-4
3,1,300,1,1,0.542490113284794,0
3,1,300,1,2,0.305596208677865,0
3,1,300,1,3,0.0278803223239946,5
3,1,301,1,1,0.0632983908687699,1
3,1,301,1,2,0.0595937587053198,7
3,1,301,1,3,0.0541321158014606,-10
3,1,302,1,1,0.0742182182033628,-1
3,1,302,1,2,0.0751211376515737,0
3,1,302,1,3,0.0544444523790931,4
3,1,303,1,1,0.128927805396888,0
3,1,303,1,2,0.108751867396725,0
3,1,303,1,3,0.0521715465931186,-10
3,1,304,1,1,0.26431039798608,0
3,1,304,1,2,0.188111849880577,0
3,1,304,1,3,0.0564330921476222,10
3,1,305,1,1,0.479960736267316,0
3,1,305,1,2,0.339004574410705,0
3,1,305,1,3,0.0496781663362814,4
3,1,306,1,1,0.700544633081135,0
3,1,306,1,2,0.513340998813501,0
3,1,306,1,3,0.0508018870580091,-9
3,1,307,1,1,0.836092093485041,0
3,1,307,1,2,0.646887072327164,0
3,1,307,1,3,0.0540244223338845,-7
3,1,308,1,1,0.89811620680475,0
3,1,308,1,2,0.743332305549375,0
3,1,308,1,3,0.0515779429789062,5
3,1,309,1,1,0.930584819432109,0
3,1,309,1,2,0.807947531637984,0
3,1,309,1,3,0.0492824241717892,6
3,1,310,1,1,0.947492131558414,0
3,1,310,1,2,0.848108461397948,0
3,1,310,1,3,0.0508881709031564,8
3,1,311,1,1,0.0447526543251851,5
3,1,311,1,2,0.0457349812432951,-4
3,1,311,1,3,0.0486780453556605,-2
3,1,312,1,1,0.0528651954025675,0
3,1,312,1,2,0.0501907976849319,0
3,1,312,1,3,0.0410754079858764,-9
3,1,313,1,1,0.0864267204619476,0
3,1,313,1,2,0.0773795835197636,0
3,1,313,1,3,0.044955684468813,-9
3,1,314,1,1,0.168653505748929,0
3,1,314,1,2,0.132623840379128,0
3,1,314,1,3,0.0449082053006453,5
3,1,315,1,1,0.357937634772334,0
3,1,315,1,2,0.250282596225687,0
3,1,315,1,3,0.0408456843611638,-10
3,1,316,1,1,0.597614948930008,0
3,1,316,1,2,0.415057353883488,0
3,1,316,1,3,0.0421198356360744,1
3,1,317,1,1,0.785480582625887,0
3,1,317,1,2,0.58929438188742,0
3,1,317,1,3,0.0435886190549366,7
3,1,318,1,1,0.885943383129802,0
3,1,318,1,2,0.721994324512471,0
3,1,318,1,3,0.0417948443803458,-6
3,1,319,1,1,0.928917758164619,0
3,1,319,1,2,0.804307903720038,0
3,1,319,1,3,0.0474271390718034,-5
3,1,320,1,1,0.950890250181086,0
3,1,320,1,2,0.857525424246874,0
3,1,320,1,3,0.0427053347837441,-2
3,1,321,1,1,0.0414297501065383,2
3,1,321,1,2,0.0376327595293021,-10
3,1,321,1,3,0.0383279347976743,3
3,1,322,1,1,0.0432746961724603,-8
3,1,322,1,2,0.0384781608559556,-5
3,1,322,1,3,0.0395551345081047,-9
3,1,323,1,1,0.046754474268901,0
3,1,323,1,2,0.0491191707882622,-1
3,1,323,1,3,0.0410108511059749,7
3,1,324,1,1,0.104445663272534,0
3,1,324,1,2,0.0812911208190642,0
3,1,324,1,3,0.0385471270912464,9
3,1,325,1,1,0.231520934547897,0
3,1,325,1,2,0.159440991639263,0
3,1,325,1,3,0.0412188037152411,8
3,1,326,1,1,0.462200521525657,0
3,1,326,1,2,0.30862454656365,0
3,1,326,1,3,0.0378586459765775,-9
3,1,327,1,1,0.711078562497881,0
3,1,327,1,2,0.496005631395775,0
3,1,327,1,3,0.0401849714781007,2
3,1,328,1,1,0.857238298560659,0
3,1,328,1,2,0.665475242538644,0
3,1,328,1,3,0.0350614355179255,5
3,1,329,1,1,0.924407261136193,0
3,1,329,1,2,0.787018335779416,0
3,1,329,1,3,0.0386803421439786,-5
3,1,330,1,1,0.951271526529001,0
3,1,330,1,2,0.854382743827887,0
3,1,330,1,3,0.0375508066415702,-4
3,1,331,1,1,0.0358046983468964,-10
3,1,331,1,2,0.0333565207125317,-7
3,1,331,1,3,0.0341268226500895,-3
3,1,332,1,1,0.0364827504857888,3
3,1,332,1,2,0.0359500922024003,-4
3,1,332,1,3,0.0319382642140615,-3
3,1,333,1,1,0.0396304783924202,0
3,1,333,1,2,0.0392001693894356,-3
3,1,333,1,3,0.0340645707598721,7
3,1,334,1,1,0.0677148107166558,0
3,1,334,1,2,0.0561353592312565,0
3,1,334,1,3,0.0331173553840083,8
3,1,335,1,1,0.144071825870956,0
3,1,335,1,2,0.10292328460662,0
3,1,335,1,3,0.0318687119993137,-10
3,1,336,1,1,0.332419113672753,0
3,1,336,1,2,0.215088819147571,0
3,1,336,1,3,0.0314024332839868,-8
3,1,337,1,1,0.598383053872324,0
3,1,337,1,2,0.385078734307021,0
3,1,337,1,3,0.0356566328766754,2
3,1,338,1,1,0.80653895671406,0
3,1,338,1,2,0.582194279959652,0
3,1,338,1,3,0.0314596376541519,0
3,1,339,1,1,0.907010372120874,0
3,1,339,1,2,0.728812968529577,0
3,1,339,1,3,0.0335162674481964,4
3,1,340,1,1,0.948180349126043,0
3,1,340,1,2,0.832643512184712,0
3,1,340,1,3,0.0327723524058351,-3
3,1,341,1,1,0.0341213124933689,-1
3,1,341,1,2,0.0319142492219492,7
3,1,341,1,3,0.0303688317135133,0
3,1,342,1,1,0.0305018242459863,-1
3,1,342,1,2,0.0306566614583527,-3
3,1,342,1,3,0.0287489457635266,-7
3,1,343,1,1,0.0352139326748534,-5
3,1,343,1,2,0.0342758981333851,6
3,1,343,1,3,0.027539820960219,-9
3,1,344,1,1,0.0374686263503567,0
3,1,344,1,2,0.0431041156851548,1
3,1,344,1,3,0.0320870140410114,-5
3,1,345,1,1,0.0775634353795946,0
3,1,345,1,2,0.0684082636151751,0
3,1,345,1,3,0.0329750355930784,7
3,1,346,1,1,0.198566854720719,0
3,1,346,1,2,0.135165074524453,0
3,1,346,1,3,0.033257991719773,5
3,1,347,1,1,0.436188812419714,0
3,1,347,1,2,0.276990043636366,0
3,1,347,1,3,0.0325456342441022,10
3,1,348,1,1,0.709580570828064,0
3,1,348,1,2,0.470710168288893,0
3,1,348,1,3,0.0315625922338037,3
3,1,349,1,1,0.872435393883816,0
3,1,349,1,2,0.660212570705884,0
3,1,349,1,3,0.0303950512246343,-6
3,1,350,1,1,0.938931129701112,0
3,1,350,1,2,0.791582304171094,0
3,1,350,1,3,0.0318020250002781,7
3,1,351,1,1,0.029407288307579,-9
3,1,351,1,2,0.0298311565676666,10
3,1,351,1,3,0.0305067183410514,-6
3,1,352,1,1,0.0361274172712268,-7
3,1,352,1,2,0.0291295448411442,-10
3,1,352,1,3,0.0326367386458744,-3
3,1,353,1,1,0.0290380394182194,10
3,1,353,1,2,0.0322911096168288,-6
3,1,353,1,3,0.0310667994552201,7
3,1,354,1,1,0.0341430039886527,7
3,1,354,1,2,0.0351565069761077,0
3,1,354,1,3,0.0304185948400532,7
3,1,355,1,1,0.0555992516228491,0
3,1,355,1,2,0.0438888990180387,0
3,1,355,1,3,0.0325634114676568,8
3,1,356,1,1,0.112792127461728,0
3,1,356,1,2,0.0904483950956231,0
3,1,356,1,3,0.032629761537393,4
3,1,357,1,1,0.294370865701908,0
3,1,357,1,2,0.183392861981875,0
3,1,357,1,3,0.0321868910300043,7
3,1,358,1,1,0.569601939859464,0
3,1,358,1,2,0.356848286310556,0
3,1,358,1,3,0.0336055827937817,8
3,1,359,1,1,0.807295963208466,0
3,1,359,1,2,0.551477387612005,0
3,1,359,1,3,0.0276984581855687,1
3,1,360,1,1,0.917131826032952,0
3,1,360,1,2,0.721447463100926,0
3,1,360,1,3,0.0311161216560522,-8
3,1,361,1,1,0.0263113905329198,8
3,1,361,1,2,0.0306617526797046,-3
3,1,361,1,3,0.0301537160514829,1
3,1,362,1,1,0.0272458032496761,-9
3,1,362,1,2,0.0302611401176214,-2
3,1,362,1,3,0.0311818639110613,10
3,1,363,1,1,0.0339940035957275,8
3,1,363,1,2,0.0285072972987984,-2
3,1,363,1,3,0.0272368653649839,5
3,1,364,1,1,0.0281462445597564,-4
3,1,364,1,2,0.0328596965085725,9
3,1,364,1,3,0.0297511716940966,10
3,1,365,1,1,0.0364625735329187,-10
3,1,365,1,2,0.0362517444556494,10
3,1,365,1,3,0.0312570847286081,0
3,1,366,1,1,0.0631827759680438,0
3,1,366,1,2,0.0582323049630761,0
3,1,366,1,3,0.0311285842202952,-1
3,1,367,1,1,0.154094836017545,0
3,1,367,1,2,0.107642447481094,0
3,1,367,1,3,0.0291349551368476,2
3,1,368,1,1,0.391973752099746,0
3,1,368,1,2,0.244199130488362,0
3,1,368,1,3,0.0288973858784804,-3
3,1,369,1,1,0.686527224605139,0
3,1,369,1,2,0.43254223133281,0
3,1,369,1,3,0.0301541060831826,10
3,1,370,1,1,0.86775663258234,0
3,1,370,1,2,0.616361253072351,0
3,1,370,1,3,0.0285133583342218,2
3,1,371,1,1,0.0261301680918388,-9
3,1,371,1,2,0.0304577403541914,-8
3,1,371,1,3,0.0251713456306712,-9
3,1,372,1,1,0.0281523364561256,-7
3,1,372,1,2,0.0270318316512347,2
3,1,372,1,3,0.0289881601434435,-10
3,1,373,1,1,0.0281488778209099,-4
3,1,373,1,2,0.0266827569407292,9
3,1,373,1,3,0.0306781624073525,3
3,1,374,1,1,0.0287100690032217,6
3,1,374,1,2,0.0308911644135543,3
3,1,374,1,3,0.0256447390757781,-1
3,1,375,1,1,0.0330973751800124,1
3,1,375,1,2,0.0318033274555574,-10
3,1,375,1,3,0.0283760802930305,4
3,1,376,1,1,0.0525834289056756,0
3,1,376,1,2,0.0393143887456009,0
3,1,376,1,3,0.0275928247321148,-10
3,1,377,1,1,0.0946317317929054,0
3,1,377,1,2,0.067629265383623,0
3,1,377,1,3,0.0270412608656047,-3
3,1,378,1,1,0.227679522683591,0
3,1,378,1,2,0.144035111326576,0
3,1,378,1,3,0.0264679678227389,-2
3,1,379,1,1,0.509924402742904,0
3,1,379,1,2,0.293150415053711,0
3,1,379,1,3,0.0306939500902156,-7
3,1,380,1,1,0.778084881397579,0
3,1,380,1,2,0.500561995826657,0
3,1,380,1,3,0.0290043147025301,5
3,1,381,1,1,0.024417848176196,3
3,1,381,1,2,0.0290371572409781,4
3,1,381,1,3,0.0257988770581969,-4
3,1,382,1,1,0.0298944681369248,-9
3,1,382,1,2,0.0292995850013673,7
3,1,382,1,3,0.0302496513487627,-5
3,1,383,1,1,0.026646247049068,4
3,1,383,1,2,0.0290822851430859,10
3,1,383,1,3,0.0279748684046264,1
3,1,384,1,1,0.0311124701567626,-8
3,1,384,1,2,0.0276413722201155,-1
3,1,384,1,3,0.0258158673501207,8
3,1,385,1,1,0.0272920834289596,0
3,1,385,1,2,0.0275792462563599,9
3,1,385,1,3,0.0275859419629263,-7
3,1,386,1,1,0.0340056170110982,7
3,1,386,1,2,0.0336038165124172,0
3,1,386,1,3,0.0264949975611571,2
3,1,387,1,1,0.0490788033560782,0
3,1,387,1,2,0.0369788843651131,0
3,1,387,1,3,0.0256151799399027,-3
3,1,388,1,1,0.122351686933925,0
3,1,388,1,2,0.0853949883171302,0
3,1,388,1,3,0.0266903217655591,-4
3,1,389,1,1,0.315663354144193,0
3,1,389,1,2,0.195159421223251,0
3,1,389,1,3,0.0233143316198701,7
3,1,390,1,1,0.619366880669427,0
3,1,390,1,2,0.371564083049503,0
3,1,390,1,3,0.024772100567569,8
3,1,391,1,1,0.0261297772965553,5
3,1,391,1,2,0.032622237214653,-5
3,1,391,1,3,0.0267179294757984,2
3,1,392,1,1,0.0229119940021386,-9
3,1,392,1,2,0.0224030578308721,3
3,1,392,1,3,0.0262863656768698,8
3,1,393,1,1,0.025702602658952,7
3,1,393,1,2,0.0223929308034615,10
3,1,393,1,3,0.023137888662828,1
3,1,394,1,1,0.0229371714503025,-1
3,1,394,1,2,0.0271706596455891,-4
3,1,394,1,3,0.0245886268801048,2
3,1,395,1,1,0.0272000129577379,0
3,1,395,1,2,0.027228901262714,-5
3,1,395,1,3,0.0236027714500717,-8
3,1,396,1,1,0.0264760974812752,-3
3,1,396,1,2,0.0290800892003809,6
3,1,396,1,3,0.0242796034235268,-10
3,1,397,1,1,0.0318656121938504,1
3,1,397,1,2,0.032205842030924,0
3,1,397,1,3,0.0243567361885439,9
3,1,398,1,1,0.048347654712277,0
3,1,398,1,2,0.0536321553238375,0
3,1,398,1,3,0.0266710691951542,-3
3,1,399,1,1,0.158091610730836,0
3,1,399,1,2,0.100037795786168,0
3,1,399,1,3,0.0264139280728834,-6
3,1,400,1,1,0.40945823380803,0
3,1,400,1,2,0.216043167977987,0
3,1,400,1,3,0.025656078207633,5
3,1,401,1,1,0.0565363458886721,6
3,1,401,1,2,0.0627191262419617,2
3,1,401,1,3,0.0523884096865041,-1
3,1,402,1,1,0.0658661203316503,0
3,1,402,1,2,0.0689652693294765,-1
3,1,402,1,3,0.0536125258597682,-4
3,1,403,1,1,0.108977010599927,-1
3,1,403,1,2,0.092952405651459,0
3,1,403,1,3,0.0513965733178232,4
3,1,404,1,1,0.231416736977814,0
3,1,404,1,2,0.166729512350722,0
3,1,404,1,3,0.0510672521341598,7
3,1,405,1,1,0.431581716667992,0
3,1,405,1,2,0.30002162656414,0
3,1,405,1,3,0.0531972739857741,-8
3,1,406,1,1,0.659135580672638,0
3,1,406,1,2,0.472031208680523,0
3,1,406,1,3,0.054019558936218,-9
3,1,407,1,1,0.811026883455167,0
3,1,407,1,2,0.626808020590989,0
3,1,407,1,3,0.0515957843574598,-10
3,1,408,1,1,0.887997625539099,0
3,1,408,1,2,0.724541087134293,0
3,1,408,1,3,0.0513648092028312,1
3,1,409,1,1,0.924602904745034,0
3,1,409,1,2,0.797662864554897,0
3,1,409,1,3,0.0516080231486943,-3
3,1,410,1,1,0.943871980099319,0
3,1,410,1,2,0.838456270035188,0
3,1,410,1,3,0.0525620797348908,8
3,1,411,1,1,0.0513764215451229,7
3,1,411,1,2,0.0490456368672151,1
3,1,411,1,3,0.0407323044710728,2
3,1,412,1,1,0.0488929894672349,-10
3,1,412,1,2,0.0488474121917901,6
3,1,412,1,3,0.0468054606061263,-6
3,1,413,1,1,0.0747892957219701,0
3,1,413,1,2,0.0627887967387455,0
3,1,413,1,3,0.0444766343972685,-8
3,1,414,1,1,0.137532815181847,0
3,1,414,1,2,0.11052812631239,0
3,1,414,1,3,0.0417183443519323,-8
3,1,415,1,1,0.301237254544871,0
3,1,415,1,2,0.216653212184156,0
3,1,415,1,3,0.042104938410868,10
3,1,416,1,1,0.539422563926371,0
3,1,416,1,2,0.371113759710698,0
3,1,416,1,3,0.0428894489527033,0
3,1,417,1,1,0.755186306075691,0
3,1,417,1,2,0.546450808762691,0
3,1,417,1,3,0.0435477646135335,-9
3,1,418,1,1,0.86845613637084,0
3,1,418,1,2,0.69191990409882,0
3,1,418,1,3,0.0460261566997612,-6
3,1,419,1,1,0.920466521214545,0
3,1,419,1,2,0.780653009591694,0
3,1,419,1,3,0.0426436072002869,-9
3,1,420,1,1,0.946389427536528,0
3,1,420,1,2,0.844429754944665,0
3,1,420,1,3,0.0425181412738482,-9
3,1,421,1,1,0.0389193646925887,-9
3,1,421,1,2,0.0369234717855411,4
3,1,421,1,3,0.0379426467687211,9
3,1,422,1,1,0.0440387095905592,0
3,1,422,1,2,0.0407474864809565,-1
3,1,422,1,3,0.0375221473125837,6
3,1,423,1,1,0.0458663696279737,0
3,1,423,1,2,0.0437937641867545,0
3,1,423,1,3,0.0367726205393068,-9
3,1,424,1,1,0.0797653209657297,0
3,1,424,1,2,0.0738592154689099,0
3,1,424,1,3,0.0367683476406303,-4
3,1,425,1,1,0.182229437882358,0
3,1,425,1,2,0.144441095024237,0
3,1,425,1,3,0.0393917964397409,9
3,1,426,1,1,0.404842103085726,0
3,1,426,1,2,0.264720516554063,0
3,1,426,1,3,0.036196969805315,6
3,1,427,1,1,0.660311054004761,0
3,1,427,1,2,0.447965818545241,0
3,1,427,1,3,0.038259280267636,6
3,1,428,1,1,0.832766646691844,0
3,1,428,1,2,0.626563159081079,0
3,1,428,1,3,0.0359291990718683,-8
3,1,429,1,1,0.912726448060046,0
3,1,429,1,2,0.755449566292955,0
3,1,429,1,3,0.0361869589542913,-7
3,1,430,1,1,0.944796122185494,0
3,1,430,1,2,0.837256852436661,0
3,1,430,1,3,0.0354492569389959,-7
3,1,431,1,1,0.0380953895817141,0
3,1,431,1,2,0.0342328617937004,4
3,1,431,1,3,0.0332756440056591,-1
3,1,432,1,1,0.0360965645477918,1
3,1,432,1,2,0.0320739180250186,10
3,1,432,1,3,0.0371071142188625,1
3,1,433,1,1,0.0392971904828507,1
3,1,433,1,2,0.0385315249578052,0
3,1,433,1,3,0.0332159723299175,-2
3,1,434,1,1,0.0563132982877679,0
3,1,434,1,2,0.0511895117725542,0
3,1,434,1,3,0.0330435259617287,3
3,1,435,1,1,0.103125473026507,0
3,1,435,1,2,0.0842623130348452,0
3,1,435,1,3,0.0347582786091504,-7
3,1,436,1,1,0.265784581574052,0
3,1,436,1,2,0.177431523080401,0
3,1,436,1,3,0.0335536885028078,4
3,1,437,1,1,0.52581103463558,0
3,1,437,1,2,0.338178578292652,0
3,1,437,1,3,0.0364687425549468,7
3,1,438,1,1,0.762984552186176,0
3,1,438,1,2,0.533770468959415,0
3,1,438,1,3,0.0298867015892524,-9
3,1,439,1,1,0.888874638112433,0
3,1,439,1,2,0.695099465387893,0
3,1,439,1,3,0.0291146328877879,-5
3,1,440,1,1,0.94135735516135,0
3,1,440,1,2,0.810179840974656,0
3,1,440,1,3,0.0327298568658734,-10
3,1,441,1,1,0.0320672873809573,1
3,1,441,1,2,0.0333480977937628,-5
3,1,441,1,3,0.0376608167981471,7
3,1,442,1,1,0.0325608371499168,-10
3,1,442,1,2,0.0314579172106854,-9
3,1,442,1,3,0.0335739370028788,-7
3,1,443,1,1,0.0343010568532678,9
3,1,443,1,2,0.0343670261137579,-6
3,1,443,1,3,0.0325560747713432,3
3,1,444,1,1,0.0405058921559693,5
3,1,444,1,2,0.0379248959833543,0
3,1,444,1,3,0.0303770684253474,0
3,1,445,1,1,0.0649453808768684,0
3,1,445,1,2,0.0603508034873082,0
3,1,445,1,3,0.0324248874976165,-2
3,1,446,1,1,0.154078529959343,0
3,1,446,1,2,0.113634873374996,0
3,1,446,1,3,0.0340474580090557,-10
3,1,447,1,1,0.360962146763294,0
3,1,447,1,2,0.226300435171894,0
3,1,447,1,3,0.033196599604341,8
3,1,448,1,1,0.646142433729653,0
3,1,448,1,2,0.417133185512649,0
3,1,448,1,3,0.0274657019188396,-1
3,1,449,1,1,0.843538328620231,0
3,1,449,1,2,0.611136407082153,0
3,1,449,1,3,0.029864324395224,-2
3,1,450,1,1,0.927110677673334,0
3,1,450,1,2,0.757629415496328,0
3,1,450,1,3,0.0311664557245698,-1
3,1,451,1,1,0.0295180130686921,-9
3,1,451,1,2,0.0261447855091397,1
3,1,451,1,3,0.028273832479996,10
3,1,452,1,1,0.0301928449504974,-2
3,1,452,1,2,0.0294329024504856,-5
3,1,452,1,3,0.0297799939678419,1
3,1,453,1,1,0.0317209368934047,10
3,1,453,1,2,0.0273932305493249,1
3,1,453,1,3,0.026424954356397,8
3,1,454,1,1,0.0336060701580152,1
3,1,454,1,2,0.0344244351111267,8
3,1,454,1,3,0.0293117828321765,-8
3,1,455,1,1,0.0445555501607207,0
3,1,455,1,2,0.0357242786994162,7
3,1,455,1,3,0.0293731853880065,-2
3,1,456,1,1,0.081877858139005,0
3,1,456,1,2,0.070206025769362,0
3,1,456,1,3,0.0299149589284215,-8
3,1,457,1,1,0.23351370109167,0
3,1,457,1,2,0.160459766660033,0
3,1,457,1,3,0.0286428557480215,1
3,1,458,1,1,0.489613314455059,0
3,1,458,1,2,0.288660197758664,0
3,1,458,1,3,0.0284910514254642,0
3,1,459,1,1,0.754094861539538,0
3,1,459,1,2,0.494275192099992,0
3,1,459,1,3,0.0305069968197275,-10
3,1,460,1,1,0.897383097097927,0
3,1,460,1,2,0.676266198653881,0
3,1,460,1,3,0.0295906121511711,10
3,1,461,1,1,0.0287534678179518,-6
3,1,461,1,2,0.0268356597139595,-4
3,1,461,1,3,0.0272222634215768,2
3,1,462,1,1,0.0309740027855704,5
3,1,462,1,2,0.0274703605651849,4
3,1,462,1,3,0.0281653503130712,1
3,1,463,1,1,0.0289531687411072,5
3,1,463,1,2,0.0270927339836877,8
3,1,463,1,3,0.0275519906653723,-5
3,1,464,1,1,0.028436490668907,-9
3,1,464,1,2,0.0263575079054608,-7
3,1,464,1,3,0.0279787829687104,-5
3,1,465,1,1,0.0339387143970573,-10
3,1,465,1,2,0.0337111045922122,0
3,1,465,1,3,0.0270797469094748,-1
3,1,466,1,1,0.0546945407761139,0
3,1,466,1,2,0.0469324202362922,0
3,1,466,1,3,0.0297074384442467,10
3,1,467,1,1,0.118882720749034,0
3,1,467,1,2,0.0940490655430255,0
3,1,467,1,3,0.030196565253723,-2
3,1,468,1,1,0.311255537885512,0
3,1,468,1,2,0.187276854956151,0
3,1,468,1,3,0.028054789242955,-1
3,1,469,1,1,0.605939121404481,0
3,1,469,1,2,0.368240422914924,0
3,1,469,1,3,0.0321112948582942,-1
3,1,470,1,1,0.832413779719556,0
3,1,470,1,2,0.568669728730578,0
3,1,470,1,3,0.0266294169091329,10
3,1,471,1,1,0.0273609309967134,-4
3,1,471,1,2,0.0266116162827708,-1
3,1,471,1,3,0.0285756647907331,4
3,1,472,1,1,0.0255032564487919,-4
3,1,472,1,2,0.0311564706729766,2
3,1,472,1,3,0.0287605142980154,7
3,1,473,1,1,0.0269443652355883,-8
3,1,473,1,2,0.0330523074735424,10
3,1,473,1,3,0.027301630696579,-4
3,1,474,1,1,0.027860397799106,6
3,1,474,1,2,0.0271462214361964,-2
3,1,474,1,3,0.0296583791633296,0
3,1,475,1,1,0.0334500735313639,4
3,1,475,1,2,0.0266194338330947,-5
3,1,475,1,3,0.0280423647652123,-4
3,1,476,1,1,0.0353800039717273,0
3,1,476,1,2,0.0347997629823811,-1
3,1,476,1,3,0.0283070787291644,1
3,1,477,1,1,0.0707376720960146,0
3,1,477,1,2,0.0613830191660432,0
3,1,477,1,3,0.0278511765677972,1
3,1,478,1,1,0.169759048235641,0
3,1,478,1,2,0.109380587863312,0
3,1,478,1,3,0.0284191973279708,9
3,1,479,1,1,0.415959875376511,0
3,1,479,1,2,0.24032512008067,0
3,1,479,1,3,0.0265704838413636,1
3,1,480,1,1,0.70370946708267,0
3,1,480,1,2,0.444384945575689,0
3,1,480,1,3,0.0274259769423266,4
3,1,481,1,1,0.0256581022674972,-9
3,1,481,1,2,0.0281367667192695,4
3,1,481,1,3,0.0251231848356694,-6
3,1,482,1,1,0.0281174081946341,-6
3,1,482,1,2,0.030209115470205,-1
3,1,482,1,3,0.0275600881129153,3
3,1,483,1,1,0.0249108514009579,1
3,1,483,1,2,0.0289246308369423,-7
3,1,483,1,3,0.0260103276918654,0
3,1,484,1,1,0.0272760728378618,10
3,1,484,1,2,0.0268123869279968,10
3,1,484,1,3,0.0259404702061333,-4
3,1,485,1,1,0.0268905669787414,-5
3,1,485,1,2,0.0248825172395635,-6
3,1,485,1,3,0.0312420547171429,4
3,1,486,1,1,0.0280258152692629,-7
3,1,486,1,2,0.0309075416708139,0
3,1,486,1,3,0.0275416457657419,4
3,1,487,1,1,0.042047179384432,0
3,1,487,1,2,0.04106625084362,0
3,1,487,1,3,0.0262710260079786,-10
3,1,488,1,1,0.0767298081626924,0
3,1,488,1,2,0.0724222496511762,0
3,1,488,1,3,0.0280355404378629,-5
3,1,489,1,1,0.228068964783611,0
3,1,489,1,2,0.148457485363922,0
3,1,489,1,3,0.0257786917690504,-6
3,1,490,1,1,0.52796001424522,0
3,1,490,1,2,0.297142473562826,0
3,1,490,1,3,0.0259926563038776,-5
3,1,491,1,1,0.0252138176920801,2
3,1,491,1,2,0.0233884944843188,3
3,1,491,1,3,0.0245561461130389,-10
3,1,492,1,1,0.0234997752751238,-3
3,1,492,1,2,0.021796613727458,5
3,1,492,1,3,0.0264036712711023,5
3,1,493,1,1,0.0255659331961374,10
3,1,493,1,2,0.0269012835380808,0
3,1,493,1,3,0.028039338665557,-1
3,1,494,1,1,0.0259566851722646,7
3,1,494,1,2,0.0255628050444488,9
3,1,494,1,3,0.0279013414762673,-10
3,1,495,1,1,0.0258663778344267,1
3,1,495,1,2,0.0280759183671416,-5
3,1,495,1,3,0.023239520438155,6
3,1,496,1,1,0.0271253239650518,10
3,1,496,1,2,0.0246401262965752,-5
3,1,496,1,3,0.0263518329648513,0
3,1,497,1,1,0.0264263970699719,-3
3,1,497,1,2,0.0283299415754965,0
3,1,497,1,3,0.0236569025970332,-3
3,1,498,1,1,0.0434439642016908,0
3,1,498,1,2,0.042114980116378,0
3,1,498,1,3,0.023790567017079,7
3,1,499,1,1,0.118085607486437,0
3,1,499,1,2,0.0858721575192728,0
3,1,499,1,3,0.021238954166532,8
3,1,500,1,1,0.309567390499772,0
3,1,500,1,2,0.188596761761454,0
3,1,500,1,3,0.0260662818672159,9
3,1,501,1,1,0.0603044449439289,-2
3,1,501,1,2,0.0540932824348361,-6
3,1,501,1,3,0.0509491044732276,10
3,1,502,1,1,0.0700783171969421,1
3,1,502,1,2,0.0617562606394548,1
3,1,502,1,3,0.0478979847096544,-10
3,1,503,1,1,0.102640200675795,0
3,1,503,1,2,0.0872127825758398,0
3,1,503,1,3,0.0530747443361198,-3
3,1,504,1,1,0.205256671676654,0
3,1,504,1,2,0.155939340517772,0
3,1,504,1,3,0.0525848060167015,-3
3,1,505,1,1,0.396139440740881,0
3,1,505,1,2,0.277791643788391,0
3,1,505,1,3,0.0514347882415714,10
3,1,506,1,1,0.625101877781645,0
3,1,506,1,2,0.452602287903501,0
3,1,506,1,3,0.0565012805206886,-10
3,1,507,1,1,0.792134752042774,0
3,1,507,1,2,0.595887191626999,0
3,1,507,1,3,0.0490282730665477,10
3,1,508,1,1,0.878420946325514,0
3,1,508,1,2,0.708706265815254,0
3,1,508,1,3,0.0526429805344076,-4
3,1,509,1,1,0.918501018635841,0
3,1,509,1,2,0.781103118959447,0
3,1,509,1,3,0.0536312343425154,5
3,1,510,1,1,0.940695257616542,0
3,1,510,1,2,0.830279355462702,0
3,1,510,1,3,0.0493311003265848,-9
3,1,511,1,1,0.0489635332517195,3
3,1,511,1,2,0.0434293627242682,-6
3,1,511,1,3,0.0424110345839737,6
3,1,512,1,1,0.0501374035579084,0
3,1,512,1,2,0.0467958528752597,10
3,1,512,1,3,0.0436006356210667,9
3,1,513,1,1,0.0611376242161241,0
3,1,513,1,2,0.0587197281714024,0
3,1,513,1,3,0.0411602729693684,2
3,1,514,1,1,0.126057743638369,0
3,1,514,1,2,0.0989487240451177,0
3,1,514,1,3,0.0450894689254815,-10
3,1,515,1,1,0.262626783801932,0
3,1,515,1,2,0.183484337000153,0
3,1,515,1,3,0.0425685349432543,2
3,1,516,1,1,0.495321968525533,0
3,1,516,1,2,0.333204893476164,0
3,1,516,1,3,0.0438846210714859,3
3,1,517,1,1,0.719849010673114,0
3,1,517,1,2,0.509916406114685,0
3,1,517,1,3,0.0422687375462948,-10
3,1,518,1,1,0.851956215692023,0
3,1,518,1,2,0.661559005721867,0
3,1,518,1,3,0.0398763156841598,9
3,1,519,1,1,0.912852846558533,0
3,1,519,1,2,0.768131478858965,0
3,1,519,1,3,0.0427358320919376,-3
3,1,520,1,1,0.941696446343612,0
3,1,520,1,2,0.831242744297722,0
3,1,520,1,3,0.038637290719901,6
3,1,521,1,1,0.037985574981377,-2
3,1,521,1,2,0.0341543158011677,7
3,1,521,1,3,0.0369740502246258,10
3,1,522,1,1,0.0377498114835581,10
3,1,522,1,2,0.0403037375343493,-2
3,1,522,1,3,0.0368469677296808,0
3,1,523,1,1,0.0451022367474252,0
3,1,523,1,2,0.0512038510292541,0
3,1,523,1,3,0.0383823918270178,6
3,1,524,1,1,0.0766912550209573,0
3,1,524,1,2,0.0579089273434937,0
3,1,524,1,3,0.0355317616552758,-10
3,1,525,1,1,0.160338522494167,0
3,1,525,1,2,0.113291641589577,0
3,1,525,1,3,0.0393610589381437,7
3,1,526,1,1,0.353905025295443,0
3,1,526,1,2,0.239857343876696,0
3,1,526,1,3,0.0373784424395183,9
3,1,527,1,1,0.615494919341584,0
3,1,527,1,2,0.410917370668638,0
3,1,527,1,3,0.0381283116246102,-8
3,1,528,1,1,0.804085694273944,0
3,1,528,1,2,0.587122571958204,0
3,1,528,1,3,0.0396060694549303,8
3,1,529,1,1,0.898993420027608,0
3,1,529,1,2,0.725551318370296,0
3,1,529,1,3,0.0399201610988467,0
3,1,530,1,1,0.940285522753305,0
3,1,530,1,2,0.818133601774145,0
3,1,530,1,3,0.0396524222825214,8
3,1,531,1,1,0.0350898532544258,-9
3,1,531,1,2,0.0345461996025649,-2
3,1,531,1,3,0.0321462193379327,5
3,1,532,1,1,0.0364413593770378,-3
3,1,532,1,2,0.0310943480112874,-3
3,1,532,1,3,0.0331377244775339,-7
3,1,533,1,1,0.0371039411920184,10
3,1,533,1,2,0.0399427067914465,2
3,1,533,1,3,0.0346283945061987,10
3,1,534,1,1,0.0459063317158437,0
3,1,534,1,2,0.0441621435736617,-8
3,1,534,1,3,0.0297952281506614,-10
3,1,535,1,1,0.0907519884315297,0
3,1,535,1,2,0.0786849752363473,0
3,1,535,1,3,0.0320553943079631,5
3,1,536,1,1,0.217629974206268,0
3,1,536,1,2,0.154923640669476,0
3,1,536,1,3,0.0342765900625394,10
3,1,537,1,1,0.468753519813322,0
3,1,537,1,2,0.291748038770836,0
3,1,537,1,3,0.0310662256138616,4
3,1,538,1,1,0.723178211905638,0
3,1,538,1,2,0.494396837181262,0
3,1,538,1,3,0.0319269847712232,4
3,1,539,1,1,0.869425717821759,0
3,1,539,1,2,0.661492494462412,0
3,1,539,1,3,0.0326697587951717,-6
3,1,540,1,1,0.932914737932926,0
3,1,540,1,2,0.787429712373441,0
3,1,540,1,3,0.0337650440487692,-6
3,1,541,1,1,0.0323027229330592,-8
3,1,541,1,2,0.0295917025359938,7
3,1,541,1,3,0.03126923950638,9
3,1,542,1,1,0.0334990774402729,-10
3,1,542,1,2,0.0303758926762033,0
3,1,542,1,3,0.0280481921284704,-3
3,1,543,1,1,0.0327392563230796,10
3,1,543,1,2,0.0328672349363758,10
3,1,543,1,3,0.0347640521339183,-2
3,1,544,1,1,0.0383422292687762,1
3,1,544,1,2,0.0371870995953191,0
3,1,544,1,3,0.0306726777452465,-2
3,1,545,1,1,0.0577616022590853,1
3,1,545,1,2,0.0510644504059241,1
3,1,545,1,3,0.0330523977286165,-1
3,1,546,1,1,0.12407324210348,0
3,1,546,1,2,0.0910145537695375,0
3,1,546,1,3,0.029218708976213,-1
3,1,547,1,1,0.314514061503946,0
3,1,547,1,2,0.210290450127237,0
3,1,547,1,3,0.0329489036413912,0
3,1,548,1,1,0.589291409535746,0
3,1,548,1,2,0.375055447252263,0
3,1,548,1,3,0.029760261099633,-10
3,1,549,1,1,0.810233413675453,0
3,1,549,1,2,0.565628996313724,0
3,1,549,1,3,0.0332099036462153,-10
3,1,550,1,1,0.915282349992506,0
3,1,550,1,2,0.728881209784292,0
3,1,550,1,3,0.031431386162951,-3
3,1,551,1,1,0.0304747973428369,9
3,1,551,1,2,0.031604808587869,1
3,1,551,1,3,0.0297431300892595,3
3,1,552,1,1,0.0296783779671283,1
3,1,552,1,2,0.0321510236739649,0
3,1,552,1,3,0.0324521342301733,8
3,1,553,1,1,0.0352421230193262,-5
3,1,553,1,2,0.0294765882801856,-10
3,1,553,1,3,0.0273683365351877,0
3,1,554,1,1,0.031724411447917,-1
3,1,554,1,2,0.0345468885815758,5
3,1,554,1,3,0.0275140213802392,0
3,1,555,1,1,0.0398681582654508,0
3,1,555,1,2,0.0369669219813709,-1
3,1,555,1,3,0.0293496218622036,-8
3,1,556,1,1,0.0770857418670455,0
3,1,556,1,2,0.0521919460352075,0
3,1,556,1,3,0.0287416054742565,2
3,1,557,1,1,0.176316360955697,0
3,1,557,1,2,0.123272907624305,0
3,1,557,1,3,0.0314858995905777,-9
3,1,558,1,1,0.409010898973854,0
3,1,558,1,2,0.254443627300538,0
3,1,558,1,3,0.0270254131438257,-10
3,1,559,1,1,0.703201809872553,0
3,1,559,1,2,0.445211644273281,0
3,1,559,1,3,0.0281437085056122,3
3,1,560,1,1,0.874635758573186,0
3,1,560,1,2,0.635600395752641,0
3,1,560,1,3,0.0327871038507318,-4
3,1,561,1,1,0.0274391541554889,-9
3,1,561,1,2,0.0268840358184536,-8
3,1,561,1,3,0.0298594334855899,6
3,1,562,1,1,0.0292711503149499,-3
3,1,562,1,2,0.0317533191787129,8
3,1,562,1,3,0.0279566733914416,-2
3,1,563,1,1,0.030907442506402,0
3,1,563,1,2,0.0261957628315727,-5
3,1,563,1,3,0.0267983833221065,-2
3,1,564,1,1,0.0328320028684225,-9
3,1,564,1,2,0.0313834734624168,-1
3,1,564,1,3,0.028385334647519,-8
3,1,565,1,1,0.0285772160845489,6
3,1,565,1,2,0.0328126000742912,1
3,1,565,1,3,0.0274336290024193,-7
3,1,566,1,1,0.0404683991471384,0
3,1,566,1,2,0.041635866404061,0
3,1,566,1,3,0.0256213870543927,5
3,1,567,1,1,0.0989524252520859,0
3,1,567,1,2,0.0737515907102502,0
3,1,567,1,3,0.028809923389149,10
3,1,568,1,1,0.260606877175388,0
3,1,568,1,2,0.162952529802358,0
3,1,568,1,3,0.0277448285794464,8
3,1,569,1,1,0.532742969119746,0
3,1,569,1,2,0.310103132195993,0
3,1,569,1,3,0.0271908856210952,9
3,1,570,1,1,0.794462574398176,0
3,1,570,1,2,0.528021036147603,0
3,1,570,1,3,0.0292089506114454,-3
3,1,571,1,1,0.0262943921228165,5
3,1,571,1,2,0.0268643800200496,-2
3,1,571,1,3,0.0270029969640226,-3
3,1,572,1,1,0.0258509438584956,10
3,1,572,1,2,0.0291995342842801,-8
3,1,572,1,3,0.0274079040152744,9
3,1,573,1,1,0.0259084867803737,-5
3,1,573,1,2,0.0285320156713053,0
3,1,573,1,3,0.0287896232124684,-2
3,1,574,1,1,0.0278550696367664,6
3,1,574,1,2,0.0298663471970041,-4
3,1,574,1,3,0.0273925544801697,-10
3,1,575,1,1,0.0292551209137589,4
3,1,575,1,2,0.0284280789036882,-5
3,1,575,1,3,0.0293907400290227,-6
3,1,576,1,1,0.0309712647463534,8
3,1,576,1,2,0.0327892231172011,4
3,1,576,1,3,0.0290429446486749,5
3,1,577,1,1,0.056781773886888,0
3,1,577,1,2,0.045533469429919,0
3,1,577,1,3,0.0267396732538025,-10
3,1,578,1,1,0.126165288130522,0
3,1,578,1,2,0.0915245088039997,0
3,1,578,1,3,0.0262940600343383,-1
3,1,579,1,1,0.340060772103774,0
3,1,579,1,2,0.20643969533927,0
3,1,579,1,3,0.0289825022691864,-3
3,1,580,1,1,0.651054483579269,0
3,1,580,1,2,0.388216913527837,0
3,1,580,1,3,0.0285168410204302,5
3,1,581,1,1,0.0302767608087481,2
3,1,581,1,2,0.0241377835758568,10
3,1,581,1,3,0.0249499445686872,-1
3,1,582,1,1,0.0326990289417205,6
3,1,582,1,2,0.0242113596802058,-4
3,1,582,1,3,0.0246272289913231,7
3,1,583,1,1,0.0278862234592965,-4
3,1,583,1,2,0.0268654179267259,9
3,1,583,1,3,0.0274443015706469,10
3,1,584,1,1,0.0246315065700705,0
3,1,584,1,2,0.0275817557561412,5
3,1,584,1,3,0.0268558997284329,-7
3,1,585,1,1,0.0265889765579087,8
3,1,585,1,2,0.0249374783791528,-8
3,1,585,1,3,0.0294163177669181,0
3,1,586,1,1,0.0311376555157613,1
3,1,586,1,2,0.028650023014015,-3
3,1,586,1,3,0.0300847169113429,-10
3,1,587,1,1,0.0339113184930863,0
3,1,587,1,2,0.0319544287386432,-7
3,1,587,1,3,0.0290662605360525,-9
3,1,588,1,1,0.0692938904695793,0
3,1,588,1,2,0.0573752169459676,0
3,1,588,1,3,0.0303339690630926,-9
3,1,589,1,1,0.183952576991429,0
3,1,589,1,2,0.129538036055512,0
3,1,589,1,3,0.0284148970885333,0
3,1,590,1,1,0.451445348020773,0
3,1,590,1,2,0.24994037354283,0
3,1,590,1,3,0.026653652011217,9
3,1,591,1,1,0.0214232121462396,-10
3,1,591,1,2,0.0235052204501091,-2
3,1,591,1,3,0.0263051097169996,7
3,1,592,1,1,0.0238536980778179,7
3,1,592,1,2,0.0254685052299364,1
3,1,592,1,3,0.0287607044073901,10
3,1,593,1,1,0.0277212484691311,-4
3,1,593,1,2,0.0258004726065365,5
3,1,593,1,3,0.0265836776419246,9
3,1,594,1,1,0.0255936271746738,6
3,1,594,1,2,0.0261742457796833,-10
3,1,594,1,3,0.0234283346304,4
3,1,595,1,1,0.025670694380256,-6
3,1,595,1,2,0.0218426070798701,-3
3,1,595,1,3,0.027354593420507,-9
3,1,596,1,1,0.0279236354013698,5
3,1,596,1,2,0.028259747169508,0
3,1,596,1,3,0.024432837125564,-7
3,1,597,1,1,0.0303609284881442,-6
3,1,597,1,2,0.0253787903515793,-5
3,1,597,1,3,0.0237832474003651,9
3,1,598,1,1,0.0412540144112197,0
3,1,598,1,2,0.0379407888226541,0
3,1,598,1,3,0.0233955855835689,3
3,1,599,1,1,0.0937578622134021,0
3,1,599,1,2,0.0756376241759665,0
3,1,599,1,3,0.0203655312122465,-9
3,1,600,1,1,0.264672818533727,0
3,1,600,1,2,0.163170418286816,0
3,1,600,1,3,0.0246979091972725,0
3,1,601,1,1,0.0579121204145127,-5
3,1,601,1,2,0.0596796863123211,-10
3,1,601,1,3,0.0513186533377141,-9
3,1,602,1,1,0.0666837657363028,0
3,1,602,1,2,0.0638597924724483,1
3,1,602,1,3,0.0517598748920704,2
3,1,603,1,1,0.101557139752422,0
3,1,603,1,2,0.0830598274166834,0
3,1,603,1,3,0.0526803560780502,-4
3,1,604,1,1,0.184950281959888,0
3,1,604,1,2,0.140156845078741,0
3,1,604,1,3,0.0490382006022166,10
3,1,605,1,1,0.347827556541363,0
3,1,605,1,2,0.251477405203937,0
3,1,605,1,3,0.052375255262542,-3
3,1,606,1,1,0.590275419702256,0
3,1,606,1,2,0.416218381543629,0
3,1,606,1,3,0.05149636027471,1
3,1,607,1,1,0.770479846475845,0
3,1,607,1,2,0.572614950911317,0
3,1,607,1,3,0.0536461125230397,10
3,1,608,1,1,0.866542761696284,0
3,1,608,1,2,0.692672343846418,0
3,1,608,1,3,0.0575321012693055,0
3,1,609,1,1,0.913307559046573,0
3,1,609,1,2,0.771343283435743,0
3,1,609,1,3,0.0514310714516833,-1
3,1,610,1,1,0.93641348593994,0
3,1,610,1,2,0.821762676756052,0
3,1,610,1,3,0.0506671451401849,0
3,1,611,1,1,0.0469242550166268,-8
3,1,611,1,2,0.0443754266186945,3
3,1,611,1,3,0.0404676635403456,0
3,1,612,1,1,0.0454591723127981,-2
3,1,612,1,2,0.0463450188161722,3
3,1,612,1,3,0.0396896985805188,9
3,1,613,1,1,0.0694329247209191,0
3,1,613,1,2,0.0509010447014673,0
3,1,613,1,3,0.0431118242422551,7
3,1,614,1,1,0.0998476061682781,0
3,1,614,1,2,0.0797734421048102,0
3,1,614,1,3,0.0443440118369109,8
3,1,615,1,1,0.220823774840532,0
3,1,615,1,2,0.168388169496992,0
3,1,615,1,3,0.0408555266262848,-4
3,1,616,1,1,0.454665156003569,0
3,1,616,1,2,0.300228510344206,0
3,1,616,1,3,0.0399266212508516,10
3,1,617,1,1,0.690011199575813,0
3,1,617,1,2,0.477893257353978,0
3,1,617,1,3,0.0449882555343932,-1
3,1,618,1,1,0.835341282191253,0
3,1,618,1,2,0.645348584150049,0
3,1,618,1,3,0.0417581383353311,-7
3,1,619,1,1,0.906933475888628,0
3,1,619,1,2,0.748984509475835,0
3,1,619,1,3,0.040525178932933,-5
3,1,620,1,1,0.937675651701317,0
3,1,620,1,2,0.82193230469366,0
3,1,620,1,3,0.0392028209040647,9
3,1,621,1,1,0.0326173608348255,-7
3,1,621,1,2,0.0383529129983543,-6
3,1,621,1,3,0.0355218278257066,-10
3,1,622,1,1,0.0410686106585819,-8
3,1,622,1,2,0.0409652402284818,-9
3,1,622,1,3,0.0377470089795458,-8
3,1,623,1,1,0.0421501750796305,1
3,1,623,1,2,0.0426709050857512,9
3,1,623,1,3,0.0365383480915525,1
3,1,624,1,1,0.0664633424705413,0
3,1,624,1,2,0.0557312131057147,1
3,1,624,1,3,0.0379432984763114,-10
3,1,625,1,1,0.140639859101563,0
3,1,625,1,2,0.101630685582551,0
3,1,625,1,3,0.0355994177576593,-9
3,1,626,1,1,0.307726726193185,0
3,1,626,1,2,0.213716025800555,0
3,1,626,1,3,0.0376813317212304,6
3,1,627,1,1,0.568511552211533,0
3,1,627,1,2,0.374848724883654,0
3,1,627,1,3,0.0351721293260389,-10
3,1,628,1,1,0.778560136674442,0
3,1,628,1,2,0.557820270866257,0
3,1,628,1,3,0.0357167470714633,8
3,1,629,1,1,0.887508144198083,0
3,1,629,1,2,0.706850792193367,0
3,1,629,1,3,0.0345793445659888,-9
3,1,630,1,1,0.935263888234855,0
3,1,630,1,2,0.807589765718618,0
3,1,630,1,3,0.0364583448075367,-8
3,1,631,1,1,0.0334192560796641,-4
3,1,631,1,2,0.0367219194565423,-6
3,1,631,1,3,0.0339326329085574,7
3,1,632,1,1,0.0327324586952454,-7
3,1,632,1,2,0.0325830617276341,2
3,1,632,1,3,0.0365467977308258,-5
3,1,633,1,1,0.0367704440425841,-5
3,1,633,1,2,0.0323074017384053,-7
3,1,633,1,3,0.0364280419293632,-6
3,1,634,1,1,0.0438802709611921,1
3,1,634,1,2,0.0393602209234344,-1
3,1,634,1,3,0.0359942098229289,4
3,1,635,1,1,0.0790599019988653,0
3,1,635,1,2,0.074674733972196,0
3,1,635,1,3,0.03143084428773,-2
3,1,636,1,1,0.188305305516047,0
3,1,636,1,2,0.144117989319943,0
3,1,636,1,3,0.0347546396989998,10
3,1,637,1,1,0.416141552421459,0
3,1,637,1,2,0.266212123763188,0
3,1,637,1,3,0.0328591733570518,0
3,1,638,1,1,0.686001834551153,0
3,1,638,1,2,0.460066623729892,0
3,1,638,1,3,0.031918727901919,-4
3,1,639,1,1,0.853263198866279,0
3,1,639,1,2,0.630351590419025,0
3,1,639,1,3,0.032506954252725,-8
3,1,640,1,1,0.924854432102641,0
3,1,640,1,2,0.765504449235579,0
3,1,640,1,3,0.0324505172300776,-9
3,1,641,1,1,0.0315756643377541,9
3,1,641,1,2,0.0328741056123182,10
3,1,641,1,3,0.0337891229695241,-8
3,1,642,1,1,0.0309465415030334,5
3,1,642,1,2,0.0315352682899755,-2
3,1,642,1,3,0.0313875712043949,-1
3,1,643,1,1,0.0314425801028221,2
3,1,643,1,2,0.0349909530459271,-8
3,1,643,1,3,0.0319847143836839,8
3,1,644,1,1,0.0370290131742867,1
3,1,644,1,2,0.0346001888247682,-6
3,1,644,1,3,0.0368418772024514,-10
3,1,645,1,1,0.0489574570190572,0
3,1,645,1,2,0.0482337543343562,0
3,1,645,1,3,0.0303297377586092,7
3,1,646,1,1,0.105993181109738,0
3,1,646,1,2,0.0796239071661021,0
3,1,646,1,3,0.0307186139917542,10
3,1,647,1,1,0.272762521093264,0
3,1,647,1,2,0.176706721176615,0
3,1,647,1,3,0.0337645983175078,-7
3,1,648,1,1,0.540390655534426,0
3,1,648,1,2,0.339053751063474,0
3,1,648,1,3,0.0323833401714052,4
3,1,649,1,1,0.779749880345196,0
3,1,649,1,2,0.531557383390966,0
3,1,649,1,3,0.0305063048851961,5
3,1,650,1,1,0.902552208893323,0
3,1,650,1,2,0.701376314562137,0
3,1,650,1,3,0.0354176691419709,1
3,1,651,1,1,0.0313472216943232,-10
3,1,651,1,2,0.0277871538755638,-2
3,1,651,1,3,0.0322665732562196,-6
3,1,652,1,1,0.0352501162147877,-7
3,1,652,1,2,0.0287375229081091,-2
3,1,652,1,3,0.0283054855043089,-4
3,1,653,1,1,0.0309593304741245,-9
3,1,653,1,2,0.0329939014341016,5
3,1,653,1,3,0.0321830997927645,7
3,1,654,1,1,0.0307053737600457,9
3,1,654,1,2,0.0329246871636631,1
3,1,654,1,3,0.0293584420802275,-7
3,1,655,1,1,0.0371599290984646,0
3,1,655,1,2,0.0326438219346966,3
3,1,655,1,3,0.0288359802231234,-9
3,1,656,1,1,0.0595822871813404,0
3,1,656,1,2,0.0550481069912955,0
3,1,656,1,3,0.0347596472216887,-8
3,1,657,1,1,0.146166408716796,0
3,1,657,1,2,0.106506069728598,0
3,1,657,1,3,0.0304393040036751,-9
3,1,658,1,1,0.366385565243474,0
3,1,658,1,2,0.216315885525793,0
3,1,658,1,3,0.0281712865211617,-5
3,1,659,1,1,0.654089986970795,0
3,1,659,1,2,0.396777107629561,0
3,1,659,1,3,0.0295608970428832,9
3,1,660,1,1,0.85226849923175,0
3,1,660,1,2,0.600417611440308,0
3,1,660,1,3,0.0287019961196018,-8
3,1,661,1,1,0.0291937102606693,7
3,1,661,1,2,0.0286737309817186,8
3,1,661,1,3,0.032110163860758,0
3,1,662,1,1,0.0270586966759341,10
3,1,662,1,2,0.0315351197950762,5
3,1,662,1,3,0.0275348329269129,2
3,1,663,1,1,0.0286376058607173,0
3,1,663,1,2,0.0281305794238024,-1
3,1,663,1,3,0.0280550124090326,-6
3,1,664,1,1,0.0284131705153056,6
3,1,664,1,2,0.0274176975423994,-1
3,1,664,1,3,0.0255869035414612,-7
3,1,665,1,1,0.0393371308261815,-2
3,1,665,1,2,0.0301941285901732,7
3,1,665,1,3,0.0271863948015031,-10
3,1,666,1,1,0.0415507673973519,0
3,1,666,1,2,0.0355539047766739,1
3,1,666,1,3,0.0292223398703152,8
3,1,667,1,1,0.0782680928862987,0
3,1,667,1,2,0.0644563067538571,0
3,1,667,1,3,0.0262073287488068,1
3,1,668,1,1,0.196110753412929,0
3,1,668,1,2,0.134097335560102,0
3,1,668,1,3,0.0264445109391925,-3
3,1,669,1,1,0.474745450118647,0
3,1,669,1,2,0.276755852675448,0
3,1,669,1,3,0.0282794894521808,10
3,1,670,1,1,0.751818422444187,0
3,1,670,1,2,0.480381532056301,0
3,1,670,1,3,0.0286953371014071,-7
3,1,671,1,1,0.0279222812275688,9
3,1,671,1,2,0.0251810583347509,7
3,1,671,1,3,0.0266167222816233,-8
3,1,672,1,1,0.0231389408757485,5
3,1,672,1,2,0.0266261566199057,10
3,1,672,1,3,0.029563156027334,8
3,1,673,1,1,0.0276245876727681,-4
3,1,673,1,2,0.0284498180382716,-3
3,1,673,1,3,0.0273077261432288,7
3,1,674,1,1,0.0296716186574738,-6
3,1,674,1,2,0.0252927723779274,8
3,1,674,1,3,0.0294089599548712,3
3,1,675,1,1,0.0290744290478188,10
3,1,675,1,2,0.028967070079422,-6
3,1,675,1,3,0.0277271549100161,3
3,1,676,1,1,0.0340679697631395,-8
3,1,676,1,2,0.028844312298963,2
3,1,676,1,3,0.02325690668515,-5
3,1,677,1,1,0.0402093802117015,0
3,1,677,1,2,0.0429709801714789,0
3,1,677,1,3,0.0254695807283408,-5
3,1,678,1,1,0.117669572447423,0
3,1,678,1,2,0.0747375932234884,0
3,1,678,1,3,0.0304307040615823,-6
3,1,679,1,1,0.281733641711777,0
3,1,679,1,2,0.1740969317768,0
3,1,679,1,3,0.0279917128361375,-6
3,1,680,1,1,0.581663134934749,0
3,1,680,1,2,0.340039441210454,0
3,1,680,1,3,0.0294205913850304,7
3,1,681,1,1,0.0297542692451356,0
3,1,681,1,2,0.0267810370614812,-3
3,1,681,1,3,0.0263374006259432,-2
3,1,682,1,1,0.0275721870902013,3
3,1,682,1,2,0.0236868325061451,-6
3,1,682,1,3,0.0257773760387264,3
3,1,683,1,1,0.0249763102772714,1
3,1,683,1,2,0.0279751263673858,8
3,1,683,1,3,0.0306703120107786,-5
3,1,684,1,1,0.0268329922863053,9
3,1,684,1,2,0.0292367486215833,4
3,1,684,1,3,0.0249256780046768,-3
3,1,685,1,1,0.0248234853065803,10
3,1,685,1,2,0.0280174699135872,-6
3,1,685,1,3,0.0276664412057091,7
3,1,686,1,1,0.0263391891362153,10
3,1,686,1,2,0.0267512190768957,2
3,1,686,1,3,0.0272784485020002,-10
3,1,687,1,1,0.0321785995942472,-8
3,1,687,1,2,0.0397084672684035,0
3,1,687,1,3,0.0230520688488884,3
3,1,688,1,1,0.0619432613047704,0
3,1,688,1,2,0.0510547603387735,0
3,1,688,1,3,0.0250795211004585,-7
3,1,689,1,1,0.142970552320286,0
3,1,689,1,2,0.0857000152876585,0
3,1,689,1,3,0.0255422316011294,5
3,1,690,1,1,0.383044212571922,0
3,1,690,1,2,0.208971929892108,0
3,1,690,1,3,0.0258699143070607,-8
3,1,691,1,1,0.0236132004552654,-3
3,1,691,1,2,0.025435422596299,1
3,1,691,1,3,0.0251377899915605,-1
3,1,692,1,1,0.0253906373321272,-2
3,1,692,1,2,0.0250594846789568,2
3,1,692,1,3,0.0260162930055057,4
3,1,693,1,1,0.0252380427175925,-8
3,1,693,1,2,0.0252750980814545,9
3,1,693,1,3,0.0249441256106919,7
3,1,694,1,1,0.0232088314815519,8
3,1,694,1,2,0.0259763544077375,9
3,1,694,1,3,0.0228688336251484,-5
3,1,695,1,1,0.0274609084791726,-2
3,1,695,1,2,0.0269490498915817,8
3,1,695,1,3,0.0253689625670655,-8
3,1,696,1,1,0.0251896869759702,2
3,1,696,1,2,0.0265104386232132,-4
3,1,696,1,3,0.0217806941114536,6
3,1,697,1,1,0.0263058259129211,-8
3,1,697,1,2,0.0242578208297162,0
3,1,697,1,3,0.0265902020418617,8
3,1,698,1,1,0.038667613775472,0
3,1,698,1,2,0.0316119616310727,-1
3,1,698,1,3,0.0226593709596729,-8
3,1,699,1,1,0.0704086241641421,0
3,1,699,1,2,0.0587220526287491,0
3,1,699,1,3,0.024352186131047,8
3,1,700,1,1,0.210098591096115,0
3,1,700,1,2,0.130034328823099,0
3,1,700,1,3,0.0260404722786706,5
