8,1,1,1,42765,42189,42386,42652,42168,41709,39333,31624
8,1,2,1,62980,62800,63001,61668,59409,55923,46833,30892
8,1,3,1,132607,127283,119933,111349,98513,81312,59128,31426
8,1,4,1,194383,189739,180864,165773,142662,110578,71314,31087
8,1,5,1,199520,198420,194929,185682,166055,130633,80892,30784
8,1,6,1,199854,199592,198318,193329,178278,144232,89444,30986
8,1,7,1,199897,199847,199284,196214,184734,153331,95663,31071
8,1,8,1,199898,199865,199602,197762,189011,159866,100616,31118
8,1,9,1,199899,199894,199762,198450,191178,164617,105365,31410
8,1,10,1,199901,199896,199806,198841,192719,168069,107810,31162
8,1,11,1,31177,31660,31230,31662,31204,31017,29620,24853
8,1,12,1,42766,42128,42194,42460,41621,39612,35283,25032
8,1,13,1,86772,83795,80077,75172,68185,58124,44047,24960
8,1,14,1,176597,167047,154230,135819,112560,85543,54503,24349
8,1,15,1,198414,195618,188637,174226,148814,111514,66056,24674
8,1,16,1,199704,199001,196350,188148,167662,129555,75970,25093
8,1,17,1,199849,199612,198404,193411,177499,140816,82263,24803
8,1,18,1,199885,199801,199237,196241,183804,149396,88187,24499
8,1,19,1,199901,199871,199521,197390,187473,155739,93271,24950
8,1,20,1,199893,199863,199630,197971,189179,159539,97069,25123
8,1,21,1,22949,23017,22983,23252,23266,22820,22487,19339
8,1,22,1,28943,29196,28797,29186,29024,28057,25767,19079
8,1,23,1,50966,50023,48815,46934,43958,39132,31308,19088
8,1,24,1,134759,125246,113253,98535,81380,62222,40878,19375
8,1,25,1,194071,187189,174793,154677,125657,89597,51362,19244
8,1,26,1,199174,197327,191918,178564,152662,111566,61625,19403
8,1,27,1,199797,199222,196927,188791,167627,126843,69819,19097
8,1,28,1,199875,199710,198588,193476,176854,138183,77149,19696
8,1,29,1,199893,199811,199186,195817,182633,146476,82577,19633
8,1,30,1,199895,199843,199444,196870,185062,150143,85815,19570
8,1,31,1,16970,16459,16632,16883,16718,16252,16774,14555
8,1,32,1,19572,19490,19259,19551,19493,19414,18598,14926
8,1,33,1,28626,28898,28560,27778,27376,25891,22286,14514
8,1,34,1,76260,71564,65995,59387,51258,40729,28408,14490
8,1,35,1,177447,164453,146586,123453,96162,66636,38065,14215
8,1,36,1,197381,192999,183138,164512,134155,93026,48921,14694
8,1,37,1,199549,198327,194016,181824,155535,111270,57246,14647
8,1,38,1,199820,199482,197710,190482,169498,126536,65699,14684
8,1,39,1,199876,199714,198653,193744,176580,135995,71464,14568
8,1,40,1,199898,199838,199145,195464,181277,142557,75946,14607
8,1,41,1,11391,11549,11267,11440,11532,11564,11310,10297
8,1,42,1,12659,13030,12522,12594,12568,12684,12302,10256
8,1,43,1,16785,16834,17000,16449,16380,15789,14275,10174
8,1,44,1,35169,34424,33100,31119,28147,24143,18699,10574
8,1,45,1,126371,112507,97283,80078,61563,43101,25483,10341
8,1,46,1,190821,181236,164954,139815,106466,69183,34686,10389
8,1,47,1,198620,195702,187812,170402,138547,93269,44784,10526
8,1,48,1,199675,198734,194971,183560,156507,109571,52067,9976
8,1,49,1,199854,199502,197588,189823,167379,121859,59684,10401
8,1,50,1,199895,199734,198618,193164,174356,130970,64998,10178
8,1,51,1,7157,7199,7435,7471,7478,7105,7097,6732
8,1,52,1,7848,7789,7810,7664,7845,7843,7568,6578
8,1,53,1,9507,9632,9439,9423,9523,9213,8816,6933
8,1,54,1,15217,15104,14830,14630,14196,12935,10828,6852
8,1,55,1,54475,49797,44294,37940,30928,23564,15174,6796
8,1,56,1,166205,148646,126231,99468,71351,44535,22183,6894
8,1,57,1,195498,188575,174184,149082,113007,69945,31020,6689
8,1,58,1,199171,196921,189987,172968,140288,91750,40209,6785
8,1,59,1,199782,199048,195798,184724,157484,109004,49026,6980
8,1,60,1,199822,199417,197555,189623,166703,119482,54851,6720
8,1,61,1,4310,4208,4227,4110,4108,4040,4084,4047
8,1,62,1,4358,4521,4398,4356,4357,4359,4492,4109
8,1,63,1,4946,4958,4889,4953,5061,4913,4891,3872
8,1,64,1,6767,6756,6811,6722,6673,6325,5834,3967
8,1,65,1,16057,15868,15169,14191,12872,10931,7874,3902
8,1,66,1,95316,80704,65521,50179,36132,22939,12008,3852
8,1,67,1,182132,167328,144956,115058,80133,45741,19011,3953
8,1,68,1,196809,191266,178420,154232,116264,69955,27491,3965
8,1,69,1,199360,197325,190541,173734,140233,89628,36090,4077
8,1,70,1,199760,198938,195285,183467,154547,103621,42978,3920
8,1,71,1,2048,2029,2033,2179,2048,2139,1970,1994
8,1,72,1,2180,2193,2051,2170,2118,2153,2088,2046
8,1,73,1,2341,2351,2284,2262,2254,2389,2287,1948
8,1,74,1,2860,2824,2879,2738,2864,2772,2551,1974
8,1,75,1,4867,4776,4820,4613,4547,4143,3451,2080
8,1,76,1,23714,21466,18632,15620,12283,9103,5385,2077
8,1,77,1,135834,114080,89556,65155,41954,23013,9484,2149
8,1,78,1,188325,175555,154202,123094,84446,45594,16100,2031
8,1,79,1,197561,192684,180604,156357,117042,67970,24120,1969
8,1,80,1,199403,197442,190786,173250,138379,85862,31632,2029
8,1,81,1,883,883,842,903,889,882,821,815
8,1,82,1,877,851,929,908,888,867,898,830
8,1,83,1,892,892,930,916,920,904,900,870
8,1,84,1,1020,1018,1068,1013,1089,1033,1027,831
8,1,85,1,1456,1499,1469,1546,1513,1375,1274,851
8,1,86,1,3859,3898,3742,3480,3043,2607,1836,811
8,1,87,1,44724,35680,27254,19738,13245,7766,3545,858
8,1,88,1,157300,134972,107105,76536,46849,22687,7223,819
8,1,89,1,190644,179007,158054,126467,86231,44465,13473,889
8,1,90,1,197618,192570,180165,154688,114219,64582,21341,877
8,1,91,1,251,308,252,281,287,278,316,281
8,1,92,1,273,307,332,298,302,292,283,287
8,1,93,1,315,320,305,332,311,309,316,298
8,1,94,1,291,335,352,339,357,341,324,284
8,1,95,1,413,355,421,431,415,376,396,286
8,1,96,1,749,767,764,731,712,662,535,296
8,1,97,1,4791,4417,3924,3424,2649,1889,1062,304
8,1,98,1,79049,60512,43752,28678,16597,7923,2601,313
8,1,99,1,166866,145501,117600,84470,51547,23538,6168,291
8,1,100,1,190540,178939,157938,125695,84582,42536,11753,316
8,1,101,1,37593,37753,37628,37790,37978,37177,35926,30852
8,1,102,1,47518,47762,48106,47468,46526,45380,41876,30931
8,1,103,1,82359,81459,79687,75360,70537,61914,50162,30430
8,1,104,1,166651,158324,146479,131539,112564,88417,60647,29851
8,1,105,1,197286,193676,185990,171646,147755,113735,72064,30770
8,1,106,1,199626,198730,195775,187289,167704,132276,81922,31133
8,1,107,1,199855,199596,198225,192848,177053,142293,87251,30116
8,1,108,1,199894,199797,199145,195948,184450,153152,95591,31516
8,1,109,1,199901,199879,199592,197551,188020,158612,100061,30660
8,1,110,1,199901,199893,199743,198381,190858,163873,104273,31417
8,1,111,1,28726,28895,28503,28176,28780,28727,28474,24251
8,1,112,1,33218,33602,33361,33592,33136,33149,31251,24857
8,1,113,1,49795,49369,48809,48186,46549,43399,36758,24177
8,1,114,1,114654,108660,100582,91062,79128,64051,45970,24712
8,1,115,1,188802,180563,167519,148273,122672,91151,57423,24933
8,1,116,1,198722,196215,189846,175862,150777,112802,66836,25095
8,1,117,1,199675,198896,195973,187101,166300,127627,74254,24640
8,1,118,1,199876,199653,198475,193277,176938,140024,82361,24959
8,1,119,1,199885,199790,199090,195623,182690,148358,87622,24558
8,1,120,1,199898,199867,199529,197180,186288,154119,92101,24738
8,1,121,1,21417,21633,21578,21626,21669,21239,20792,19711
8,1,122,1,23532,24026,23853,23638,23837,24194,22995,19397
8,1,123,1,31500,31986,31626,31110,30534,29357,26754,19344
8,1,124,1,61945,60367,58319,54670,49779,42462,32892,19104
8,1,125,1,158350,145583,130137,111368,89726,66692,42762,19698
8,1,126,1,195188,189098,177560,158015,128971,91859,52615,19341
8,1,127,1,199134,197225,191796,178466,152477,111471,61940,19798
8,1,128,1,199793,199261,196885,188726,167156,126102,69481,19367
8,1,129,1,199876,199682,198430,193158,176078,137132,76524,19432
8,1,130,1,199895,199833,199327,196013,182242,144895,80782,18896
8,1,131,1,15820,15681,15941,15614,15875,15660,15624,14482
8,1,132,1,17141,17321,16835,17090,16895,17082,16664,14702
8,1,133,1,20281,20237,20390,20284,20483,19694,18792,14755
8,1,134,1,32629,31729,31638,31097,29900,27495,22703,14423
8,1,135,1,93361,85547,76828,67149,55107,42716,29184,14382
8,1,136,1,182146,169664,151636,127581,98755,67666,38196,14450
8,1,137,1,197605,193251,183572,164385,133231,91821,48004,14615
8,1,138,1,199529,198064,193440,180647,153767,110075,56770,14657
8,1,139,1,199811,199321,196938,188736,166997,124229,64691,14777
8,1,140,1,199888,199705,198567,193536,176042,134892,71164,14537
8,1,141,1,10918,10730,11096,10999,10838,10788,10662,10524
8,1,142,1,11302,11696,11341,11308,11550,11660,11518,10469
8,1,143,1,12828,13159,13025,13008,12835,12732,12362,10180
8,1,144,1,17457,17207,17169,17073,16938,16311,14445,10426
8,1,145,1,38864,37586,35764,33049,29892,25002,18767,10471
8,1,146,1,137254,121371,103182,83572,63407,43850,25575,10522
8,1,147,1,191190,181745,165196,139974,106972,69155,34678,10430
8,1,148,1,198703,195551,187428,169329,136853,91558,43959,10547
8,1,149,1,199698,198708,194660,182909,156108,109546,52588,10479
8,1,150,1,199867,199548,197681,189928,167341,121341,58896,10322
8,1,151,1,6823,7034,7142,7045,7049,7052,7123,6874
8,1,152,1,7257,7338,7162,7235,7191,7228,7029,6768
8,1,153,1,7600,7859,7691,8002,7698,7707,7751,6739
8,1,154,1,9359,9441,9408,9387,9356,9341,8567,6760
8,1,155,1,15696,15585,15197,14966,14315,13312,10865,6753
8,1,156,1,59547,53461,46550,39069,31521,23335,14778,6674
8,1,157,1,166817,149033,126109,99304,70882,43656,21800,6896
8,1,158,1,195052,187711,173098,147950,111665,68871,30328,6837
8,1,159,1,199006,196685,189615,172394,139042,90281,39566,6998
8,1,160,1,199731,198853,195149,183387,155200,105493,47081,6848
8,1,161,1,4102,4067,4064,4036,4210,4101,4130,4025
8,1,162,1,4318,4177,4123,4157,4114,4237,4107,3940
8,1,163,1,4244,4307,4414,4474,4249,4438,4480,4003
8,1,164,1,5050,4899,4734,4775,4905,4898,4753,4104
8,1,165,1,6665,6690,6692,6506,6644,6332,5902,4044
8,1,166,1,15958,15573,15014,13821,12442,10196,7812,3903
8,1,167,1,95885,80281,64537,48928,34573,21968,11565,4025
8,1,168,1,179775,164015,140789,110872,76936,44133,18391,4100
8,1,169,1,196873,191099,177843,152824,114497,68099,26863,4050
8,1,170,1,199237,196967,189903,172339,137689,87019,34536,4016
8,1,171,1,2127,2019,2038,2090,2144,1989,2074,1950
8,1,172,1,2120,2119,2060,2064,2027,2171,2059,1936
8,1,173,1,2164,2152,2117,2159,2106,2058,2209,2051
8,1,174,1,2252,2308,2292,2342,2353,2235,2236,1919
8,1,175,1,2788,2773,2706,2688,2789,2776,2649,2006
8,1,176,1,4603,4555,4508,4453,4325,4073,3404,2003
8,1,177,1,21815,19656,17053,14253,11491,8371,4983,1921
8,1,178,1,129402,107347,83629,59835,38435,20866,8909,2023
8,1,179,1,186541,172466,149731,117857,79952,42841,15013,2022
8,1,180,1,197256,191887,179050,154203,114428,65708,22997,1913
8,1,181,1,910,869,852,893,825,843,818,880
8,1,182,1,770,879,814,806,909,813,844,850
8,1,183,1,953,853,878,894,883,948,864,832
8,1,184,1,869,877,904,948,928,970,923,852
8,1,185,1,1089,957,1018,1024,1080,994,1046,881
8,1,186,1,1312,1409,1380,1398,1425,1328,1218,894
8,1,187,1,3572,3542,3276,3171,2992,2437,1803,841
8,1,188,1,38474,30714,23585,16971,11713,6923,3194,828
8,1,189,1,151286,127859,100398,71195,43579,21109,6916,860
8,1,190,1,189080,176574,154618,122058,81590,41523,12475,828
8,1,191,1,300,316,301,289,283,312,275,323
8,1,192,1,303,324,308,292,263,254,266,307
8,1,193,1,299,293,285,310,291,321,304,315
8,1,194,1,310,308,301,326,290,315,309,285
8,1,195,1,328,336,297,319,349,303,326,303
8,1,196,1,402,386,430,427,381,414,354,286
8,1,197,1,699,652,693,710,611,574,471,266
8,1,198,1,3795,3534,3320,2877,2290,1639,946,287
8,1,199,1,69051,51975,36825,24091,13812,6669,2244,294
8,1,200,1,163096,140868,112312,79756,47503,21442,5757,290
8,1,201,1,36050,36145,36400,36147,36324,35687,34643,30228
8,1,202,1,42901,42674,42197,42552,42583,41584,39232,31443
8,1,203,1,63325,62937,62204,60582,58701,54403,46115,30614
8,1,204,1,131674,125622,117907,107930,94512,77285,56474,30716
8,1,205,1,192768,186472,175749,158795,135129,103812,67763,30784
8,1,206,1,199078,197244,192177,180801,158689,123048,77000,30876
8,1,207,1,199778,199235,197113,190270,172685,137430,85305,31275
8,1,208,1,199871,199657,198644,194358,180382,147195,91384,30830
8,1,209,1,199895,199819,199388,196868,186370,155674,97319,30994
8,1,210,1,199901,199887,199701,198052,189713,161605,101790,31120
8,1,211,1,27240,27018,27232,27198,27569,26987,27559,24691
8,1,212,1,31217,30847,30865,30517,30266,29932,30312,24440
8,1,213,1,39890,40353,39970,40111,39036,37245,33791,24497
8,1,214,1,77494,75348,72468,67661,61671,53245,41514,24602
8,1,215,1,168381,157302,142733,124703,102644,78343,51314,24906
8,1,216,1,196344,191516,182162,164945,138153,102416,62224,25026
8,1,217,1,199381,198018,193865,182797,159783,121134,71571,25156
8,1,218,1,199807,199354,197299,190108,171249,133620,78875,25256
8,1,219,1,199880,199723,198726,194304,179524,144093,84654,24761
8,1,220,1,199901,199856,199379,196619,184855,151637,89693,24332
8,1,221,1,20777,20793,20670,20658,20731,20908,20618,18991
8,1,222,1,22679,22511,22212,22393,22429,22535,22224,19232
8,1,223,1,27108,27163,26641,26705,26914,25968,25400,19431
8,1,224,1,41968,41558,40954,40580,39348,35936,30352,19740
8,1,225,1,111164,103279,93388,81829,68765,53967,37548,19113
8,1,226,1,186913,176780,161157,139213,111713,79535,47235,19522
8,1,227,1,197916,194303,185859,169043,140787,101414,56552,19333
8,1,228,1,199550,198536,194741,183920,159739,118342,65427,19481
8,1,229,1,199830,199482,197672,190705,171289,131209,72693,19580
8,1,230,1,199894,199762,198992,194768,179424,141401,79055,19666
8,1,231,1,15145,15298,15417,15262,15745,15455,15408,13915
8,1,232,1,16260,15935,16082,16368,16141,16208,16245,14423
8,1,233,1,18201,17740,18363,18024,18178,18082,17590,14564
8,1,234,1,24468,24008,23277,23657,23200,22156,19979,14729
8,1,235,1,51958,50524,48013,44527,40571,34015,26193,14758
8,1,236,1,150652,135379,117667,97342,75798,54396,33493,14789
8,1,237,1,192880,184779,170700,148227,117293,79964,43339,14528
8,1,238,1,198902,196168,189135,172938,143519,100173,51403,14316
8,1,239,1,199733,198917,195814,186097,161957,118009,61258,14791
8,1,240,1,199863,199635,198049,191479,171324,128917,67006,14564
8,1,241,1,10593,10629,10938,10707,10711,10609,10887,10260
8,1,242,1,11181,10787,11116,10953,11131,11331,11506,10426
8,1,243,1,11778,12175,12041,12116,12226,11810,11851,10125
8,1,244,1,14325,14323,14501,14456,14300,13671,13225,10322
8,1,245,1,22688,22951,22485,22128,21207,19352,16232,10578
8,1,246,1,77190,69624,61246,52485,43029,32225,21438,10319
8,1,247,1,174619,159149,138315,112663,83584,54667,29264,10329
8,1,248,1,196069,189996,177185,154701,120616,78875,38412,10352
8,1,249,1,199332,197505,191607,176232,145667,99519,47622,10532
8,1,250,1,199736,199103,196265,186548,161595,114996,55265,10381
8,1,251,1,6960,6961,6973,6892,6886,6875,6764,7085
8,1,252,1,6935,7224,7200,6881,7184,7171,7040,6692
8,1,253,1,7451,7576,7466,7472,7589,7378,7464,6836
8,1,254,1,8602,8388,8499,8462,8355,8437,7885,6888
8,1,255,1,10935,11421,11411,11123,10924,10655,9756,6903
8,1,256,1,25444,24385,23497,21647,19292,16709,12762,7055
8,1,257,1,114538,97993,80660,63626,46806,31139,17621,6844
8,1,258,1,185191,171783,151186,123113,89278,54451,25235,6793
8,1,259,1,197748,193143,181875,160097,124697,78738,34343,6878
8,1,260,1,199520,197990,192731,178073,146893,97354,42942,6937
8,1,261,1,3969,4076,4010,4173,4087,4056,3893,4009
8,1,262,1,4185,4101,4313,4061,4166,4117,4054,3967
8,1,263,1,4227,4326,4360,4208,4312,4199,4248,3799
8,1,264,1,4557,4576,4497,4575,4518,4626,4474,3952
8,1,265,1,5384,5437,5338,5438,5424,5373,4952,4097
8,1,266,1,8423,8650,8556,8315,8137,7495,6320,4006
8,1,267,1,35121,31468,27764,23527,18953,14166,8873,3995
8,1,268,1,146160,125519,101753,76568,51802,30575,14396,4142
8,1,269,1,190852,179895,160583,131210,93713,53563,21282,3857
8,1,270,1,198223,194430,184237,162470,125640,76496,30153,3958
8,1,271,1,2036,1977,2067,2069,2064,2015,2027,1987
8,1,272,1,2051,2070,2047,2070,2074,2132,2102,2009
8,1,273,1,2154,2140,2107,2068,2015,2129,2085,1971
8,1,274,1,2216,2225,2162,2205,2176,2176,2225,2014
8,1,275,1,2468,2499,2448,2430,2393,2497,2350,2042
8,1,276,1,3271,3217,3091,3132,3149,3184,2871,2055
8,1,277,1,7344,7149,7037,6731,6003,5105,4001,1990
8,1,278,1,58413,47705,37554,28165,19725,12456,6456,2014
8,1,279,1,164959,144597,118160,87567,56416,29417,10918,1976
8,1,280,1,193414,184098,166341,137091,97111,53453,18694,2031
8,1,281,1,787,829,841,839,833,819,890,806
8,1,282,1,838,820,795,901,871,840,912,829
8,1,283,1,866,885,830,881,884,815,845,892
8,1,284,1,886,897,886,949,936,930,867,856
8,1,285,1,983,923,927,941,947,927,1006,801
8,1,286,1,1132,1115,1080,1109,1139,1056,1105,820
8,1,287,1,1741,1800,1799,1739,1713,1587,1363,792
8,1,288,1,7970,7314,6781,5800,4852,3506,2266,859
8,1,289,1,91150,71713,53030,36154,22238,11452,4438,910
8,1,290,1,174567,155520,128722,95618,60552,29630,9075,877
8,1,291,1,282,260,292,277,276,287,295,298
8,1,292,1,315,275,269,259,308,301,323,282
8,1,293,1,281,305,322,274,295,287,261,298
8,1,294,1,355,278,299,314,304,323,256,285
8,1,295,1,322,312,320,309,313,330,330,260
8,1,296,1,354,329,344,332,340,366,349,289
8,1,297,1,444,454,413,474,479,438,428,312
8,1,298,1,1136,1117,1074,1019,959,876,659,291
8,1,299,1,13919,11371,9140,6738,4697,2811,1274,296
8,1,300,1,116629,92504,67697,44115,24720,10785,3133,257
8,1,301,1,34351,35031,35115,34768,34586,34780,34221,30838
8,1,302,1,39853,39960,39659,39462,38691,39069,37214,30797
8,1,303,1,53784,53479,53766,52559,51528,49885,44199,30941
8,1,304,1,106136,102462,97042,90257,81802,69167,52952,30745
8,1,305,1,184470,175584,162915,145333,122654,94773,63257,30572
8,1,306,1,198242,195546,189079,175612,152404,117336,73479,30838
8,1,307,1,199645,198839,196014,187789,168731,133277,82471,31252
8,1,308,1,199843,199597,198345,193358,178117,144185,89248,30996
8,1,309,1,199899,199809,199261,196079,184273,152404,94704,30923
8,1,310,1,199901,199886,199572,197566,188357,158792,99207,30442
8,1,311,1,26694,26719,26348,26885,27166,26727,26380,25073
8,1,312,1,28910,29301,30068,29042,29004,29188,28922,24717
8,1,313,1,35880,35920,35481,36116,35826,35038,32524,24452
8,1,314,1,60007,58935,57239,55807,52671,47560,39227,24957
8,1,315,1,140668,130422,117795,104102,87862,68732,47349,24720
8,1,316,1,192705,185365,172708,153794,126983,93564,57785,24842
8,1,317,1,198917,196796,190973,177549,152691,114314,67827,24647
8,1,318,1,199775,199096,196437,188038,167699,129707,75777,25043
8,1,319,1,199838,199531,198232,192930,176256,139225,81850,24892
8,1,320,1,199885,199792,199201,196036,183352,149599,89149,25285
8,1,321,1,19996,20379,20387,20405,20303,20237,20075,19268
8,1,322,1,21644,21473,21747,21775,21711,22027,21029,19528
8,1,323,1,24474,24770,24747,24908,25210,24641,23779,19197
8,1,324,1,34507,34424,34571,33828,33007,31281,27139,19376
8,1,325,1,77278,73710,68790,62631,54831,46297,34168,19510
8,1,326,1,171940,158676,141531,120612,95945,69966,43605,19494
8,1,327,1,195850,190380,179562,160314,130985,93042,53114,19219
8,1,328,1,199364,197738,192499,179403,153405,111735,61309,19135
8,1,329,1,199781,199261,196954,188992,167924,127051,69923,19339
8,1,330,1,199861,199633,198396,193114,176188,137249,75905,19115
8,1,331,1,15210,15152,15221,15331,15159,14826,14974,14721
8,1,332,1,15836,16288,15877,15773,15589,15800,15863,14629
8,1,333,1,17030,17322,17382,16974,16958,16917,16596,14796
8,1,334,1,21339,21375,21198,21007,20180,20423,19187,14526
8,1,335,1,36805,35849,35319,33834,31917,28221,23470,14562
8,1,336,1,113490,102441,89514,75832,61345,45648,29905,14413
8,1,337,1,185204,173583,155854,131628,101955,69458,38707,14666
8,1,338,1,197829,193755,184385,165947,135834,94146,49491,14907
8,1,339,1,199586,198364,193944,181530,154774,110484,56813,14569
8,1,340,1,199843,199446,197430,189898,168330,124923,64480,14734
8,1,341,1,10640,10643,10576,10448,10712,10633,10712,10668
8,1,342,1,10920,10927,10749,11075,10890,10920,11022,10310
8,1,343,1,11309,11812,11544,11682,11718,11368,11493,10344
8,1,344,1,13091,13240,13526,13473,12985,13260,12569,10348
8,1,345,1,18124,18015,18175,18074,17756,16704,14844,10538
8,1,346,1,45324,43008,40046,36275,32213,26696,19571,10442
8,1,347,1,147630,130546,110586,89048,66697,45282,25883,10333
8,1,348,1,192368,183450,167230,141976,108216,70225,35154,10549
8,1,349,1,198609,195490,187217,169117,137000,92003,44125,10582
8,1,350,1,199694,198773,195023,183514,156717,109880,52594,10359
8,1,351,1,6989,7031,6878,6741,7034,7049,6894,6892
8,1,352,1,7020,7236,6998,6868,7179,7046,6987,6892
8,1,353,1,7443,7117,7284,7389,7335,7525,7189,6868
8,1,354,1,7862,8051,8037,7826,7855,8192,7781,6719
8,1,355,1,9784,9776,9605,9630,9363,9572,9046,7133
8,1,356,1,16481,16485,16371,16075,14983,13499,11256,6865
8,1,357,1,68698,60397,51582,42612,33535,24400,15467,6750
8,1,358,1,169781,152462,129318,101887,72435,44890,22086,6852
8,1,359,1,195304,188203,173632,148165,111570,68729,30451,6834
8,1,360,1,198945,196464,188997,171410,138200,90479,39562,6764
8,1,361,1,3986,4116,3928,4260,4097,4124,4008,4137
8,1,362,1,4146,4110,4252,4040,4121,4009,4186,3857
8,1,363,1,4181,4156,4229,4054,4055,4078,4211,4097
8,1,364,1,4264,4425,4291,4381,4442,4383,4357,4109
8,1,365,1,5035,4909,4874,4883,4932,4916,4706,4009
8,1,366,1,6883,6721,6587,6726,6606,6497,5752,3991
8,1,367,1,17446,16839,15795,14668,13018,10789,7689,4062
8,1,368,1,102034,84601,67526,50828,35590,22314,11656,3898
8,1,369,1,181081,165342,142187,111679,77146,43747,18206,3983
8,1,370,1,196846,191160,178109,153042,114774,68626,27039,4184
8,1,371,1,1939,1894,2103,2011,2001,1957,2031,2000
8,1,372,1,1994,2003,2004,1942,2043,1945,1964,2044
8,1,373,1,2040,2124,2004,2082,2115,2015,2113,2025
8,1,374,1,2125,2224,2160,2161,2128,2100,2142,1964
8,1,375,1,2322,2368,2312,2294,2292,2281,2316,2024
8,1,376,1,2693,2764,2804,2812,2752,2686,2641,2017
8,1,377,1,4612,4663,4500,4546,4447,4152,3332,2055
8,1,378,1,24004,21546,18531,15244,11881,8631,5306,2080
8,1,379,1,132297,110140,85627,61278,39130,21255,8853,1991
8,1,380,1,187099,173630,151232,119460,81054,43331,14991,1922
8,1,381,1,812,831,799,886,856,888,838,815
8,1,382,1,862,887,880,863,903,863,842,847
8,1,383,1,927,809,805,820,791,858,917,862
8,1,384,1,905,914,860,862,898,803,904,905
8,1,385,1,906,887,839,869,904,910,966,848
8,1,386,1,1015,1023,1074,964,1032,1077,952,871
8,1,387,1,1332,1432,1430,1418,1462,1392,1241,861
8,1,388,1,3572,3423,3353,3225,3084,2657,1862,875
8,1,389,1,41557,33111,25143,17943,11901,7066,3184,814
8,1,390,1,152374,128967,101282,71287,43035,20651,6650,842
8,1,391,1,286,283,264,278,289,297,321,288
8,1,392,1,269,275,282,290,271,314,299,274
8,1,393,1,296,271,303,292,268,307,273,273
8,1,394,1,297,318,283,322,284,258,286,283
8,1,395,1,290,329,303,296,326,286,300,292
8,1,396,1,326,353,312,308,331,346,346,278
8,1,397,1,383,405,427,417,397,397,405,307
8,1,398,1,764,670,694,637,630,654,513,280
8,1,399,1,4062,3647,3216,2729,2361,1631,956,265
8,1,400,1,70920,53482,37768,24509,14068,6733,2339,295
8,1,401,1,33983,34042,34685,34168,34743,34049,33426,31050
8,1,402,1,38367,37891,37803,38638,38158,37926,36860,30940
8,1,403,1,49788,48967,48991,49186,48073,45839,41729,30560
8,1,404,1,88568,85868,83213,78806,72195,63583,50026,30599
8,1,405,1,171756,162275,149833,133763,113592,88301,60899,30602
8,1,406,1,197017,193171,185286,170453,146430,112625,71280,31142
8,1,407,1,199486,198234,194558,184679,164430,128454,79609,30286
8,1,408,1,199833,199399,197598,191665,175526,141009,87530,31383
8,1,409,1,199891,199756,199037,195602,183097,150628,93654,30892
8,1,410,1,199901,199878,199538,197303,187537,157546,98559,31302
8,1,411,1,26200,26523,25739,26275,26722,26354,25856,24633
8,1,412,1,28211,28761,28372,29087,28371,28882,28267,25104
8,1,413,1,33181,33049,34163,34090,33727,33080,30691,24742
8,1,414,1,49928,50222,49728,49160,46356,43235,36939,25151
8,1,415,1,115268,108518,99990,89751,77552,63207,45924,24256
8,1,416,1,187186,177716,163682,143814,117742,86851,54622,24382
8,1,417,1,198157,194822,187126,171796,146027,108411,64694,24716
8,1,418,1,199628,198654,195217,185379,163366,124915,73401,24822
8,1,419,1,199849,199511,197932,191946,174397,137483,80708,24743
8,1,420,1,199886,199805,199043,195123,181338,146328,86442,24894
8,1,421,1,20195,20646,20910,20307,20306,20093,20241,19447
8,1,422,1,21040,21326,21064,20988,21171,21338,21544,19269
8,1,423,1,23437,23456,23620,23579,23186,23320,22615,19299
8,1,424,1,30749,31040,31035,30918,30167,29526,26377,19156
8,1,425,1,59092,57380,54873,52143,47815,41682,32258,19324
8,1,426,1,152264,138571,122889,104963,85031,63424,41198,19477
8,1,427,1,193364,185902,172821,152022,122716,87325,50346,19274
8,1,428,1,199020,196636,190139,175917,149046,108172,60031,19664
8,1,429,1,199700,198920,195992,186993,164601,122989,67840,19627
8,1,430,1,199868,199598,198054,191993,173529,133342,73711,19117
8,1,431,1,15270,14872,15041,15148,15348,15042,15035,14858
8,1,432,1,15431,15509,15419,15582,15497,15223,15052,14861
8,1,433,1,16667,16573,16476,16596,16679,16254,16564,14811
8,1,434,1,19635,19983,19417,19455,19708,19184,18526,14787
8,1,435,1,29564,29412,29423,28715,27797,25571,22237,14400
8,1,436,1,82131,75754,68548,60431,51236,40413,28320,14462
8,1,437,1,174526,160400,141212,117574,90395,62496,36002,14346
8,1,438,1,196290,190724,178816,157743,126118,85525,44938,14384
8,1,439,1,199253,197438,191862,177892,149527,105502,54289,14615
8,1,440,1,199823,199234,196530,187188,163564,120016,61934,14600
8,1,441,1,10803,10776,10680,10455,10584,10400,10789,10390
8,1,442,1,10898,10684,10787,10585,10944,10711,10837,10124
8,1,443,1,11386,11196,11279,11231,11254,11179,11559,10366
8,1,444,1,12635,12761,12678,12033,12487,12597,12148,10555
8,1,445,1,16262,16261,16064,16150,15735,15308,13787,10387
8,1,446,1,32113,31337,30232,28276,25849,22457,17661,10339
8,1,447,1,118309,103837,88049,71721,55017,39130,24141,10698
8,1,448,1,185771,173521,154510,128363,96525,62360,31865,10314
8,1,449,1,197570,193189,182666,162031,128318,84619,40535,10273
8,1,450,1,199496,198053,193023,179431,150611,103766,49213,10217
8,1,451,1,6948,7021,6978,6840,6998,7075,6924,6701
8,1,452,1,6741,7075,7034,6804,6779,7006,6929,6864
8,1,453,1,7064,7225,7273,7186,7001,7168,7274,6800
8,1,454,1,7787,7735,7926,7511,7526,7679,7631,6843
8,1,455,1,8985,8949,8940,8865,9087,8907,8419,6829
8,1,456,1,13353,13165,13304,13198,12543,11905,10280,6816
8,1,457,1,41737,38449,34601,30293,25310,19824,13694,6931
8,1,458,1,149160,129825,107716,83775,60034,38046,20160,6764
8,1,459,1,191300,181407,163844,136653,101207,62445,28268,6919
8,1,460,1,198524,195293,186579,167007,132403,84700,36862,6782
8,1,461,1,4082,4104,4014,4029,4085,4061,4026,4074
8,1,462,1,4016,4057,4069,4198,3978,4215,4047,3932
8,1,463,1,3949,4234,4283,4092,4045,4166,4001,3882
8,1,464,1,4419,4257,4383,4316,4270,4273,4268,4087
8,1,465,1,4736,4679,4779,4556,4590,4733,4694,3973
8,1,466,1,6067,5983,5986,5867,5846,5830,5291,4039
8,1,467,1,11470,11247,11341,10737,10086,8825,6990,3936
8,1,468,1,65562,55447,45411,35772,26512,17772,10292,3946
8,1,469,1,168370,149476,124766,95645,64961,37194,16094,4029
8,1,470,1,194566,186425,170062,142943,104428,60647,23829,4003
8,1,471,1,2018,1969,2091,2083,2035,1966,2108,1971
8,1,472,1,1921,2085,1963,2002,1981,1923,2067,1982
8,1,473,1,2217,1957,2042,2045,2052,2018,2070,2047
8,1,474,1,2127,2131,2126,2046,2175,2071,2169,2058
8,1,475,1,2121,2293,2252,2305,2276,2189,2242,2082
8,1,476,1,2664,2580,2516,2486,2523,2602,2431,2069
8,1,477,1,3920,3786,3778,3686,3681,3362,3060,2044
8,1,478,1,12355,11685,10731,9664,8302,6532,4460,1950
8,1,479,1,98762,79762,61081,43787,28740,16473,7620,2057
8,1,480,1,178404,161176,136097,104094,69056,36282,13062,2094
8,1,481,1,841,789,877,813,857,868,836,834
8,1,482,1,812,882,861,844,848,871,901,876
8,1,483,1,860,796,890,895,921,891,824,781
8,1,484,1,843,879,853,874,888,888,905,919
8,1,485,1,968,918,913,858,956,900,857,825
8,1,486,1,977,1021,958,979,970,993,987,880
8,1,487,1,1182,1202,1217,1148,1309,1181,1132,864
8,1,488,1,2440,2368,2401,2232,2190,1949,1572,835
8,1,489,1,18054,15479,12686,9799,7225,4867,2556,806
8,1,490,1,126660,102675,77363,52937,31433,15245,5404,846
8,1,491,1,306,291,268,268,278,280,263,335
8,1,492,1,309,299,325,303,282,295,327,287
8,1,493,1,292,268,305,298,283,286,331,255
8,1,494,1,291,278,273,290,283,315,304,296
8,1,495,1,320,274,299,294,278,264,280,297
8,1,496,1,315,308,303,300,278,298,288,302
8,1,497,1,405,360,352,362,364,349,353,325
8,1,498,1,564,599,545,593,565,549,457,303
8,1,499,1,1784,1801,1668,1572,1391,1165,790,306
8,1,500,1,35398,27010,19358,13122,7979,4228,1722,281
8,1,501,1,33315,33854,34280,34051,33115,33245,33181,30370
8,1,502,1,37373,37070,37132,37186,36501,36509,36701,30843
8,1,503,1,45165,45548,45661,45580,45642,43364,40796,30947
8,1,504,1,76842,74884,73194,70159,65719,59307,48474,31578
8,1,505,1,157816,148553,136977,122453,104788,83862,59260,31720
8,1,506,1,195392,190137,180490,164378,139869,107838,69944,31261
8,1,507,1,199252,197703,193310,182493,161171,125612,78419,31013
8,1,508,1,199819,199394,197467,190800,173259,138109,85613,30942
8,1,509,1,199853,199687,198671,194304,180669,147704,92099,30968
8,1,510,1,199893,199832,199402,196938,186360,156220,98241,31563
8,1,511,1,25880,26102,25908,26054,26110,26437,26387,24330
8,1,512,1,28047,27643,27979,27701,27613,27624,27367,25003
8,1,513,1,31845,32141,32612,32137,32275,31634,30478,25128
8,1,514,1,45077,44716,44394,43672,42318,40078,35083,24733
8,1,515,1,96914,91797,86358,79341,70514,58918,43964,24870
8,1,516,1,180134,169033,153833,134080,110351,82769,53462,25031
8,1,517,1,197349,193331,184654,168144,141913,105272,62942,24571
8,1,518,1,199462,198172,193985,183425,160674,122043,71347,24616
8,1,519,1,199822,199404,197521,190685,171994,134273,78407,24458
8,1,520,1,199883,199745,198952,194722,179757,144342,85044,24844
8,1,521,1,19598,19940,20218,20221,20386,20327,19770,19507
8,1,522,1,20731,21247,21254,20877,20844,21083,20640,19834
8,1,523,1,22701,22990,22779,22711,23032,23011,22096,19636
8,1,524,1,28018,27870,27819,28079,28475,27896,25644,19574
8,1,525,1,49050,48431,46850,44983,41902,37296,31023,19336
8,1,526,1,131345,119670,106428,91205,74904,57441,38552,19265
8,1,527,1,189627,180479,165414,143541,114866,81518,48149,19446
8,1,528,1,198255,195108,187461,171314,143361,103059,57193,19261
8,1,529,1,199637,198560,194812,183947,159960,118550,65282,19463
8,1,530,1,199850,199511,197756,190959,171773,131491,72381,19222
8,1,531,1,15062,14777,14881,15349,14928,15216,14734,14691
8,1,532,1,15598,15543,15186,15341,15297,15229,15441,14737
8,1,533,1,16131,16060,16315,16579,16491,16640,16458,14868
8,1,534,1,18792,18936,18802,19134,18670,18185,17524,14492
8,1,535,1,26058,26183,25794,25575,25020,23802,21230,14593
8,1,536,1,62266,58755,54581,49847,43430,35898,26594,14619
8,1,537,1,161039,145295,126470,104715,81080,57213,34417,14916
8,1,538,1,194036,186632,173015,150647,118852,80922,43274,14557
8,1,539,1,198878,196413,189847,174575,145395,101461,52586,14804
8,1,540,1,199757,198975,195744,185788,162031,118424,61404,14862
8,1,541,1,10599,10529,10572,10669,10657,10717,10764,10286
8,1,542,1,10600,10606,10691,10848,10811,10879,10824,10386
8,1,543,1,11168,11094,11217,11440,11295,10845,11079,10460
8,1,544,1,12208,12084,12096,12087,12167,12094,11976,10443
8,1,545,1,14988,14825,14553,14595,14607,14342,13245,10073
8,1,546,1,24961,24333,24092,23494,22636,20282,16824,10340
8,1,547,1,90173,79873,68914,57470,45618,34176,22109,10401
8,1,548,1,177515,162765,142579,116782,86748,56417,29795,10391
8,1,549,1,196644,191169,179217,157360,123531,81205,39400,10489
8,1,550,1,199325,197523,191586,176862,147024,100541,47587,10263
8,1,551,1,6962,6706,6952,6715,6764,6817,6925,6869
8,1,552,1,6937,6984,6985,6873,7016,6987,6886,6668
8,1,553,1,7128,7165,6968,7203,7072,7279,7345,6949
8,1,554,1,7625,7549,7537,7330,7506,7610,7429,6753
8,1,555,1,8487,8504,8590,8643,8629,8645,8174,6731
8,1,556,1,11601,11581,11365,11559,11255,10952,9735,6740
8,1,557,1,28624,27749,25842,23583,20744,17396,12785,6893
8,1,558,1,124865,106462,87275,68004,49465,32291,17895,6709
8,1,559,1,187022,174394,154407,126092,91856,55923,25959,6901
8,1,560,1,197754,193240,182188,160438,124537,78652,34179,6733
8,1,561,1,4088,4256,4030,3964,4177,4024,4032,4162
8,1,562,1,4035,3987,4078,3902,4132,4081,4151,3839
8,1,563,1,4079,4230,4103,4184,4051,4076,4050,4013
8,1,564,1,4308,4278,4268,4242,4258,4157,4239,3950
8,1,565,1,4584,4393,4468,4532,4546,4580,4453,3910
8,1,566,1,5696,5494,5554,5611,5325,5508,5153,3980
8,1,567,1,8844,8915,8766,8424,8098,7510,6302,3934
8,1,568,1,41316,36210,31000,25769,20346,14971,9507,4075
8,1,569,1,151479,130563,106041,79656,53868,31358,14678,4191
8,1,570,1,191698,181472,162711,133757,95459,54993,21964,4112
8,1,571,1,1983,2085,2084,1977,2006,2053,1988,2063
8,1,572,1,2074,2011,2088,1914,1999,1967,2047,2012
8,1,573,1,2016,2062,2081,2070,2015,2000,2106,2028
8,1,574,1,2000,2154,2050,2142,2091,2131,2139,1961
8,1,575,1,2219,2231,2224,2171,2266,2080,2198,1944
8,1,576,1,2489,2467,2385,2546,2473,2395,2283,2015
8,1,577,1,3104,3267,3218,3198,3198,3180,2897,1991
8,1,578,1,7992,7833,7359,6968,6230,5527,3977,1968
8,1,579,1,66725,54132,42147,31059,21442,13302,6833,2080
8,1,580,1,167495,147169,120453,89718,57967,30436,11410,2018
8,1,581,1,884,792,778,861,869,843,886,829
8,1,582,1,845,822,855,837,848,855,840,833
8,1,583,1,786,874,881,875,836,826,769,845
8,1,584,1,876,861,867,901,905,829,848,853
8,1,585,1,963,891,860,932,910,880,907,869
8,1,586,1,964,1030,940,940,962,992,949,874
8,1,587,1,1178,1170,1123,1142,1149,1099,1002,886
8,1,588,1,1842,1958,1825,1782,1832,1684,1447,853
8,1,589,1,9218,8518,7608,6475,5140,3830,2255,847
8,1,590,1,97409,76766,56623,38663,23144,11782,4451,816
8,1,591,1,306,310,263,304,299,293,299,277
8,1,592,1,312,271,292,290,257,253,275,288
8,1,593,1,314,263,303,281,271,285,272,292
8,1,594,1,272,316,287,294,321,312,275,297
8,1,595,1,282,297,270,294,293,302,311,244
8,1,596,1,312,289,314,307,324,307,332,284
8,1,597,1,308,329,345,346,356,324,329,310
8,1,598,1,457,456,475,461,489,459,427,307
8,1,599,1,1139,1150,1089,1053,1064,883,664,232
8,1,600,1,16142,12826,9840,7314,4950,2864,1200,287
8,1,601,1,33191,32864,32782,33049,33458,33598,32961,31384
8,1,602,1,36429,36436,36583,36113,35966,36211,35435,30659
8,1,603,1,44384,44215,43679,43778,43697,42493,39780,31106
8,1,604,1,68232,68370,66919,64465,61745,56505,47212,31489
8,1,605,1,141827,133886,124032,111652,97011,78959,56308,30833
8,1,606,1,192901,186407,175331,158097,134101,102961,67549,31053
8,1,607,1,199081,197142,192032,180528,158255,122669,77102,31536
8,1,608,1,199731,199067,196461,188739,170202,134597,83098,30305
8,1,609,1,199849,199598,198464,194065,179832,146452,91002,30970
8,1,610,1,199898,199813,199249,196560,185757,154967,96778,31193
8,1,611,1,25553,26096,25786,25855,25489,26069,25594,24568
8,1,612,1,27202,27250,27256,27272,27221,26956,26947,25027
8,1,613,1,31364,31759,31698,30987,31414,30677,29541,24586
8,1,614,1,41811,41679,41551,40544,39780,38181,34485,24603
8,1,615,1,81903,79384,76096,70853,64261,55021,42414,25463
8,1,616,1,170043,158283,143257,124669,102551,77422,51027,24746
8,1,617,1,196052,190739,180599,162975,136070,100842,60848,24900
8,1,618,1,199169,197568,192855,181287,157595,118818,70182,24681
8,1,619,1,199771,199256,197008,189553,169853,132053,77489,25038
8,1,620,1,199878,199692,198632,193823,178198,142169,83711,24998
8,1,621,1,19552,19907,20149,19914,19793,20261,19179,19181
8,1,622,1,20962,20728,21080,20802,20631,20731,20625,19379
8,1,623,1,22467,22112,22602,22303,22354,22166,21807,19283
8,1,624,1,27211,27223,26993,26768,26651,25823,24934,19546
8,1,625,1,41913,41216,40479,39469,37865,34780,29105,19502
8,1,626,1,108780,99843,90028,78902,65902,52382,36225,19244
8,1,627,1,184449,173262,156915,134502,107275,76642,45600,19075
8,1,628,1,197817,194028,185055,167657,138668,98928,55592,19396
8,1,629,1,199548,198219,193824,182372,157781,116011,63623,18953
8,1,630,1,199810,199387,197541,190173,170283,129500,71325,19313
8,1,631,1,14725,14607,14838,14905,14992,15015,14635,14380
8,1,632,1,15112,15191,15269,15269,15273,15359,15153,14865
8,1,633,1,15516,15761,16270,16268,15917,15943,16020,14508
8,1,634,1,17747,18067,18067,18029,17959,18028,17623,14927
8,1,635,1,23009,23715,23312,23285,22745,21976,20054,14537
8,1,636,1,48947,48072,45691,42759,38209,32404,25237,14573
8,1,637,1,145607,130281,112891,93341,73202,52451,32723,14685
8,1,638,1,191528,182679,167340,143917,112583,76516,41531,14421
8,1,639,1,198658,195623,187605,170827,140832,97885,51110,14825
8,1,640,1,199680,198718,195064,184196,158614,114630,59174,14752
8,1,641,1,10592,10357,10518,10423,10554,10688,10562,10511
8,1,642,1,10698,10698,10840,10695,10515,10683,10681,10552
8,1,643,1,10961,11091,11154,11144,11044,11014,10942,10599
8,1,644,1,11742,11783,12080,11925,11984,11873,11770,10409
8,1,645,1,13817,13709,13740,13873,13725,13517,12980,10435
8,1,646,1,21781,21861,21263,20822,20371,18527,15964,10540
8,1,647,1,68827,62499,55638,47938,39351,30241,20789,10403
8,1,648,1,168195,151749,130894,105784,78709,51933,28375,10431
8,1,649,1,194926,187924,174378,150986,116433,75632,37235,10477
8,1,650,1,199203,196966,190270,174009,142888,97035,46575,10703
8,1,651,1,6734,6908,6924,6758,6958,6863,6874,6742
8,1,652,1,6994,7086,6984,6882,6914,7020,6818,6806
8,1,653,1,6954,7180,6891,7153,7239,6941,7161,6905
8,1,654,1,7466,7357,7382,7120,7344,7375,7141,6783
8,1,655,1,8149,8172,8257,8334,8241,8228,7920,6752
8,1,656,1,10587,10287,10380,10292,10249,10192,9399,6869
8,1,657,1,21980,21431,20422,19603,17884,15653,12165,6949
8,1,658,1,101777,87061,71647,56647,42213,29046,17108,7028
8,1,659,1,181073,166432,144748,116026,83138,50684,24010,6670
8,1,660,1,196963,191539,179204,156095,119819,74763,32441,6809
8,1,661,1,3955,4105,4040,4051,4016,3939,4098,4075
8,1,662,1,4068,3928,4026,3945,3993,4043,4058,4082
8,1,663,1,4061,3975,4153,4252,4059,4048,4000,3944
8,1,664,1,4221,4241,4085,4197,4205,4068,4293,4073
8,1,665,1,4434,4396,4590,4454,4353,4492,4549,4039
8,1,666,1,5136,5133,5066,5183,5062,5157,4903,3863
8,1,667,1,7681,7759,7555,7585,7515,6807,5907,4081
8,1,668,1,27089,25053,22351,19544,16244,12620,8225,3889
8,1,669,1,132448,111747,89581,67009,45566,27159,13259,3953
8,1,670,1,188270,175828,154831,124808,87945,50549,20372,4121
8,1,671,1,2073,2056,1971,2069,2027,1976,2073,2056
8,1,672,1,2065,2079,1940,2024,2023,2041,2051,2030
8,1,673,1,1934,2033,1995,2086,2170,2059,2074,1951
8,1,674,1,2015,2051,2012,2113,2134,2159,2103,1966
8,1,675,1,2173,2190,2207,2146,2092,2158,2076,2055
8,1,676,1,2378,2346,2386,2437,2384,2407,2313,2087
8,1,677,1,3073,3105,2897,2935,2835,2893,2767,2054
8,1,678,1,6106,5959,5815,5711,5266,4799,3696,2009
8,1,679,1,42852,35936,28904,22438,16141,10611,5864,2077
8,1,680,1,154822,132672,105977,77074,49185,26052,10044,2024
8,1,681,1,902,839,794,796,857,823,815,844
8,1,682,1,804,845,859,859,835,929,864,898
8,1,683,1,855,866,809,887,849,834,875,786
8,1,684,1,829,886,821,902,872,844,860,802
8,1,685,1,836,851,868,910,843,925,899,821
8,1,686,1,908,880,957,953,961,901,1001,901
8,1,687,1,1076,1119,1090,1108,1056,1133,1032,804
8,1,688,1,1574,1576,1587,1592,1580,1493,1308,808
8,1,689,1,5618,5330,4985,4505,3832,3090,1911,837
8,1,690,1,70413,54906,40300,27825,17416,9435,3932,889
8,1,691,1,281,338,253,271,294,302,317,281
8,1,692,1,300,271,271,283,298,316,283,245
8,1,693,1,299,270,279,306,263,290,303,272
8,1,694,1,282,271,273,261,295,275,294,284
8,1,695,1,310,276,313,315,293,319,276,310
8,1,696,1,285,305,307,310,318,301,326,264
8,1,697,1,345,347,374,343,321,344,323,266
8,1,698,1,464,438,426,427,452,434,406,261
8,1,699,1,870,814,877,861,800,747,553,289
8,1,700,1,8146,7286,5805,4598,3445,2279,1135,309
