5,1,1,1,0.723628300856283
5,1,2,1,0.637982669655906
5,1,3,1,0.562222527024267
5,1,4,1,0.487345211603708
5,1,5,1,0.423360378183021
5,1,6,1,0.35930343584597
5,1,7,1,0.301072212763161
5,1,8,1,0.250209468034723
5,1,9,1,0.206618698980792
5,1,10,1,0.172939512583631
5,1,11,1,0.754844665473251
5,1,12,1,0.679202727932746
5,1,13,1,0.595376942231919
5,1,14,1,0.522990156736872
5,1,15,1,0.453836277187908
5,1,16,1,0.384440827792954
5,1,17,1,0.328475730338942
5,1,18,1,0.275948470594856
5,1,19,1,0.230414702916784
5,1,20,1,0.192799027384455
5,1,21,1,0.783475051096493
5,1,22,1,0.699887146293938
5,1,23,1,0.635788271424666
5,1,24,1,0.553131839640157
5,1,25,1,0.486386609738363
5,1,26,1,0.419210910383629
5,1,27,1,0.3604549640302
5,1,28,1,0.302487806179159
5,1,29,1,0.256471451231035
5,1,30,1,0.210442180082336
5,1,31,1,0.811179761064965
5,1,32,1,0.742255973955118
5,1,33,1,0.655276355415804
5,1,34,1,0.588397797110512
5,1,35,1,0.513918477206998
5,1,36,1,0.451339581107831
5,1,37,1,0.38838198532551
5,1,38,1,0.325958944687929
5,1,39,1,0.27873087991122
5,1,40,1,0.229798966608656
5,1,41,1,0.837754746299815
5,1,42,1,0.768723335561073
5,1,43,1,0.687129811293598
5,1,44,1,0.614217205005648
5,1,45,1,0.536358423109088
5,1,46,1,0.467419094195184
5,1,47,1,0.409140166738304
5,1,48,1,0.349899936891771
5,1,49,1,0.294659071588596
5,1,50,1,0.248264154294444
5,1,51,1,0.856957115072662
5,1,52,1,0.789699746983427
5,1,53,1,0.718877127075737
5,1,54,1,0.636525050780146
5,1,55,1,0.559841473930358
5,1,56,1,0.496063606725098
5,1,57,1,0.434571785129247
5,1,58,1,0.372275508263763
5,1,59,1,0.320220460112927
5,1,60,1,0.269853107403864
5,1,61,1,0.882564536898633
5,1,62,1,0.821989780360891
5,1,63,1,0.747789066082755
5,1,64,1,0.667211723208115
5,1,65,1,0.581653352179853
5,1,66,1,0.514614877772627
5,1,67,1,0.449785427061638
5,1,68,1,0.392292595906819
5,1,69,1,0.339611995444797
5,1,70,1,0.284980721063932
5,1,71,1,0.892755481033611
5,1,72,1,0.851947559780151
5,1,73,1,0.779296592370009
5,1,74,1,0.689222938151162
5,1,75,1,0.609987780586082
5,1,76,1,0.536703604328953
5,1,77,1,0.46800138601792
5,1,78,1,0.408704919934348
5,1,79,1,0.356965816398201
5,1,80,1,0.306789944875854
5,1,81,1,0.912396069292173
5,1,82,1,0.872723387931297
5,1,83,1,0.812137759757753
5,1,84,1,0.72936265362348
5,1,85,1,0.63603124132087
5,1,86,1,0.55275627714559
5,1,87,1,0.491530762695479
5,1,88,1,0.430940280470705
5,1,89,1,0.376489132161947
5,1,90,1,0.321070593561893
5,1,91,1,0.92143078551547
5,1,92,1,0.894214373268061
5,1,93,1,0.839181375738692
5,1,94,1,0.760609816512692
5,1,95,1,0.664433718259533
5,1,96,1,0.575021493981617
5,1,97,1,0.506368138061433
5,1,98,1,0.443676613094129
5,1,99,1,0.389322962779752
5,1,100,1,0.338532870569588
5,1,101,1,0.735033298100227
5,1,102,1,0.643828591618888
5,1,103,1,0.571045764979775
5,1,104,1,0.499469262306099
5,1,105,1,0.42830942591872
5,1,106,1,0.366718381558066
5,1,107,1,0.307375227478998
5,1,108,1,0.257029690777129
5,1,109,1,0.213761817213576
5,1,110,1,0.178854474021628
5,1,111,1,0.767820089228273
5,1,112,1,0.688643688556738
5,1,113,1,0.610419191371582
5,1,114,1,0.530327942141485
5,1,115,1,0.466234170768218
5,1,116,1,0.398550550253628
5,1,117,1,0.3341952274109
5,1,118,1,0.283514352060696
5,1,119,1,0.237309299980035
5,1,120,1,0.194314312371491
5,1,121,1,0.797179251004187
5,1,122,1,0.71986557552752
5,1,123,1,0.647298909285931
5,1,124,1,0.567069594495915
5,1,125,1,0.492237229562806
5,1,126,1,0.428978529399246
5,1,127,1,0.367081985049081
5,1,128,1,0.307483316564016
5,1,129,1,0.260410807561452
5,1,130,1,0.215685706617492
5,1,131,1,0.820946314600406
5,1,132,1,0.754621492718073
5,1,133,1,0.668289098238143
5,1,134,1,0.593485209773392
5,1,135,1,0.520062052483841
5,1,136,1,0.450893380150442
5,1,137,1,0.389275730543716
5,1,138,1,0.335013106743238
5,1,139,1,0.283573190327789
5,1,140,1,0.232733257837481
5,1,141,1,0.849181956805995
5,1,142,1,0.785982677216448
5,1,143,1,0.698141789823724
5,1,144,1,0.622804157791183
5,1,145,1,0.548316091662052
5,1,146,1,0.48038767706805
5,1,147,1,0.41477073096528
5,1,148,1,0.359189095784362
5,1,149,1,0.303486823987997
5,1,150,1,0.256934321745589
5,1,151,1,0.866212591591655
5,1,152,1,0.812058239021027
5,1,153,1,0.735180149733013
5,1,154,1,0.650093622279728
5,1,155,1,0.567700251952174
5,1,156,1,0.506042318527458
5,1,157,1,0.442712186777179
5,1,158,1,0.382061999993211
5,1,159,1,0.326811589640213
5,1,160,1,0.276989165017858
5,1,161,1,0.883045539777076
5,1,162,1,0.829911211273836
5,1,163,1,0.760023125849926
5,1,164,1,0.676706226441749
5,1,165,1,0.594489986261744
5,1,166,1,0.525813616524833
5,1,167,1,0.461614772209696
5,1,168,1,0.400787120719048
5,1,169,1,0.344192590085258
5,1,170,1,0.294911079354673
5,1,171,1,0.89648107959848
5,1,172,1,0.86112762844282
5,1,173,1,0.787286858732188
5,1,174,1,0.70229314952916
5,1,175,1,0.617187814797501
5,1,176,1,0.54361182531428
5,1,177,1,0.481224716380459
5,1,178,1,0.422460123827286
5,1,179,1,0.365373233964754
5,1,180,1,0.310685169090938
5,1,181,1,0.915527954722147
5,1,182,1,0.878375223374587
5,1,183,1,0.821434062067977
5,1,184,1,0.739769985617626
5,1,185,1,0.647132343462291
5,1,186,1,0.563088836855369
5,1,187,1,0.496876426312032
5,1,188,1,0.437717198858632
5,1,189,1,0.376084636368277
5,1,190,1,0.32835375633189
5,1,191,1,0.926769823164033
5,1,192,1,0.894570338577055
5,1,193,1,0.850027930105957
5,1,194,1,0.777271848887942
5,1,195,1,0.677815907272176
5,1,196,1,0.593241722249384
5,1,197,1,0.522831975331984
5,1,198,1,0.455139421411523
5,1,199,1,0.398127616462617
5,1,200,1,0.34463768621802
5,1,201,1,0.745969984813097
5,1,202,1,0.660695788840965
5,1,203,1,0.580391451590441
5,1,204,1,0.511374902186625
5,1,205,1,0.439205867203688
5,1,206,1,0.372108832284981
5,1,207,1,0.314704388174434
5,1,208,1,0.26211567686524
5,1,209,1,0.21809272955159
5,1,210,1,0.177394675738661
5,1,211,1,0.769043423984347
5,1,212,1,0.696399952235393
5,1,213,1,0.613552110180793
5,1,214,1,0.544548927400857
5,1,215,1,0.471276425309866
5,1,216,1,0.403778420196648
5,1,217,1,0.344541317322643
5,1,218,1,0.286405586856478
5,1,219,1,0.241084012895328
5,1,220,1,0.201125903451091
5,1,221,1,0.801700309387399
5,1,222,1,0.727352030032773
5,1,223,1,0.648170114954432
5,1,224,1,0.575245001830247
5,1,225,1,0.500845258315712
5,1,226,1,0.431154023163762
5,1,227,1,0.37145769482486
5,1,228,1,0.317097684215484
5,1,229,1,0.266994117721624
5,1,230,1,0.220641951940362
5,1,231,1,0.822219267586758
5,1,232,1,0.76281655629863
5,1,233,1,0.67787713145882
5,1,234,1,0.603622425396018
5,1,235,1,0.527828141915177
5,1,236,1,0.458663243710549
5,1,237,1,0.393335823288628
5,1,238,1,0.343511213623558
5,1,239,1,0.289595731611566
5,1,240,1,0.23995636212219
5,1,241,1,0.854410992997142
5,1,242,1,0.794808862297308
5,1,243,1,0.705338433585719
5,1,244,1,0.623559259594047
5,1,245,1,0.553685909860111
5,1,246,1,0.487048530370106
5,1,247,1,0.422368893946319
5,1,248,1,0.360000907826044
5,1,249,1,0.307389648260025
5,1,250,1,0.259611655237495
5,1,251,1,0.871517473308101
5,1,252,1,0.817017946469265
5,1,253,1,0.736245591464478
5,1,254,1,0.661655803144743
5,1,255,1,0.58440013149244
5,1,256,1,0.506106216417628
5,1,257,1,0.446872656309179
5,1,258,1,0.384547326872033
5,1,259,1,0.326737053896572
5,1,260,1,0.278728797644833
5,1,261,1,0.887701011611865
5,1,262,1,0.846911093977248
5,1,263,1,0.769695218987316
5,1,264,1,0.689150598758497
5,1,265,1,0.605740740650458
5,1,266,1,0.532779561951992
5,1,267,1,0.465776244639347
5,1,268,1,0.407918680636448
5,1,269,1,0.346986914316256
5,1,270,1,0.299291930945707
5,1,271,1,0.89757343582522
5,1,272,1,0.866725176623718
5,1,273,1,0.805489698580286
5,1,274,1,0.717904445676502
5,1,275,1,0.636774466428336
5,1,276,1,0.557960884205043
5,1,277,1,0.486729801632888
5,1,278,1,0.423063934588284
5,1,279,1,0.368741473662796
5,1,280,1,0.318800324042837
5,1,281,1,0.915052595239807
5,1,282,1,0.88564603775149
5,1,283,1,0.826203395921715
5,1,284,1,0.743315682267444
5,1,285,1,0.655191645906764
5,1,286,1,0.581639292771969
5,1,287,1,0.510677559906479
5,1,288,1,0.446608328586795
5,1,289,1,0.389874792269326
5,1,290,1,0.336098323247576
5,1,291,1,0.925570936180036
5,1,292,1,0.906357899093976
5,1,293,1,0.856399244824251
5,1,294,1,0.785046329823691
5,1,295,1,0.687022366609009
5,1,296,1,0.603234201794505
5,1,297,1,0.524459771396599
5,1,298,1,0.465013485947543
5,1,299,1,0.406722791997117
5,1,300,1,0.35213469930848
5,1,301,1,0.743962990395929
5,1,302,1,0.662853223355862
5,1,303,1,0.588310927618673
5,1,304,1,0.512811634152172
5,1,305,1,0.439067570177283
5,1,306,1,0.38109248667742
5,1,307,1,0.318684694430091
5,1,308,1,0.269578797382431
5,1,309,1,0.219385745326126
5,1,310,1,0.183602523646529
5,1,311,1,0.782368096207901
5,1,312,1,0.70773967611865
5,1,313,1,0.625354940505374
5,1,314,1,0.549870114455165
5,1,315,1,0.477198806567383
5,1,316,1,0.41359991312541
5,1,317,1,0.347952170966463
5,1,318,1,0.292622490376773
5,1,319,1,0.244988735691598
5,1,320,1,0.201436203102837
5,1,321,1,0.812167216174891
5,1,322,1,0.73523270715068
5,1,323,1,0.660670783346865
5,1,324,1,0.578446481600594
5,1,325,1,0.508470874714641
5,1,326,1,0.440027883836685
5,1,327,1,0.381259358977172
5,1,328,1,0.319643848553832
5,1,329,1,0.262652932767164
5,1,330,1,0.221940687813076
5,1,331,1,0.838526727530706
5,1,332,1,0.765837138663109
5,1,333,1,0.683854861939628
5,1,334,1,0.61337020101018
5,1,335,1,0.534304546609403
5,1,336,1,0.472042897936362
5,1,337,1,0.404262869590363
5,1,338,1,0.346111244881836
5,1,339,1,0.292518585520873
5,1,340,1,0.241867714202509
5,1,341,1,0.862769240488688
5,1,342,1,0.798785431858268
5,1,343,1,0.714681417729932
5,1,344,1,0.632577066319667
5,1,345,1,0.56280215942959
5,1,346,1,0.493071149594338
5,1,347,1,0.430841432944727
5,1,348,1,0.370128395836941
5,1,349,1,0.311589672943522
5,1,350,1,0.262127511622828
5,1,351,1,0.874861950174008
5,1,352,1,0.828854695711204
5,1,353,1,0.755137761274524
5,1,354,1,0.659351405850285
5,1,355,1,0.588840391241645
5,1,356,1,0.513535153642218
5,1,357,1,0.45391683674803
5,1,358,1,0.391822405224912
5,1,359,1,0.334776950682001
5,1,360,1,0.28305484343318
5,1,361,1,0.895807424716951
5,1,362,1,0.848018401814698
5,1,363,1,0.778592015161099
5,1,364,1,0.691195704786535
5,1,365,1,0.615298038020417
5,1,366,1,0.53936692264334
5,1,367,1,0.471576325344062
5,1,368,1,0.415928991767716
5,1,369,1,0.350296725423999
5,1,370,1,0.303025883516302
5,1,371,1,0.906491121370352
5,1,372,1,0.863900362819849
5,1,373,1,0.809294508499229
5,1,374,1,0.724243001214892
5,1,375,1,0.63730355636297
5,1,376,1,0.564295425697283
5,1,377,1,0.49088481898871
5,1,378,1,0.431326686448162
5,1,379,1,0.37412170158613
5,1,380,1,0.322697005186624
5,1,381,1,0.918712459329316
5,1,382,1,0.891796643848606
5,1,383,1,0.838206167893131
5,1,384,1,0.757777127971838
5,1,385,1,0.661599200430778
5,1,386,1,0.584740301677763
5,1,387,1,0.515624360164062
5,1,388,1,0.445858115927493
5,1,389,1,0.394352938569563
5,1,390,1,0.33875836136343
5,1,391,1,0.931169734306086
5,1,392,1,0.906962284831475
5,1,393,1,0.862489021956915
5,1,394,1,0.790409016336629
5,1,395,1,0.70041927286851
5,1,396,1,0.610205472863554
5,1,397,1,0.530385703074773
5,1,398,1,0.465161836220731
5,1,399,1,0.409191288827957
5,1,400,1,0.358783161371281
5,1,401,1,0.801946484435458
5,1,402,1,0.713093698825153
5,1,403,1,0.614643506225786
5,1,404,1,0.512588820731797
5,1,405,1,0.434293297844527
5,1,406,1,0.3561113365849
5,1,407,1,0.300094014896838
5,1,408,1,0.24046668082864
5,1,409,1,0.198304872896399
5,1,410,1,0.161653013859896
5,1,411,1,0.844360607820073
5,1,412,1,0.768775045591578
5,1,413,1,0.670819806013752
5,1,414,1,0.567870069489592
5,1,415,1,0.479078914701923
5,1,416,1,0.399189389497892
5,1,417,1,0.32969780904079
5,1,418,1,0.272444049209264
5,1,419,1,0.220351838408334
5,1,420,1,0.180768044979236
5,1,421,1,0.87461112274758
5,1,422,1,0.819657860520008
5,1,423,1,0.731234495454688
5,1,424,1,0.61958363378233
5,1,425,1,0.522458715730592
5,1,426,1,0.442661795526339
5,1,427,1,0.36271475244158
5,1,428,1,0.30292333463171
5,1,429,1,0.248063384694054
5,1,430,1,0.20391346563445
5,1,431,1,0.894407894518978
5,1,432,1,0.850799717752374
5,1,433,1,0.777841898626172
5,1,434,1,0.674727958586619
5,1,435,1,0.571169573739737
5,1,436,1,0.476354542312325
5,1,437,1,0.39943260514496
5,1,438,1,0.326788234113562
5,1,439,1,0.272606303648899
5,1,440,1,0.226306355396909
5,1,441,1,0.912291164888675
5,1,442,1,0.882014577688989
5,1,443,1,0.824524513492962
5,1,444,1,0.726381928810894
5,1,445,1,0.62703007658475
5,1,446,1,0.519632190280798
5,1,447,1,0.431414536380659
5,1,448,1,0.36287867645415
5,1,449,1,0.302809154300163
5,1,450,1,0.248193037820049
5,1,451,1,0.925503409115716
5,1,452,1,0.904652148697485
5,1,453,1,0.853471096467397
5,1,454,1,0.787416987553814
5,1,455,1,0.67113652653423
5,1,456,1,0.561400365758417
5,1,457,1,0.474225814141005
5,1,458,1,0.392836105548127
5,1,459,1,0.33279286038614
5,1,460,1,0.272512447464298
5,1,461,1,0.93072691371864
5,1,462,1,0.913397858271335
5,1,463,1,0.887459486238468
5,1,464,1,0.828929082030252
5,1,465,1,0.730905898330759
5,1,466,1,0.621808824046975
5,1,467,1,0.512890954809661
5,1,468,1,0.426269145694588
5,1,469,1,0.35905642285291
5,1,470,1,0.297968419813842
5,1,471,1,0.942258263138995
5,1,472,1,0.925906149968621
5,1,473,1,0.904711466625544
5,1,474,1,0.861923066576961
5,1,475,1,0.784767878086604
5,1,476,1,0.67601336320813
5,1,477,1,0.557273835300179
5,1,478,1,0.461561599981859
5,1,479,1,0.388780830611947
5,1,480,1,0.318589424668957
5,1,481,1,0.947860991677381
5,1,482,1,0.937523978554557
5,1,483,1,0.923747934458085
5,1,484,1,0.89287689924281
5,1,485,1,0.840665799990828
5,1,486,1,0.734113281116862
5,1,487,1,0.608632467024143
5,1,488,1,0.500994717248041
5,1,489,1,0.418785775157083
5,1,490,1,0.350650228234576
5,1,491,1,0.951450476284489
5,1,492,1,0.946116456782104
5,1,493,1,0.933407754203916
5,1,494,1,0.911850190294371
5,1,495,1,0.877587868806036
5,1,496,1,0.808368556825289
5,1,497,1,0.669273607937849
5,1,498,1,0.54982765150852
5,1,499,1,0.455213415080276
5,1,500,1,0.382583234877232
5,1,501,1,0.830469028402751
5,1,502,1,0.753759371922466
5,1,503,1,0.652048471811979
5,1,504,1,0.54658313779097
5,1,505,1,0.459243233254945
5,1,506,1,0.380690166646928
5,1,507,1,0.317981150010133
5,1,508,1,0.254409292330082
5,1,509,1,0.21285624515601
5,1,510,1,0.171205863978319
5,1,511,1,0.862373089304301
5,1,512,1,0.799425639131165
5,1,513,1,0.715079435090022
5,1,514,1,0.61256082829122
5,1,515,1,0.510490484016212
5,1,516,1,0.424610657190063
5,1,517,1,0.350416497108415
5,1,518,1,0.287455864587952
5,1,519,1,0.237999156626739
5,1,520,1,0.191689500153629
5,1,521,1,0.888579084587901
5,1,522,1,0.846625704956366
5,1,523,1,0.762748334260747
5,1,524,1,0.667095230426831
5,1,525,1,0.554284097654035
5,1,526,1,0.466485312506297
5,1,527,1,0.388165562077402
5,1,528,1,0.319422403691376
5,1,529,1,0.262989367093351
5,1,530,1,0.212021285020169
5,1,531,1,0.902987871499309
5,1,532,1,0.876846561709135
5,1,533,1,0.808373072121349
5,1,534,1,0.729441521586554
5,1,535,1,0.606649321553571
5,1,536,1,0.513119305739704
5,1,537,1,0.430419513886362
5,1,538,1,0.347048043487497
5,1,539,1,0.292819599421618
5,1,540,1,0.241158329543603
5,1,541,1,0.925474539952785
5,1,542,1,0.895767375632398
5,1,543,1,0.850328835283492
5,1,544,1,0.774383187679917
5,1,545,1,0.662333148846943
5,1,546,1,0.556745142930198
5,1,547,1,0.463997422135312
5,1,548,1,0.390339312595945
5,1,549,1,0.321205082234392
5,1,550,1,0.265520493506269
5,1,551,1,0.931364962450332
5,1,552,1,0.910925753582752
5,1,553,1,0.884407482030927
5,1,554,1,0.824740658623483
5,1,555,1,0.724906375384193
5,1,556,1,0.610365848782887
5,1,557,1,0.505147076659941
5,1,558,1,0.42696292704461
5,1,559,1,0.352227876209901
5,1,560,1,0.289104508737959
5,1,561,1,0.937235860376712
5,1,562,1,0.925691996928493
5,1,563,1,0.905387642900296
5,1,564,1,0.864004577361795
5,1,565,1,0.776954582438648
5,1,566,1,0.667975302198638
5,1,567,1,0.555620008904927
5,1,568,1,0.455996232932632
5,1,569,1,0.382120234553899
5,1,570,1,0.316332932990232
5,1,571,1,0.943801638203092
5,1,572,1,0.934894573619316
5,1,573,1,0.917436492743172
5,1,574,1,0.890340454223827
5,1,575,1,0.823325946780479
5,1,576,1,0.72592399454553
5,1,577,1,0.602667085071612
5,1,578,1,0.499893261389045
5,1,579,1,0.412008633575632
5,1,580,1,0.344350922119943
5,1,581,1,0.954747826877557
5,1,582,1,0.946709506387765
5,1,583,1,0.931618156318914
5,1,584,1,0.912089224451858
5,1,585,1,0.867842377660263
5,1,586,1,0.789810073835158
5,1,587,1,0.670478668543824
5,1,588,1,0.549362554801481
5,1,589,1,0.450836066346609
5,1,590,1,0.376739524374768
5,1,591,1,0.955093166609914
5,1,592,1,0.949363774898356
5,1,593,1,0.944678616385108
5,1,594,1,0.922757236162916
5,1,595,1,0.900497769755006
5,1,596,1,0.837455846969551
5,1,597,1,0.739448410066359
5,1,598,1,0.606504509660433
5,1,599,1,0.492275208106754
5,1,600,1,0.409095303446747
5,1,601,1,0.84534405945883
5,1,602,1,0.784342744745507
5,1,603,1,0.687419577371107
5,1,604,1,0.579804285049128
5,1,605,1,0.490429319153482
5,1,606,1,0.396803981251603
5,1,607,1,0.3313715392778
5,1,608,1,0.272704580068976
5,1,609,1,0.219686639338829
5,1,610,1,0.179123592318906
5,1,611,1,0.878082796478769
5,1,612,1,0.828972095272459
5,1,613,1,0.748760470706781
5,1,614,1,0.640273120490152
5,1,615,1,0.541705247975715
5,1,616,1,0.443267812340109
5,1,617,1,0.369058366679011
5,1,618,1,0.306638364592399
5,1,619,1,0.247275836243691
5,1,620,1,0.203669114705389
5,1,621,1,0.902737846478487
5,1,622,1,0.858678246507829
5,1,623,1,0.805259820528208
5,1,624,1,0.705050063267366
5,1,625,1,0.58822771638213
5,1,626,1,0.493274035380648
5,1,627,1,0.405026575160647
5,1,628,1,0.333515063259503
5,1,629,1,0.277683825768507
5,1,630,1,0.224526879862729
5,1,631,1,0.914281749350839
5,1,632,1,0.888939093132472
5,1,633,1,0.841427319794004
5,1,634,1,0.757014944380956
5,1,635,1,0.653030950465823
5,1,636,1,0.545899741062837
5,1,637,1,0.449514756487217
5,1,638,1,0.373640528606797
5,1,639,1,0.305651420535758
5,1,640,1,0.250699843843262
5,1,641,1,0.930139215348355
5,1,642,1,0.907225219141375
5,1,643,1,0.873004096951509
5,1,644,1,0.80492645801948
5,1,645,1,0.707103908751676
5,1,646,1,0.589600221739256
5,1,647,1,0.488327710543514
5,1,648,1,0.40667624981493
5,1,649,1,0.340197934467889
5,1,650,1,0.276763951141414
5,1,651,1,0.935049551700873
5,1,652,1,0.917757314002659
5,1,653,1,0.899764709429978
5,1,654,1,0.851016062063023
5,1,655,1,0.767449972326308
5,1,656,1,0.651927198188366
5,1,657,1,0.535295935681158
5,1,658,1,0.445417845453212
5,1,659,1,0.370288745056037
5,1,660,1,0.305065766925061
5,1,661,1,0.94403026944912
5,1,662,1,0.93736077326302
5,1,663,1,0.914484910543643
5,1,664,1,0.875259873726877
5,1,665,1,0.820135125648786
5,1,666,1,0.71563487162493
5,1,667,1,0.584373152029355
5,1,668,1,0.486944300427676
5,1,669,1,0.403399436356674
5,1,670,1,0.33318047222521
5,1,671,1,0.947551199714504
5,1,672,1,0.943330189073875
5,1,673,1,0.929182235336672
5,1,674,1,0.902973015087785
5,1,675,1,0.852939391577681
5,1,676,1,0.772966440521883
5,1,677,1,0.649332445479479
5,1,678,1,0.531644881985795
5,1,679,1,0.438172143092146
5,1,680,1,0.36705469690432
5,1,681,1,0.953401529896046
5,1,682,1,0.944926405145726
5,1,683,1,0.940083497332488
5,1,684,1,0.917540140711597
5,1,685,1,0.885982438790117
5,1,686,1,0.828143131683645
5,1,687,1,0.71619828067131
5,1,688,1,0.584937973155712
5,1,689,1,0.489179689858191
5,1,690,1,0.399026822161909
5,1,691,1,0.956876674823518
5,1,692,1,0.953456781722598
5,1,693,1,0.94123467083787
5,1,694,1,0.93282190884533
5,1,695,1,0.915871835111574
5,1,696,1,0.864566306050868
5,1,697,1,0.78470572279923
5,1,698,1,0.648771686676807
5,1,699,1,0.530781199005999
5,1,700,1,0.437798528589174
5,1,701,1,0.85314105482681
5,1,702,1,0.800421500211928
5,1,703,1,0.720854224997388
5,1,704,1,0.608517942331238
5,1,705,1,0.506532805502713
5,1,706,1,0.420554390109971
5,1,707,1,0.345479260828055
5,1,708,1,0.28251812895062
5,1,709,1,0.225411678975926
5,1,710,1,0.18844086993635
5,1,711,1,0.888700783807704
5,1,712,1,0.846772495904273
5,1,713,1,0.777911747521989
5,1,714,1,0.672654878637548
5,1,715,1,0.559138269040737
5,1,716,1,0.466545579919518
5,1,717,1,0.383427755937692
5,1,718,1,0.318611872538308
5,1,719,1,0.259014918958656
5,1,720,1,0.212842116275812
5,1,721,1,0.908609338294704
5,1,722,1,0.875552346928364
5,1,723,1,0.819535205229746
5,1,724,1,0.7279251437317
5,1,725,1,0.621335995069272
5,1,726,1,0.513783659097443
5,1,727,1,0.425608744775659
5,1,728,1,0.354087978671431
5,1,729,1,0.287536971624719
5,1,730,1,0.234418900040457
5,1,731,1,0.922154036467778
5,1,732,1,0.902741592793002
5,1,733,1,0.853768940692414
5,1,734,1,0.787449484114044
5,1,735,1,0.675697901137806
5,1,736,1,0.564993385276439
5,1,737,1,0.46784203414759
5,1,738,1,0.397707449181523
5,1,739,1,0.322455168231248
5,1,740,1,0.262661739497452
5,1,741,1,0.92987327175508
5,1,742,1,0.913004398464761
5,1,743,1,0.888748457287879
5,1,744,1,0.832798336853073
5,1,745,1,0.743345001543284
5,1,746,1,0.623561526940768
5,1,747,1,0.517164247317077
5,1,748,1,0.432469740272972
5,1,749,1,0.352678738960635
5,1,750,1,0.288594013551333
5,1,751,1,0.937798720969078
5,1,752,1,0.927998563802252
5,1,753,1,0.90826629588464
5,1,754,1,0.864024926318248
5,1,755,1,0.792835528097298
5,1,756,1,0.681277589419904
5,1,757,1,0.563261050545404
5,1,758,1,0.464812126419598
5,1,759,1,0.38531833551694
5,1,760,1,0.318646597943696
5,1,761,1,0.943182067770502
5,1,762,1,0.935220954881526
5,1,763,1,0.920434712888069
5,1,764,1,0.896348222746723
5,1,765,1,0.842115498051238
5,1,766,1,0.741506985024946
5,1,767,1,0.617907280817392
5,1,768,1,0.514468322006269
5,1,769,1,0.426444581857546
5,1,770,1,0.352405029160095
5,1,771,1,0.951430692256885
5,1,772,1,0.944915920369273
5,1,773,1,0.931959892303968
5,1,774,1,0.916243945523083
5,1,775,1,0.875217342472135
5,1,776,1,0.801212619140408
5,1,777,1,0.684742235502605
5,1,778,1,0.559734977385716
5,1,779,1,0.461533759468204
5,1,780,1,0.381517439022131
5,1,781,1,0.95667687315409
5,1,782,1,0.946892021059515
5,1,783,1,0.941212067952145
5,1,784,1,0.927603240860914
5,1,785,1,0.89591852889881
5,1,786,1,0.853540412128707
5,1,787,1,0.753797122121646
5,1,788,1,0.624572643143562
5,1,789,1,0.505078589699024
5,1,790,1,0.417314734188342
5,1,791,1,0.957214621326813
5,1,792,1,0.954564341609124
5,1,793,1,0.949903725162094
5,1,794,1,0.93565550884679
5,1,795,1,0.921072521550721
5,1,796,1,0.877512117213686
5,1,797,1,0.81634996386529
5,1,798,1,0.694605039489033
5,1,799,1,0.568231170899204
5,1,800,1,0.459014869520934
5,1,801,1,0.879302895182762
5,1,802,1,0.841026386188436
5,1,803,1,0.762194166557252
5,1,804,1,0.628501972428096
5,1,805,1,0.478527482488204
5,1,806,1,0.368183072296978
5,1,807,1,0.289465666668907
5,1,808,1,0.227823675639172
5,1,809,1,0.181505911504583
5,1,810,1,0.150796056951831
5,1,811,1,0.916788080385078
5,1,812,1,0.885194855873881
5,1,813,1,0.832520108237799
5,1,814,1,0.73507939876027
5,1,815,1,0.586527019875558
5,1,816,1,0.435038762198882
5,1,817,1,0.329241969517289
5,1,818,1,0.263691816797533
5,1,819,1,0.206141559091059
5,1,820,1,0.167196354543194
5,1,821,1,0.929000750756428
5,1,822,1,0.915536119079353
5,1,823,1,0.884736166217863
5,1,824,1,0.818097222314939
5,1,825,1,0.701896077595848
5,1,826,1,0.524119600869299
5,1,827,1,0.383916381289765
5,1,828,1,0.300903216894944
5,1,829,1,0.233745518074061
5,1,830,1,0.191400371692528
5,1,831,1,0.940415181390089
5,1,832,1,0.925891593614022
5,1,833,1,0.914001101186593
5,1,834,1,0.876894984309212
5,1,835,1,0.807832537382178
5,1,836,1,0.655671682543754
5,1,837,1,0.467716522454091
5,1,838,1,0.346431997026397
5,1,839,1,0.270472868449769
5,1,840,1,0.211385350773418
5,1,841,1,0.946463981296099
5,1,842,1,0.938641569123368
5,1,843,1,0.934057913779919
5,1,844,1,0.913016707200504
5,1,845,1,0.866721655592655
5,1,846,1,0.78305899552251
5,1,847,1,0.59568506062433
5,1,848,1,0.414958398467047
5,1,849,1,0.314168645983081
5,1,850,1,0.244043285831103
5,1,851,1,0.950808723287312
5,1,852,1,0.950685839837166
5,1,853,1,0.940086915184564
5,1,854,1,0.930527727560794
5,1,855,1,0.904920695219127
5,1,856,1,0.865271342609945
5,1,857,1,0.747695130805357
5,1,858,1,0.531343672748968
5,1,859,1,0.367658022654822
5,1,860,1,0.282549555459975
5,1,861,1,0.957301379247115
5,1,862,1,0.952639710959417
5,1,863,1,0.948764152487527
5,1,864,1,0.941973065189611
5,1,865,1,0.931582956798573
5,1,866,1,0.909072704977761
5,1,867,1,0.850533498162288
5,1,868,1,0.715363053912021
5,1,869,1,0.473529660427694
5,1,870,1,0.328049114771576
5,1,871,1,0.9596326053507
5,1,872,1,0.959643005755331
5,1,873,1,0.957469380435125
5,1,874,1,0.952895427447488
5,1,875,1,0.941737094151099
5,1,876,1,0.934423819179496
5,1,877,1,0.906177247963817
5,1,878,1,0.845842794759983
5,1,879,1,0.648447733096073
5,1,880,1,0.411511239846291
5,1,881,1,0.960487783428713
5,1,882,1,0.961228096849697
5,1,883,1,0.957085422585394
5,1,884,1,0.956211128974254
5,1,885,1,0.952901248709133
5,1,886,1,0.942887759924422
5,1,887,1,0.928970446795599
5,1,888,1,0.903250502039763
5,1,889,1,0.824047479347734
5,1,890,1,0.586821945920817
5,1,891,1,0.967802992921004
5,1,892,1,0.96371106553726
5,1,893,1,0.961232019576384
5,1,894,1,0.957953033100078
5,1,895,1,0.955769931174232
5,1,896,1,0.949359245316605
5,1,897,1,0.944844837352189
5,1,898,1,0.928920019374318
5,1,899,1,0.901645781987704
5,1,900,1,0.80293547363653
5,1,901,1,0.905892180836045
5,1,902,1,0.878700408798448
5,1,903,1,0.835238571151446
5,1,904,1,0.732231784645422
5,1,905,1,0.599460235117552
5,1,906,1,0.43622698724758
5,1,907,1,0.333398951617201
5,1,908,1,0.257073616687263
5,1,909,1,0.208135904496928
5,1,910,1,0.162471960256875
5,1,911,1,0.925575822920257
5,1,912,1,0.911151082317338
5,1,913,1,0.879998757246285
5,1,914,1,0.824713399994313
5,1,915,1,0.715887583103896
5,1,916,1,0.542651192401125
5,1,917,1,0.39533336287962
5,1,918,1,0.306687506948048
5,1,919,1,0.234545115919821
5,1,920,1,0.187903849229318
5,1,921,1,0.935074419245005
5,1,922,1,0.926382003387531
5,1,923,1,0.911809454760755
5,1,924,1,0.878475897599663
5,1,925,1,0.812445227103739
5,1,926,1,0.674667850616412
5,1,927,1,0.488359515534367
5,1,928,1,0.358171323649009
5,1,929,1,0.272838470056409
5,1,930,1,0.217382788044148
5,1,931,1,0.945292213407084
5,1,932,1,0.938389715110818
5,1,933,1,0.932219721802172
5,1,934,1,0.913833989977009
5,1,935,1,0.879633258846095
5,1,936,1,0.807154995798225
5,1,937,1,0.636811423230449
5,1,938,1,0.44362116392691
5,1,939,1,0.320868950865099
5,1,940,1,0.245345491427681
5,1,941,1,0.955368190188922
5,1,942,1,0.94578235418251
5,1,943,1,0.939000616295408
5,1,944,1,0.931671527761
5,1,945,1,0.909220990902953
5,1,946,1,0.869726535482277
5,1,947,1,0.778136671925789
5,1,948,1,0.574917608734675
5,1,949,1,0.393596380498861
5,1,950,1,0.286619668459829
5,1,951,1,0.953411140227101
5,1,952,1,0.953540322178361
5,1,953,1,0.95038280970415
5,1,954,1,0.939342193984706
5,1,955,1,0.931159517685683
5,1,956,1,0.909122163127747
5,1,957,1,0.870110029817367
5,1,958,1,0.747361203607139
5,1,959,1,0.503330609277352
5,1,960,1,0.347412027475553
5,1,961,1,0.959306510463082
5,1,962,1,0.955611642350506
5,1,963,1,0.955410566669329
5,1,964,1,0.946127715637216
5,1,965,1,0.940156614949398
5,1,966,1,0.936885995020139
5,1,967,1,0.910469424367959
5,1,968,1,0.855529168162977
5,1,969,1,0.713240398441121
5,1,970,1,0.443999923897717
5,1,971,1,0.961896451546991
5,1,972,1,0.958691638852775
5,1,973,1,0.95933142145218
5,1,974,1,0.956879944009833
5,1,975,1,0.953574254361589
5,1,976,1,0.942699143540012
5,1,977,1,0.933092870433739
5,1,978,1,0.902948227320867
5,1,979,1,0.850570743006428
5,1,980,1,0.641418261240464
5,1,981,1,0.962407513304848
5,1,982,1,0.962368539072541
5,1,983,1,0.960942093819857
5,1,984,1,0.962164109344581
5,1,985,1,0.955461013926679
5,1,986,1,0.951994954237606
5,1,987,1,0.942440926182873
5,1,988,1,0.931974950256581
5,1,989,1,0.905916143664035
5,1,990,1,0.82869937140564
5,1,991,1,0.965384945576428
5,1,992,1,0.967151921218306
5,1,993,1,0.96430847388838
5,1,994,1,0.963534116103679
5,1,995,1,0.957506071384791
5,1,996,1,0.955982846748537
5,1,997,1,0.951320799425426
5,1,998,1,0.945407891845197
5,1,999,1,0.933594644869256
5,1,1000,1,0.90197920364865
5,1,1001,1,0.920441530008902
5,1,1002,1,0.898077037568926
5,1,1003,1,0.874407336432379
5,1,1004,1,0.806478207105075
5,1,1005,1,0.689311956986381
5,1,1006,1,0.531704450427059
5,1,1007,1,0.390400045402466
5,1,1008,1,0.29366182742347
5,1,1009,1,0.226473915019256
5,1,1010,1,0.182494583819875
5,1,1011,1,0.930816491040769
5,1,1012,1,0.925504822024988
5,1,1013,1,0.89969370480087
5,1,1014,1,0.870618331868932
5,1,1015,1,0.803609543262411
5,1,1016,1,0.665755567702304
5,1,1017,1,0.48577178419386
5,1,1018,1,0.350806211246647
5,1,1019,1,0.268636198107755
5,1,1020,1,0.210596043718389
5,1,1021,1,0.942089958298968
5,1,1022,1,0.936000549435853
5,1,1023,1,0.919975021019717
5,1,1024,1,0.90874061235496
5,1,1025,1,0.867308674399256
5,1,1026,1,0.785879947301765
5,1,1027,1,0.621925519607455
5,1,1028,1,0.437485573411914
5,1,1029,1,0.321611556851807
5,1,1030,1,0.248177667793453
5,1,1031,1,0.95232158600127
5,1,1032,1,0.944417353964237
5,1,1033,1,0.940884320326264
5,1,1034,1,0.927989084475106
5,1,1035,1,0.904407800115435
5,1,1036,1,0.861466491359289
5,1,1037,1,0.766087029780861
5,1,1038,1,0.569664050356156
5,1,1039,1,0.386457207211889
5,1,1040,1,0.285507961321489
5,1,1041,1,0.956491766688813
5,1,1042,1,0.952637871195793
5,1,1043,1,0.941578985476531
5,1,1044,1,0.937396036924452
5,1,1045,1,0.928768632389916
5,1,1046,1,0.904360938526969
5,1,1047,1,0.860160756821019
5,1,1048,1,0.739497406312142
5,1,1049,1,0.509932858598345
5,1,1050,1,0.341948985394858
5,1,1051,1,0.959543378195626
5,1,1052,1,0.957311736958095
5,1,1053,1,0.952847212118063
5,1,1054,1,0.947084984097376
5,1,1055,1,0.940369434430046
5,1,1056,1,0.9323920745507
5,1,1057,1,0.90563761227122
5,1,1058,1,0.849064027189904
5,1,1059,1,0.69242917172012
5,1,1060,1,0.449222729960679
5,1,1061,1,0.96125800779378
5,1,1062,1,0.958393063948532
5,1,1063,1,0.958455801031727
5,1,1064,1,0.950736683944357
5,1,1065,1,0.947350805082033
5,1,1066,1,0.938762480593505
5,1,1067,1,0.932328788558596
5,1,1068,1,0.902728141784581
5,1,1069,1,0.842785103997691
5,1,1070,1,0.647052644555087
5,1,1071,1,0.96134498728885
5,1,1072,1,0.96030188918618
5,1,1073,1,0.961634742404951
5,1,1074,1,0.957611357877381
5,1,1075,1,0.955316503989517
5,1,1076,1,0.950005895195015
5,1,1077,1,0.941046320258756
5,1,1078,1,0.9287640339924
5,1,1079,1,0.89850489626472
5,1,1080,1,0.83334087540053
5,1,1081,1,0.96469909016329
5,1,1082,1,0.964056124495879
5,1,1083,1,0.961335485670514
5,1,1084,1,0.960892432035561
5,1,1085,1,0.96052312326625
5,1,1086,1,0.955758025356496
5,1,1087,1,0.954820347349754
5,1,1088,1,0.94181118281978
5,1,1089,1,0.92912109674065
5,1,1090,1,0.899823509798023
5,1,1091,1,0.964558681535002
5,1,1092,1,0.963387104835784
5,1,1093,1,0.966830354864997
5,1,1094,1,0.965168598314908
5,1,1095,1,0.960245330666143
5,1,1096,1,0.958748774582284
5,1,1097,1,0.95630158578101
5,1,1098,1,0.950448290884975
5,1,1099,1,0.943802601866542
5,1,1100,1,0.933841466969005
5,1,1101,1,0.926689312555572
5,1,1102,1,0.913571593797171
5,1,1103,1,0.889763858993536
5,1,1104,1,0.842961766660467
5,1,1105,1,0.765955341035977
5,1,1106,1,0.626981567687644
5,1,1107,1,0.454261319101483
5,1,1108,1,0.339813800929303
5,1,1109,1,0.253379466428374
5,1,1110,1,0.199816748867441
5,1,1111,1,0.938093638717187
5,1,1112,1,0.929439383080002
5,1,1113,1,0.916917428637358
5,1,1114,1,0.891297885853209
5,1,1115,1,0.847170448057361
5,1,1116,1,0.7491675694958
5,1,1117,1,0.583735473018857
5,1,1118,1,0.410771612872027
5,1,1119,1,0.306394863387826
5,1,1120,1,0.236329206727137
5,1,1121,1,0.943630730873883
5,1,1122,1,0.940303160412658
5,1,1123,1,0.932705352623819
5,1,1124,1,0.916732597375937
5,1,1125,1,0.895207888028001
5,1,1126,1,0.84519461285949
5,1,1127,1,0.734457465948679
5,1,1128,1,0.537955100756003
5,1,1129,1,0.377513585343253
5,1,1130,1,0.275409625464276
5,1,1131,1,0.950511401702387
5,1,1132,1,0.945766086009596
5,1,1133,1,0.945065837160683
5,1,1134,1,0.936661323697487
5,1,1135,1,0.920745958176074
5,1,1136,1,0.893007749340292
5,1,1137,1,0.833768065018251
5,1,1138,1,0.702283706595065
5,1,1139,1,0.477636330091716
5,1,1140,1,0.334650292758927
5,1,1141,1,0.955349609250751
5,1,1142,1,0.951243766539552
5,1,1143,1,0.947358400339699
5,1,1144,1,0.948028931827356
5,1,1145,1,0.934556737345646
5,1,1146,1,0.920293677859347
5,1,1147,1,0.898690149215123
5,1,1148,1,0.831068575317322
5,1,1149,1,0.659065117188873
5,1,1150,1,0.42628529949986
5,1,1151,1,0.957902777148378
5,1,1152,1,0.956735000760105
5,1,1153,1,0.9541943190142
5,1,1154,1,0.950862429598155
5,1,1155,1,0.944737645275199
5,1,1156,1,0.935732665955154
5,1,1157,1,0.923448070398373
5,1,1158,1,0.886490782852686
5,1,1159,1,0.808678587856954
5,1,1160,1,0.603348590286892
5,1,1161,1,0.958209213201395
5,1,1162,1,0.959142611726395
5,1,1163,1,0.955552713094691
5,1,1164,1,0.957709288925599
5,1,1165,1,0.951335163916887
5,1,1166,1,0.947051975616355
5,1,1167,1,0.940206396115082
5,1,1168,1,0.922176281059632
5,1,1169,1,0.886153610759237
5,1,1170,1,0.79200193117988
5,1,1171,1,0.964948511308592
5,1,1172,1,0.959193595477538
5,1,1173,1,0.961358895234275
5,1,1174,1,0.958899696472283
5,1,1175,1,0.956524775841661
5,1,1176,1,0.95426891861395
5,1,1177,1,0.947229551498936
5,1,1178,1,0.937201502987778
5,1,1179,1,0.928723033367593
5,1,1180,1,0.885547184133134
5,1,1181,1,0.96558258626441
5,1,1182,1,0.962910456728965
5,1,1183,1,0.963803557346563
5,1,1184,1,0.96287836626946
5,1,1185,1,0.956185885709707
5,1,1186,1,0.96012551842098
5,1,1187,1,0.951956663964696
5,1,1188,1,0.948051234260202
5,1,1189,1,0.940818416769849
5,1,1190,1,0.926278551169894
5,1,1191,1,0.968080596065104
5,1,1192,1,0.968688751157076
5,1,1193,1,0.964744155373991
5,1,1194,1,0.965225818789026
5,1,1195,1,0.963819139525667
5,1,1196,1,0.960363589754949
5,1,1197,1,0.957941618331528
5,1,1198,1,0.954556951594634
5,1,1199,1,0.949520052465222
5,1,1200,1,0.94220811249132
5,1,1201,1,0.922100359466979
5,1,1202,1,0.909286465039143
5,1,1203,1,0.875770770756236
5,1,1204,1,0.816250979711052
5,1,1205,1,0.680089431359863
5,1,1206,1,0.434273184258145
5,1,1207,1,0.272495769696895
5,1,1208,1,0.203781886113003
5,1,1209,1,0.161068967627823
5,1,1210,1,0.131445374119445
5,1,1211,1,0.939905586341307
5,1,1212,1,0.930433306132067
5,1,1213,1,0.919596359071994
5,1,1214,1,0.895402637024173
5,1,1215,1,0.840616905621059
5,1,1216,1,0.681141006586848
5,1,1217,1,0.392951712641198
5,1,1218,1,0.250042551626876
5,1,1219,1,0.186363974949683
5,1,1220,1,0.147451608950993
5,1,1221,1,0.946531598503725
5,1,1222,1,0.945452575755901
5,1,1223,1,0.938007897252003
5,1,1224,1,0.930653861951092
5,1,1225,1,0.906928532742764
5,1,1226,1,0.861630377408832
5,1,1227,1,0.688987307825581
5,1,1228,1,0.345910890818815
5,1,1229,1,0.219205894511429
5,1,1230,1,0.168386416899366
5,1,1231,1,0.952187425957465
5,1,1232,1,0.951661048963082
5,1,1233,1,0.949897478298096
5,1,1234,1,0.94190280253604
5,1,1235,1,0.933295625830342
5,1,1236,1,0.920179041351864
5,1,1237,1,0.88168579002762
5,1,1238,1,0.697439485819375
5,1,1239,1,0.299471572803231
5,1,1240,1,0.198065945301321
5,1,1241,1,0.957899895993011
5,1,1242,1,0.957188372196878
5,1,1243,1,0.954873555619831
5,1,1244,1,0.952525784120376
5,1,1245,1,0.950642259980965
5,1,1246,1,0.942913707239353
5,1,1247,1,0.931278285433567
5,1,1248,1,0.899529138812167
5,1,1249,1,0.711712990814842
5,1,1250,1,0.251632941198503
5,1,1251,1,0.963301174576753
5,1,1252,1,0.965229302905071
5,1,1253,1,0.956627278324053
5,1,1254,1,0.956366530536358
5,1,1255,1,0.956330126793812
5,1,1256,1,0.955548992661615
5,1,1257,1,0.948129819006707
5,1,1258,1,0.941125170581991
5,1,1259,1,0.920717634781515
5,1,1260,1,0.743758919482362
5,1,1261,1,0.963433311129956
5,1,1262,1,0.965426101372501
5,1,1263,1,0.962561425603253
5,1,1264,1,0.96170413457683
5,1,1265,1,0.960708070334526
5,1,1266,1,0.957777955702443
5,1,1267,1,0.956986703400063
5,1,1268,1,0.952661545295513
5,1,1269,1,0.945418084046708
5,1,1270,1,0.935100886460586
5,1,1271,1,0.966323155329068
5,1,1272,1,0.965276479645452
5,1,1273,1,0.964739971887905
5,1,1274,1,0.963450623774088
5,1,1275,1,0.959559538888613
5,1,1276,1,0.962950248846702
5,1,1277,1,0.958485140717119
5,1,1278,1,0.96151746902912
5,1,1279,1,0.956385845804568
5,1,1280,1,0.950168352044955
5,1,1281,1,0.965161464124029
5,1,1282,1,0.96891866785572
5,1,1283,1,0.965703528822458
5,1,1284,1,0.966655728983999
5,1,1285,1,0.962329988148579
5,1,1286,1,0.962613491052474
5,1,1287,1,0.963119022277665
5,1,1288,1,0.961203311556513
5,1,1289,1,0.961791862594339
5,1,1290,1,0.958245106138552
5,1,1291,1,0.968058538128889
5,1,1292,1,0.9677629697588
5,1,1293,1,0.967673274658753
5,1,1294,1,0.966706568339066
5,1,1295,1,0.964866184188131
5,1,1296,1,0.968874451313734
5,1,1297,1,0.968306574811765
5,1,1298,1,0.9646348857157
5,1,1299,1,0.963825954310453
5,1,1300,1,0.965008577184664
5,1,1301,1,0.938372325373356
5,1,1302,1,0.926384646608932
5,1,1303,1,0.920007844842035
5,1,1304,1,0.898596298733132
5,1,1305,1,0.872618999342334
5,1,1306,1,0.762856941262631
5,1,1307,1,0.550526338780812
5,1,1308,1,0.289604921756275
5,1,1309,1,0.201406418283649
5,1,1310,1,0.154440802079846
5,1,1311,1,0.944435652582733
5,1,1312,1,0.942539599210156
5,1,1313,1,0.940824015972003
5,1,1314,1,0.926123450455604
5,1,1315,1,0.90986184006434
5,1,1316,1,0.887605839778052
5,1,1317,1,0.807898679645606
5,1,1318,1,0.54409096588288
5,1,1319,1,0.268002140513323
5,1,1320,1,0.18171123860853
5,1,1321,1,0.949716898852897
5,1,1322,1,0.951191630192959
5,1,1323,1,0.947672244992797
5,1,1324,1,0.940665599243785
5,1,1325,1,0.93419182657945
5,1,1326,1,0.924116028269696
5,1,1327,1,0.905783077460689
5,1,1328,1,0.833739257610789
5,1,1329,1,0.52751802140169
5,1,1330,1,0.227872356170857
5,1,1331,1,0.956174008705767
5,1,1332,1,0.956883312419322
5,1,1333,1,0.952887560620063
5,1,1334,1,0.954811933858638
5,1,1335,1,0.946139166120943
5,1,1336,1,0.945338843804073
5,1,1337,1,0.92913407573013
5,1,1338,1,0.917792342386523
5,1,1339,1,0.868033414376
5,1,1340,1,0.522765572546094
5,1,1341,1,0.959880640156619
5,1,1342,1,0.959037321322236
5,1,1343,1,0.959372864398299
5,1,1344,1,0.956087703298014
5,1,1345,1,0.954909368209521
5,1,1346,1,0.954612832603128
5,1,1347,1,0.94919557690952
5,1,1348,1,0.940870997942472
5,1,1349,1,0.929978396713768
5,1,1350,1,0.90017612574281
5,1,1351,1,0.965490657634999
5,1,1352,1,0.965027307154233
5,1,1353,1,0.960384562150864
5,1,1354,1,0.959876544980266
5,1,1355,1,0.960390827909879
5,1,1356,1,0.957852666760827
5,1,1357,1,0.958480949477577
5,1,1358,1,0.953879644379076
5,1,1359,1,0.947181998296293
5,1,1360,1,0.938150815099731
5,1,1361,1,0.964717799270855
5,1,1362,1,0.962957134544863
5,1,1363,1,0.960410203388363
5,1,1364,1,0.964956182122715
5,1,1365,1,0.964396991408761
5,1,1366,1,0.963835023441089
5,1,1367,1,0.959688116125817
5,1,1368,1,0.958660403485755
5,1,1369,1,0.953126624553224
5,1,1370,1,0.955027619035668
5,1,1371,1,0.968260288660744
5,1,1372,1,0.96497524588658
5,1,1373,1,0.966986506020486
5,1,1374,1,0.967793976797306
5,1,1375,1,0.96450578647655
5,1,1376,1,0.961513637338131
5,1,1377,1,0.965312274121596
5,1,1378,1,0.959859567506672
5,1,1379,1,0.960626951475573
5,1,1380,1,0.958741811359908
5,1,1381,1,0.966798859170908
5,1,1382,1,0.967055479823614
5,1,1383,1,0.964786842993244
5,1,1384,1,0.967053414675417
5,1,1385,1,0.968922834017476
5,1,1386,1,0.968536229245888
5,1,1387,1,0.96628488403899
5,1,1388,1,0.961133342053319
5,1,1389,1,0.963796783094235
5,1,1390,1,0.960579855755657
5,1,1391,1,0.968869725634161
5,1,1392,1,0.968248288679954
5,1,1393,1,0.967624564091489
5,1,1394,1,0.967983271610391
5,1,1395,1,0.966368607317776
5,1,1396,1,0.965665437951963
5,1,1397,1,0.966533870394257
5,1,1398,1,0.964297443963963
5,1,1399,1,0.969298879366314
5,1,1400,1,0.966386600773787
5,1,1401,1,0.943690680415033
5,1,1402,1,0.940204039707763
5,1,1403,1,0.932516642864922
5,1,1404,1,0.927520739609965
5,1,1405,1,0.907164253078795
5,1,1406,1,0.880183907623096
5,1,1407,1,0.814264604252238
5,1,1408,1,0.634471724454711
5,1,1409,1,0.317723432933622
5,1,1410,1,0.192925086591961
5,1,1411,1,0.950037670810601
5,1,1412,1,0.945267983274166
5,1,1413,1,0.944609788125295
5,1,1414,1,0.940957614458421
5,1,1415,1,0.928944366909217
5,1,1416,1,0.924954016174938
5,1,1417,1,0.896257702282652
5,1,1418,1,0.845700857273185
5,1,1419,1,0.654288148776996
5,1,1420,1,0.290198442561218
5,1,1421,1,0.95831065276633
5,1,1422,1,0.955803777161472
5,1,1423,1,0.949824585005928
5,1,1424,1,0.947738116084204
5,1,1425,1,0.944815213277656
5,1,1426,1,0.939567726420137
5,1,1427,1,0.93149910048467
5,1,1428,1,0.919673752316454
5,1,1429,1,0.877864763795397
5,1,1430,1,0.706535227445186
5,1,1431,1,0.96070040952848
5,1,1432,1,0.956836902832096
5,1,1433,1,0.956355288703626
5,1,1434,1,0.955025045886176
5,1,1435,1,0.954635882240068
5,1,1436,1,0.95076636972116
5,1,1437,1,0.948133105144037
5,1,1438,1,0.941204593090508
5,1,1439,1,0.932681049899319
5,1,1440,1,0.903641781947447
5,1,1441,1,0.96326444700048
5,1,1442,1,0.959500841998374
5,1,1443,1,0.959538238509031
5,1,1444,1,0.958891296982595
5,1,1445,1,0.958850661398903
5,1,1446,1,0.953340389642379
5,1,1447,1,0.953088766010665
5,1,1448,1,0.95332533294611
5,1,1449,1,0.947593899188506
5,1,1450,1,0.938987583385961
5,1,1451,1,0.963699916804918
5,1,1452,1,0.960456339168224
5,1,1453,1,0.961417502259637
5,1,1454,1,0.959496211124409
5,1,1455,1,0.961385872389153
5,1,1456,1,0.96212292118421
5,1,1457,1,0.957694102016753
5,1,1458,1,0.958676311175186
5,1,1459,1,0.956222801871944
5,1,1460,1,0.951971145372956
5,1,1461,1,0.964687893591429
5,1,1462,1,0.963196882883028
5,1,1463,1,0.963895871643746
5,1,1464,1,0.96342212156991
5,1,1465,1,0.96376707352601
5,1,1466,1,0.963447117507883
5,1,1467,1,0.962086871768118
5,1,1468,1,0.958842059799059
5,1,1469,1,0.958749988759854
5,1,1470,1,0.95767753287248
5,1,1471,1,0.967453738393036
5,1,1472,1,0.967074341007813
5,1,1473,1,0.966039784050784
5,1,1474,1,0.966829322085946
5,1,1475,1,0.964296596309055
5,1,1476,1,0.964606070436773
5,1,1477,1,0.964224231398052
5,1,1478,1,0.965258112799917
5,1,1479,1,0.962365536134224
5,1,1480,1,0.964239767965643
5,1,1481,1,0.96526100299299
5,1,1482,1,0.96664596340341
5,1,1483,1,0.968883869874453
5,1,1484,1,0.965666421974186
5,1,1485,1,0.965563209470567
5,1,1486,1,0.966321641024948
5,1,1487,1,0.965128296318583
5,1,1488,1,0.966289867856533
5,1,1489,1,0.964787535248916
5,1,1490,1,0.965121172568746
5,1,1491,1,0.967944962244543
5,1,1492,1,0.968765280896358
5,1,1493,1,0.966277967080293
5,1,1494,1,0.968310431670918
5,1,1495,1,0.967716785296269
5,1,1496,1,0.968847913426698
5,1,1497,1,0.967763778201471
5,1,1498,1,0.966457781123082
5,1,1499,1,0.965089502432174
5,1,1500,1,0.965892713699232
5,1,1501,1,0.945051865652043
5,1,1502,1,0.94476809385976
5,1,1503,1,0.938448321639163
5,1,1504,1,0.933817570516016
5,1,1505,1,0.924410177222945
5,1,1506,1,0.907667181604014
5,1,1507,1,0.889755735043532
5,1,1508,1,0.83272101011847
5,1,1509,1,0.676571542881848
5,1,1510,1,0.329056023091615
5,1,1511,1,0.952353234079169
5,1,1512,1,0.949306890870806
5,1,1513,1,0.94884630608004
5,1,1514,1,0.947686750465314
5,1,1515,1,0.944765798556541
5,1,1516,1,0.933484053424165
5,1,1517,1,0.922549675449637
5,1,1518,1,0.90659894569019
5,1,1519,1,0.858072398534637
5,1,1520,1,0.709768416821171
5,1,1521,1,0.956004025488819
5,1,1522,1,0.954458402270916
5,1,1523,1,0.956701006415009
5,1,1524,1,0.951877522225316
5,1,1525,1,0.946942825335737
5,1,1526,1,0.94577317592427
5,1,1527,1,0.944184711730895
5,1,1528,1,0.93297106510075
5,1,1529,1,0.92863121203361
5,1,1530,1,0.892719721568859
5,1,1531,1,0.959624048335248
5,1,1532,1,0.958450847848429
5,1,1533,1,0.958747152832849
5,1,1534,1,0.958361209329697
5,1,1535,1,0.957038288081717
5,1,1536,1,0.955396643618335
5,1,1537,1,0.954098015043687
5,1,1538,1,0.948932609562534
5,1,1539,1,0.944822623355547
5,1,1540,1,0.932890469527674
5,1,1541,1,0.960248392602536
5,1,1542,1,0.957113274136078
5,1,1543,1,0.960699719484624
5,1,1544,1,0.959379405260412
5,1,1545,1,0.959069338995173
5,1,1546,1,0.961277608352229
5,1,1547,1,0.954895206041378
5,1,1548,1,0.950179220412467
5,1,1549,1,0.954687273777818
5,1,1550,1,0.948664825369159
5,1,1551,1,0.963249034431988
5,1,1552,1,0.963590353505522
5,1,1553,1,0.963256736941665
5,1,1554,1,0.963357606724557
5,1,1555,1,0.962832950910031
5,1,1556,1,0.962751126890735
5,1,1557,1,0.959455961402769
5,1,1558,1,0.957657610597451
5,1,1559,1,0.958332131110722
5,1,1560,1,0.955833641388112
5,1,1561,1,0.964423502593407
5,1,1562,1,0.965622375388748
5,1,1563,1,0.964670669040254
5,1,1564,1,0.965683970100151
5,1,1565,1,0.963258420136226
5,1,1566,1,0.963721517977892
5,1,1567,1,0.961009149944541
5,1,1568,1,0.959432408977069
5,1,1569,1,0.961269546526366
5,1,1570,1,0.959311935118921
5,1,1571,1,0.966542652272227
5,1,1572,1,0.965500728093736
5,1,1573,1,0.964153300145413
5,1,1574,1,0.963475426432636
5,1,1575,1,0.964343669999071
5,1,1576,1,0.968092190665629
5,1,1577,1,0.966529241587733
5,1,1578,1,0.962428869252166
5,1,1579,1,0.96200111059529
5,1,1580,1,0.96504265536009
5,1,1581,1,0.96496200986105
5,1,1582,1,0.965530096652703
5,1,1583,1,0.965575410247427
5,1,1584,1,0.967247357014182
5,1,1585,1,0.96654754816436
5,1,1586,1,0.966002989371117
5,1,1587,1,0.965450494550272
5,1,1588,1,0.965340099537132
5,1,1589,1,0.966267907516859
5,1,1590,1,0.964126922517528
5,1,1591,1,0.964786673526691
5,1,1592,1,0.967827503961176
5,1,1593,1,0.966564637868911
5,1,1594,1,0.968037920930145
5,1,1595,1,0.971951846409216
5,1,1596,1,0.969716813019912
5,1,1597,1,0.967861447962666
5,1,1598,1,0.967424732135062
5,1,1599,1,0.965427608303818
5,1,1600,1,0.964776299683859
5,1,1601,1,0.932092368647312
5,1,1602,1,0.923041980836629
5,1,1603,1,0.913258606866242
5,1,1604,1,0.892189092020986
5,1,1605,1,0.835175419125222
5,1,1606,1,0.634241404292741
5,1,1607,1,0.285009470658239
5,1,1608,1,0.17939539877729
5,1,1609,1,0.14070690540105
5,1,1610,1,0.116714785026518
5,1,1611,1,0.945337003178122
5,1,1612,1,0.943508796206867
5,1,1613,1,0.94170142186469
5,1,1614,1,0.936141496179521
5,1,1615,1,0.910943357636958
5,1,1616,1,0.877408764168179
5,1,1617,1,0.69248447276315
5,1,1618,1,0.253786400220902
5,1,1619,1,0.164188936976211
5,1,1620,1,0.128653185366643
5,1,1621,1,0.955985836380282
5,1,1622,1,0.951892769218422
5,1,1623,1,0.951517300970002
5,1,1624,1,0.947102438734703
5,1,1625,1,0.941683821160779
5,1,1626,1,0.935905250314771
5,1,1627,1,0.91181100526516
5,1,1628,1,0.763055040352959
5,1,1629,1,0.221830107420077
5,1,1630,1,0.148366171787582
5,1,1631,1,0.958776182110519
5,1,1632,1,0.957775971789442
5,1,1633,1,0.954152021922779
5,1,1634,1,0.955641750895598
5,1,1635,1,0.954317041899135
5,1,1636,1,0.952290009323195
5,1,1637,1,0.948323567442672
5,1,1638,1,0.935881557362927
5,1,1639,1,0.856836857497554
5,1,1640,1,0.194137017936511
5,1,1641,1,0.961268661905684
5,1,1642,1,0.959812937596858
5,1,1643,1,0.963157854359934
5,1,1644,1,0.958850339955701
5,1,1645,1,0.959873505302729
5,1,1646,1,0.959840448181101
5,1,1647,1,0.958127838339561
5,1,1648,1,0.950502495671861
5,1,1649,1,0.947466260600657
5,1,1650,1,0.913554813611994
5,1,1651,1,0.963253130530907
5,1,1652,1,0.965181977049719
5,1,1653,1,0.962666774596604
5,1,1654,1,0.962275602770644
5,1,1655,1,0.96274610623501
5,1,1656,1,0.962815914640922
5,1,1657,1,0.960628508251756
5,1,1658,1,0.960020902541322
5,1,1659,1,0.95889957471277
5,1,1660,1,0.956142443777349
5,1,1661,1,0.965873848221115
5,1,1662,1,0.965296344626093
5,1,1663,1,0.96329642908241
5,1,1664,1,0.963917437010613
5,1,1665,1,0.963252124528129
5,1,1666,1,0.964056890119675
5,1,1667,1,0.960744598698996
5,1,1668,1,0.964285904518872
5,1,1669,1,0.960912747662128
5,1,1670,1,0.964668681456537
5,1,1671,1,0.965156605121825
5,1,1672,1,0.96503979861102
5,1,1673,1,0.96520820652313
5,1,1674,1,0.966645267342569
5,1,1675,1,0.964341550082345
5,1,1676,1,0.965082853971396
5,1,1677,1,0.962916418763745
5,1,1678,1,0.964140594623649
5,1,1679,1,0.966175732381513
5,1,1680,1,0.963870139838839
5,1,1681,1,0.967491164361505
5,1,1682,1,0.965281631655461
5,1,1683,1,0.964988034758788
5,1,1684,1,0.96843372626008
5,1,1685,1,0.964205860326943
5,1,1686,1,0.965780809086212
5,1,1687,1,0.966564632137336
5,1,1688,1,0.965677357651825
5,1,1689,1,0.964966953382876
5,1,1690,1,0.965120495509521
5,1,1691,1,0.967563600068076
5,1,1692,1,0.966159305706148
5,1,1693,1,0.966192863571105
5,1,1694,1,0.969744087439269
5,1,1695,1,0.966119401870231
5,1,1696,1,0.963732656626463
5,1,1697,1,0.969036881201598
5,1,1698,1,0.968899841479533
5,1,1699,1,0.967124057968484
5,1,1700,1,0.969588672434104
5,1,1701,1,0.948242741136947
5,1,1702,1,0.942644092895037
5,1,1703,1,0.938991997419195
5,1,1704,1,0.933598202748806
5,1,1705,1,0.933571887991559
5,1,1706,1,0.916597832911474
5,1,1707,1,0.877562426691141
5,1,1708,1,0.731655217069712
5,1,1709,1,0.256121077750413
5,1,1710,1,0.138185885508442
5,1,1711,1,0.952653474326225
5,1,1712,1,0.95008921214693
5,1,1713,1,0.950583223095955
5,1,1714,1,0.950103163422692
5,1,1715,1,0.944229241981089
5,1,1716,1,0.943931195181807
5,1,1717,1,0.927501002005843
5,1,1718,1,0.914127114591526
5,1,1719,1,0.836153849115152
5,1,1720,1,0.260854459285984
5,1,1721,1,0.958114401242861
5,1,1722,1,0.957444482893256
5,1,1723,1,0.953939403950404
5,1,1724,1,0.956924727672149
5,1,1725,1,0.950291536044941
5,1,1726,1,0.953136698765013
5,1,1727,1,0.950406246382558
5,1,1728,1,0.946087558524365
5,1,1729,1,0.937836765248947
5,1,1730,1,0.908142355133045
5,1,1731,1,0.959846135889053
5,1,1732,1,0.959930686229421
5,1,1733,1,0.962015342085405
5,1,1734,1,0.958500204201178
5,1,1735,1,0.956343758411011
5,1,1736,1,0.957915136664009
5,1,1737,1,0.957257288462124
5,1,1738,1,0.957442599358815
5,1,1739,1,0.954088199439109
5,1,1740,1,0.951311070155535
5,1,1741,1,0.961165206575938
5,1,1742,1,0.9631917270755
5,1,1743,1,0.962540002725024
5,1,1744,1,0.961273214159134
5,1,1745,1,0.96135782981081
5,1,1746,1,0.959756974729628
5,1,1747,1,0.959629064535168
5,1,1748,1,0.959679440081303
5,1,1749,1,0.962067451032809
5,1,1750,1,0.953969514431858
5,1,1751,1,0.964009684301229
5,1,1752,1,0.963389420557421
5,1,1753,1,0.962313644462508
5,1,1754,1,0.963620622942363
5,1,1755,1,0.961650620907368
5,1,1756,1,0.96564977127561
5,1,1757,1,0.964315074950711
5,1,1758,1,0.961768250385921
5,1,1759,1,0.961858599905198
5,1,1760,1,0.959497017702468
5,1,1761,1,0.962500031460292
5,1,1762,1,0.966835492739226
5,1,1763,1,0.966967367227495
5,1,1764,1,0.965786649184438
5,1,1765,1,0.965157973139959
5,1,1766,1,0.964839056603576
5,1,1767,1,0.967266325878927
5,1,1768,1,0.965747231612904
5,1,1769,1,0.96630051665758
5,1,1770,1,0.963051696120572
5,1,1771,1,0.966885128635395
5,1,1772,1,0.96442004389232
5,1,1773,1,0.965320343117672
5,1,1774,1,0.967009326262347
5,1,1775,1,0.969338215690261
5,1,1776,1,0.965026961293338
5,1,1777,1,0.966433007994683
5,1,1778,1,0.964357280128094
5,1,1779,1,0.964396406823863
5,1,1780,1,0.965078948847577
5,1,1781,1,0.965860656218004
5,1,1782,1,0.968442290183256
5,1,1783,1,0.966360569587636
5,1,1784,1,0.966687800796892
5,1,1785,1,0.966721959236999
5,1,1786,1,0.965732272856213
5,1,1787,1,0.967051304221587
5,1,1788,1,0.967957576500925
5,1,1789,1,0.965062029359887
5,1,1790,1,0.969668622756054
5,1,1791,1,0.968419346304122
5,1,1792,1,0.965941203747673
5,1,1793,1,0.967234663387183
5,1,1794,1,0.966036250615483
5,1,1795,1,0.966694738406065
5,1,1796,1,0.966738604489991
5,1,1797,1,0.96671154135601
5,1,1798,1,0.970227592705628
5,1,1799,1,0.968291019254083
5,1,1800,1,0.96894574809789
5,1,1801,1,0.949577075683974
5,1,1802,1,0.951140686858745
5,1,1803,1,0.946057367710478
5,1,1804,1,0.944390819540182
5,1,1805,1,0.943655652354395
5,1,1806,1,0.941891183506593
5,1,1807,1,0.934224646466438
5,1,1808,1,0.926062222464486
5,1,1809,1,0.905663175430276
5,1,1810,1,0.810663441021133
5,1,1811,1,0.95608639468559
5,1,1812,1,0.95322462506861
5,1,1813,1,0.956407539537933
5,1,1814,1,0.952436650592394
5,1,1815,1,0.953074438671801
5,1,1816,1,0.949273279999728
5,1,1817,1,0.947901803616185
5,1,1818,1,0.947515940722195
5,1,1819,1,0.943538780489077
5,1,1820,1,0.930634112455442
5,1,1821,1,0.959401304231249
5,1,1822,1,0.955762804760083
5,1,1823,1,0.955903923618846
5,1,1824,1,0.962008579628747
5,1,1825,1,0.954832267352904
5,1,1826,1,0.959061099480338
5,1,1827,1,0.955604327215003
5,1,1828,1,0.950992072601917
5,1,1829,1,0.952691480813926
5,1,1830,1,0.951627416448332
5,1,1831,1,0.959186574119124
5,1,1832,1,0.960176645814271
5,1,1833,1,0.959694329513585
5,1,1834,1,0.961831127445165
5,1,1835,1,0.960610727817525
5,1,1836,1,0.960626767692718
5,1,1837,1,0.960721584680786
5,1,1838,1,0.958058969198598
5,1,1839,1,0.956547913244963
5,1,1840,1,0.956860919939291
5,1,1841,1,0.961397598927848
5,1,1842,1,0.962591086944224
5,1,1843,1,0.9634076844747
5,1,1844,1,0.961700933458861
5,1,1845,1,0.963383646129603
5,1,1846,1,0.962136315297246
5,1,1847,1,0.961069046637109
5,1,1848,1,0.960694890248647
5,1,1849,1,0.962246357106979
5,1,1850,1,0.962685873678787
5,1,1851,1,0.964345948810631
5,1,1852,1,0.962385428401932
5,1,1853,1,0.963518547762763
5,1,1854,1,0.963342174611313
5,1,1855,1,0.962805308743524
5,1,1856,1,0.962896403609301
5,1,1857,1,0.962797985726227
5,1,1858,1,0.963866357916507
5,1,1859,1,0.962288245663937
5,1,1860,1,0.964064962777744
5,1,1861,1,0.964611956040661
5,1,1862,1,0.965419282112776
5,1,1863,1,0.962824875960853
5,1,1864,1,0.966607176913897
5,1,1865,1,0.964147654558069
5,1,1866,1,0.965648138101018
5,1,1867,1,0.963846018396771
5,1,1868,1,0.966100606391048
5,1,1869,1,0.966532308489712
5,1,1870,1,0.967140976764871
5,1,1871,1,0.964645440497796
5,1,1872,1,0.966785737433577
5,1,1873,1,0.967323291713343
5,1,1874,1,0.96749871091634
5,1,1875,1,0.965494674203485
5,1,1876,1,0.966809353527757
5,1,1877,1,0.96589241889898
5,1,1878,1,0.967032640081452
5,1,1879,1,0.965105098781892
5,1,1880,1,0.96762672527261
5,1,1881,1,0.968517002838953
5,1,1882,1,0.967484454383507
5,1,1883,1,0.965979768111378
5,1,1884,1,0.965754785909232
5,1,1885,1,0.966216215874973
5,1,1886,1,0.964207718784406
5,1,1887,1,0.964819532372327
5,1,1888,1,0.967757586428937
5,1,1889,1,0.968364332658182
5,1,1890,1,0.963610452010731
5,1,1891,1,0.966803620974366
5,1,1892,1,0.966718426448585
5,1,1893,1,0.967217354410871
5,1,1894,1,0.967276373568381
5,1,1895,1,0.969068924340404
5,1,1896,1,0.969316565017224
5,1,1897,1,0.966534344585201
5,1,1898,1,0.969528796703981
5,1,1899,1,0.967609350148108
5,1,1900,1,0.970769251233483
5,1,1901,1,0.950662830199115
5,1,1902,1,0.948812159172019
5,1,1903,1,0.949734583504797
5,1,1904,1,0.946706060315183
5,1,1905,1,0.94806481382353
5,1,1906,1,0.949677464133744
5,1,1907,1,0.946451208732754
5,1,1908,1,0.941421652669003
5,1,1909,1,0.939740912898208
5,1,1910,1,0.933790992647881
5,1,1911,1,0.955398128496231
5,1,1912,1,0.955736370047305
5,1,1913,1,0.95250656900791
5,1,1914,1,0.952139192375282
5,1,1915,1,0.953136467808809
5,1,1916,1,0.950915287781943
5,1,1917,1,0.954654728030565
5,1,1918,1,0.953059332398652
5,1,1919,1,0.953072422575605
5,1,1920,1,0.94792286169806
5,1,1921,1,0.95888823426816
5,1,1922,1,0.958715913356862
5,1,1923,1,0.958603869068327
5,1,1924,1,0.957171418239183
5,1,1925,1,0.955223309374219
5,1,1926,1,0.958212538604978
5,1,1927,1,0.956646812017046
5,1,1928,1,0.954568040270682
5,1,1929,1,0.957011957870849
5,1,1930,1,0.954996424579432
5,1,1931,1,0.962774982918147
5,1,1932,1,0.961604982337859
5,1,1933,1,0.958295792997463
5,1,1934,1,0.959981699057376
5,1,1935,1,0.959065787400026
5,1,1936,1,0.962915840622728
5,1,1937,1,0.959797770127011
5,1,1938,1,0.95990622357968
5,1,1939,1,0.961656843903905
5,1,1940,1,0.957898922945019
5,1,1941,1,0.964373782232561
5,1,1942,1,0.964839654457676
5,1,1943,1,0.962164155895305
5,1,1944,1,0.963041508227139
5,1,1945,1,0.964466326021903
5,1,1946,1,0.963575325662705
5,1,1947,1,0.96127816459292
5,1,1948,1,0.963894667446415
5,1,1949,1,0.961947925237456
5,1,1950,1,0.960646728766413
5,1,1951,1,0.964632207439128
5,1,1952,1,0.964416263886169
5,1,1953,1,0.964869535233827
5,1,1954,1,0.962872336355848
5,1,1955,1,0.964390145275606
5,1,1956,1,0.962616929069676
5,1,1957,1,0.965589804281363
5,1,1958,1,0.963926456281154
5,1,1959,1,0.962951303337225
5,1,1960,1,0.962839138703796
5,1,1961,1,0.96463800334715
5,1,1962,1,0.963588751819552
5,1,1963,1,0.96460999147283
5,1,1964,1,0.964824742553131
5,1,1965,1,0.966137630767975
5,1,1966,1,0.963732890435168
5,1,1967,1,0.965930765424956
5,1,1968,1,0.96712398511639
5,1,1969,1,0.9664320878819
5,1,1970,1,0.964014317448817
5,1,1971,1,0.965541600480459
5,1,1972,1,0.969109847648438
5,1,1973,1,0.966132781064923
5,1,1974,1,0.966831482059379
5,1,1975,1,0.965422877548854
5,1,1976,1,0.965931564943046
5,1,1977,1,0.965069297651387
5,1,1978,1,0.966931225765962
5,1,1979,1,0.965961822217154
5,1,1980,1,0.966155499447219
5,1,1981,1,0.96512894616291
5,1,1982,1,0.967723628472914
5,1,1983,1,0.966054489898385
5,1,1984,1,0.966861284888012
5,1,1985,1,0.966994727429526
5,1,1986,1,0.966212229242597
5,1,1987,1,0.968309071988079
5,1,1988,1,0.969691631016398
5,1,1989,1,0.968751602636842
5,1,1990,1,0.967205862972844
5,1,1991,1,0.969668298664997
5,1,1992,1,0.967520404603726
5,1,1993,1,0.96950695942204
5,1,1994,1,0.966904890059234
5,1,1995,1,0.966589437915888
5,1,1996,1,0.969106662296264
5,1,1997,1,0.966260624461998
5,1,1998,1,0.968168193325354
5,1,1999,1,0.968816356407292
5,1,2000,1,0.967186527081141
