5,1,1,1,1.01187497072581
5,1,2,1,1.01576998134808
5,1,3,1,0.992839700102655
5,1,4,1,1.00459584123632
5,1,5,1,1.01328923692032
5,1,6,1,1.00949113697155
5,1,7,1,1.00650142902046
5,1,8,1,1.06121998706531
5,1,9,1,0.899084860156428
5,1,10,1,1.11361674123427
5,1,11,1,1.01260164365895
5,1,12,1,1.01206021335577
5,1,13,1,1.00744220809304
5,1,14,1,1.00380180461839
5,1,15,1,1.00121431584353
5,1,16,1,0.992580124615067
5,1,17,1,0.970801644680378
5,1,18,1,0.967182398433682
5,1,19,1,1.04608244260177
5,1,20,1,1.11566547068259
5,1,21,1,1.01211146666845
5,1,22,1,1.00261605504817
5,1,23,1,1.00326262489916
5,1,24,1,1.0022004643767
5,1,25,1,1.00055818163383
5,1,26,1,0.992266131019607
5,1,27,1,0.993315604336417
5,1,28,1,0.991247420071101
5,1,29,1,1.03994254670048
5,1,30,1,0.934424938308364
5,1,31,1,0.975424510961644
5,1,32,1,0.986703570771701
5,1,33,1,1.01136947843497
5,1,34,1,0.983695623976365
5,1,35,1,0.99999251178011
5,1,36,1,0.993356337054962
5,1,37,1,1.00464688672838
5,1,38,1,0.999041098270143
5,1,39,1,0.990758068763711
5,1,40,1,1.03866431217034
5,1,41,1,1.0197619853099
5,1,42,1,0.213485293888738
5,1,43,1,1.03860214444335
5,1,44,1,0.964104784909306
5,1,45,1,0.960015100110237
5,1,46,1,0.981403981976672
5,1,47,1,1.00725360857333
5,1,48,1,1.00290521230422
5,1,49,1,1.00394560371151
5,1,50,1,0.999678058574021
5,1,51,1,NaN
5,1,52,1,0
5,1,53,1,0
5,1,54,1,0
5,1,55,1,0
5,1,56,1,0.820061744507008
5,1,57,1,0.987767974990382
5,1,58,1,0.995526640766452
5,1,59,1,0.997881021401778
5,1,60,1,1.0007737246581
5,1,61,1,NaN
5,1,62,1,NaN
5,1,63,1,NaN
5,1,64,1,NaN
5,1,65,1,NaN
5,1,66,1,0
5,1,67,1,0
5,1,68,1,0
5,1,69,1,1.0175995125355
5,1,70,1,0.979057389343759
5,1,71,1,NaN
5,1,72,1,NaN
5,1,73,1,NaN
5,1,74,1,NaN
5,1,75,1,NaN
5,1,76,1,NaN
5,1,77,1,NaN
5,1,78,1,NaN
5,1,79,1,0
5,1,80,1,0
5,1,81,1,NaN
5,1,82,1,NaN
5,1,83,1,NaN
5,1,84,1,NaN
5,1,85,1,NaN
5,1,86,1,NaN
5,1,87,1,NaN
5,1,88,1,NaN
5,1,89,1,NaN
5,1,90,1,NaN
5,1,91,1,NaN
5,1,92,1,NaN
5,1,93,1,NaN
5,1,94,1,NaN
5,1,95,1,NaN
5,1,96,1,NaN
5,1,97,1,NaN
5,1,98,1,NaN
5,1,99,1,NaN
5,1,100,1,NaN
5,1,101,1,0.998238416356476
5,1,102,1,1.00107359511484
5,1,103,1,0.997647123753536
5,1,104,1,1.00192317101785
5,1,105,1,1.00129615638386
5,1,106,1,0.994672344981522
5,1,107,1,1.00511659480994
5,1,108,1,0.928837309559844
5,1,109,1,1.07694883599867
5,1,110,1,1.3581444849194
5,1,111,1,1.00950550742227
5,1,112,1,0.996077932185738
5,1,113,1,1.00621819824631
5,1,114,1,0.993350233566732
5,1,115,1,0.997588741334778
5,1,116,1,0.990807616271158
5,1,117,1,1.00485174303917
5,1,118,1,0.96574197435739
5,1,119,1,0.96049273531321
5,1,120,1,0.975991945204155
5,1,121,1,0.987765157293349
5,1,122,1,0.999046926398988
5,1,123,1,0.999961629658737
5,1,124,1,1.00212604260631
5,1,125,1,1.00782825430019
5,1,126,1,1.00569533573988
5,1,127,1,1.00564377067027
5,1,128,1,0.988294363701349
5,1,129,1,1.00540359635131
5,1,130,1,1.08561319841482
5,1,131,1,1.05879251198354
5,1,132,1,0.995777681557576
5,1,133,1,0.983177933475609
5,1,134,1,1.0042485736355
5,1,135,1,0.994695524482093
5,1,136,1,0.997794017148751
5,1,137,1,1.0033346251228
5,1,138,1,0.997213941666344
5,1,139,1,1.00560122271278
5,1,140,1,0.996371025014039
5,1,141,1,3.43135857599085
5,1,142,1,1.33973806814418
5,1,143,1,0.860170265743431
5,1,144,1,1.08098436014467
5,1,145,1,0.996561635861083
5,1,146,1,0.990662249102569
5,1,147,1,1.00110627951227
5,1,148,1,0.990083180457644
5,1,149,1,0.996405382560277
5,1,150,1,1.00296865251637
5,1,151,1,NaN
5,1,152,1,0
5,1,153,1,0
5,1,154,1,0
5,1,155,1,3.93998224326724
5,1,156,1,1.43895134412936
5,1,157,1,0.995449483284145
5,1,158,1,0.990716492286028
5,1,159,1,0.996037511958698
5,1,160,1,0.997778772901443
5,1,161,1,NaN
5,1,162,1,NaN
5,1,163,1,NaN
5,1,164,1,NaN
5,1,165,1,NaN
5,1,166,1,NaN
5,1,167,1,0
5,1,168,1,0
5,1,169,1,0.939607035748601
5,1,170,1,0.989150925356991
5,1,171,1,NaN
5,1,172,1,NaN
5,1,173,1,NaN
5,1,174,1,NaN
5,1,175,1,NaN
5,1,176,1,NaN
5,1,177,1,NaN
5,1,178,1,NaN
5,1,179,1,0
5,1,180,1,0
5,1,181,1,NaN
5,1,182,1,NaN
5,1,183,1,NaN
5,1,184,1,NaN
5,1,185,1,NaN
5,1,186,1,NaN
5,1,187,1,NaN
5,1,188,1,NaN
5,1,189,1,NaN
5,1,190,1,NaN
5,1,191,1,NaN
5,1,192,1,NaN
5,1,193,1,NaN
5,1,194,1,NaN
5,1,195,1,NaN
5,1,196,1,NaN
5,1,197,1,NaN
5,1,198,1,NaN
5,1,199,1,NaN
5,1,200,1,NaN
5,1,201,1,0.990749107492511
5,1,202,1,0.99499634052926
5,1,203,1,0.992552917940157
5,1,204,1,0.998523423944108
5,1,205,1,1.01926936695585
5,1,206,1,1.01201460157991
5,1,207,1,1.00468506268578
5,1,208,1,0.990699269480121
5,1,209,1,0.935449675701028
5,1,210,1,0.436262410809991
5,1,211,1,0.999275020370979
5,1,212,1,0.997635757024817
5,1,213,1,1.0122136122623
5,1,214,1,1.0048611327273
5,1,215,1,1.00844627263956
5,1,216,1,1.00021234469107
5,1,217,1,0.994186296865168
5,1,218,1,1.0430746471523
5,1,219,1,0.980347269868787
5,1,220,1,0.846729343473571
5,1,221,1,0.991922884303169
5,1,222,1,0.997204597564827
5,1,223,1,1.00367756963346
5,1,224,1,1.00782227591717
5,1,225,1,1.00443518207561
5,1,226,1,0.996420912035161
5,1,227,1,0.986273395770356
5,1,228,1,1.00499083980442
5,1,229,1,0.987023602809626
5,1,230,1,1.09918374635365
5,1,231,1,1.00903631188227
5,1,232,1,1.03474370615652
5,1,233,1,0.995650583665987
5,1,234,1,0.98875450933444
5,1,235,1,1.004211160647
5,1,236,1,0.994315121705747
5,1,237,1,1.0017024666209
5,1,238,1,1.00045707781347
5,1,239,1,1.00723780591202
5,1,240,1,0.983213084782744
5,1,241,1,0.5
5,1,242,1,0.968156553032002
5,1,243,1,1.05428394322438
5,1,244,1,1.07797854811857
5,1,245,1,1.02532753835027
5,1,246,1,0.983545119272805
5,1,247,1,1.00500839030397
5,1,248,1,1.00168916685807
5,1,249,1,0.996707277301058
5,1,250,1,0.995167531914772
5,1,251,1,NaN
5,1,252,1,NaN
5,1,253,1,0
5,1,254,1,0
5,1,255,1,0
5,1,256,1,0.612724984920285
5,1,257,1,0.936230498856585
5,1,258,1,0.995220267982526
5,1,259,1,0.992877916533348
5,1,260,1,0.996796506827144
5,1,261,1,NaN
5,1,262,1,NaN
5,1,263,1,NaN
5,1,264,1,NaN
5,1,265,1,NaN
5,1,266,1,NaN
5,1,267,1,0
5,1,268,1,3.08896967821782
5,1,269,1,1.11879524887939
5,1,270,1,1.01318703099034
5,1,271,1,NaN
5,1,272,1,NaN
5,1,273,1,NaN
5,1,274,1,NaN
5,1,275,1,NaN
5,1,276,1,NaN
5,1,277,1,NaN
5,1,278,1,NaN
5,1,279,1,0
5,1,280,1,0
5,1,281,1,NaN
5,1,282,1,NaN
5,1,283,1,NaN
5,1,284,1,NaN
5,1,285,1,NaN
5,1,286,1,NaN
5,1,287,1,NaN
5,1,288,1,NaN
5,1,289,1,NaN
5,1,290,1,NaN
5,1,291,1,NaN
5,1,292,1,NaN
5,1,293,1,NaN
5,1,294,1,NaN
5,1,295,1,NaN
5,1,296,1,NaN
5,1,297,1,NaN
5,1,298,1,NaN
5,1,299,1,NaN
5,1,300,1,NaN
5,1,301,1,1.0018393808512
5,1,302,1,0.996428458024297
5,1,303,1,0.999443665528358
5,1,304,1,0.999716389913432
5,1,305,1,1.02500111769681
5,1,306,1,1.01661021756753
5,1,307,1,0.97460854400809
5,1,308,1,1.00484269894782
5,1,309,1,1.01050778716908
5,1,310,1,0.977139959851713
5,1,311,1,0.998611606584618
5,1,312,1,0.998570776203649
5,1,313,1,1.00493789052461
5,1,314,1,0.999107199269374
5,1,315,1,1.00711158219136
5,1,316,1,1.00086471017717
5,1,317,1,1.00004932547543
5,1,318,1,0.978031576947979
5,1,319,1,0.997475506082168
5,1,320,1,0.999076191456713
5,1,321,1,1.01377634168165
5,1,322,1,0.989412800584205
5,1,323,1,1.00139314196783
5,1,324,1,1.00035889903901
5,1,325,1,1.00895822531653
5,1,326,1,1.00012117637884
5,1,327,1,0.989999064245847
5,1,328,1,1.00443668198759
5,1,329,1,1.00054472021324
5,1,330,1,1.00319982603944
5,1,331,1,0.990373478812354
5,1,332,1,1.02504253749362
5,1,333,1,1.002816255887
5,1,334,1,1.00245083218023
5,1,335,1,1.00389028498468
5,1,336,1,1.00443810379256
5,1,337,1,1.00111117841563
5,1,338,1,1.00535903736037
5,1,339,1,1.00434329513065
5,1,340,1,0.971990804865273
5,1,341,1,1.24140054414342
5,1,342,1,0.817271031656399
5,1,343,1,0.984048040141129
5,1,344,1,0.849254301790108
5,1,345,1,0.986573743107895
5,1,346,1,1.0033797455686
5,1,347,1,1.00321682505341
5,1,348,1,0.999772512055507
5,1,349,1,1.00278756613544
5,1,350,1,0.995893986578328
5,1,351,1,NaN
5,1,352,1,0
5,1,353,1,0
5,1,354,1,0
5,1,355,1,2.94667945690673
5,1,356,1,0.944004608161835
5,1,357,1,0.936746286568137
5,1,358,1,1.03106418258305
5,1,359,1,0.996234951801414
5,1,360,1,1.0025409933408
5,1,361,1,NaN
5,1,362,1,NaN
5,1,363,1,NaN
5,1,364,1,NaN
5,1,365,1,NaN
5,1,366,1,NaN
5,1,367,1,0
5,1,368,1,5.37584432432355
5,1,369,1,1.00588521099454
5,1,370,1,1.02775323551771
5,1,371,1,NaN
5,1,372,1,NaN
5,1,373,1,NaN
5,1,374,1,NaN
5,1,375,1,NaN
5,1,376,1,NaN
5,1,377,1,NaN
5,1,378,1,NaN
5,1,379,1,NaN
5,1,380,1,0
5,1,381,1,NaN
5,1,382,1,NaN
5,1,383,1,NaN
5,1,384,1,NaN
5,1,385,1,NaN
5,1,386,1,NaN
5,1,387,1,NaN
5,1,388,1,NaN
5,1,389,1,NaN
5,1,390,1,NaN
5,1,391,1,NaN
5,1,392,1,NaN
5,1,393,1,NaN
5,1,394,1,NaN
5,1,395,1,NaN
5,1,396,1,NaN
5,1,397,1,NaN
5,1,398,1,NaN
5,1,399,1,NaN
5,1,400,1,NaN
5,1,401,1,0.990713331753948
5,1,402,1,1.00683521452566
5,1,403,1,1.00908932193217
5,1,404,1,0.994076779494966
5,1,405,1,1.01318612814212
5,1,406,1,0.988854529194118
5,1,407,1,1.02265379213639
5,1,408,1,0.980926400448231
5,1,409,1,1.03199722114695
5,1,410,1,0.880180209675168
5,1,411,1,1.00194985944968
5,1,412,1,1.00155134837545
5,1,413,1,0.997469030215588
5,1,414,1,1.00425528972496
5,1,415,1,1.00834916719771
5,1,416,1,0.9893982900507
5,1,417,1,1.00947011126228
5,1,418,1,1.02930769812952
5,1,419,1,1.06355247939094
5,1,420,1,1.07442201396981
5,1,421,1,1.00491232791986
5,1,422,1,0.990572794583808
5,1,423,1,0.999473237738052
5,1,424,1,0.998499291827583
5,1,425,1,1.0049041793819
5,1,426,1,0.996158661181673
5,1,427,1,1.00283832376632
5,1,428,1,1.01376977396831
5,1,429,1,0.982803093716042
5,1,430,1,0.929790137188446
5,1,431,1,1.02971670853325
5,1,432,1,0.996486216749562
5,1,433,1,0.977636498124471
5,1,434,1,0.997015537140119
5,1,435,1,1.00919605772953
5,1,436,1,0.997827651834033
5,1,437,1,1.00235345353041
5,1,438,1,1.0035001209686
5,1,439,1,0.99069988037254
5,1,440,1,1.00356685741834
5,1,441,1,1.81925599042546
5,1,442,1,1.0217863505326
5,1,443,1,1.1821982946186
5,1,444,1,0.902311719895079
5,1,445,1,1.01133301071859
5,1,446,1,1.00354844249852
5,1,447,1,1.0085688652687
5,1,448,1,1.0095322896939
5,1,449,1,1.00641917119012
5,1,450,1,0.993630375686937
5,1,451,1,NaN
5,1,452,1,0
5,1,453,1,0
5,1,454,1,0
5,1,455,1,0
5,1,456,1,0.52124198407435
5,1,457,1,0.861993633949497
5,1,458,1,1.00285610753245
5,1,459,1,0.992388257726051
5,1,460,1,1.00065828684225
5,1,461,1,NaN
5,1,462,1,NaN
5,1,463,1,NaN
5,1,464,1,NaN
5,1,465,1,NaN
5,1,466,1,NaN
5,1,467,1,0
5,1,468,1,0
5,1,469,1,0.983185994962457
5,1,470,1,0.999795409332305
5,1,471,1,NaN
5,1,472,1,NaN
5,1,473,1,NaN
5,1,474,1,NaN
5,1,475,1,NaN
5,1,476,1,NaN
5,1,477,1,NaN
5,1,478,1,NaN
5,1,479,1,0
5,1,480,1,0
5,1,481,1,NaN
5,1,482,1,NaN
5,1,483,1,NaN
5,1,484,1,NaN
5,1,485,1,NaN
5,1,486,1,NaN
5,1,487,1,NaN
5,1,488,1,NaN
5,1,489,1,NaN
5,1,490,1,NaN
5,1,491,1,NaN
5,1,492,1,NaN
5,1,493,1,NaN
5,1,494,1,NaN
5,1,495,1,NaN
5,1,496,1,NaN
5,1,497,1,NaN
5,1,498,1,NaN
5,1,499,1,NaN
5,1,500,1,NaN
5,1,501,1,0.993662907548969
5,1,502,1,1.00137695228855
5,1,503,1,1.01573592969846
5,1,504,1,0.992028589417043
5,1,505,1,0.996201599710983
5,1,506,1,0.990471014001209
5,1,507,1,1.00408722546516
5,1,508,1,1.00889260520561
5,1,509,1,1.13908941913956
5,1,510,1,0.963679611075169
5,1,511,1,1.0042312781723
5,1,512,1,0.996913960509502
5,1,513,1,1.00250979638031
5,1,514,1,0.995197730260861
5,1,515,1,0.99560105914917
5,1,516,1,1.00777071778002
5,1,517,1,1.00508648385143
5,1,518,1,1.04213046657537
5,1,519,1,1.04866875014675
5,1,520,1,1.03044922966492
5,1,521,1,1.00676447056159
5,1,522,1,1.0022010933086
5,1,523,1,1.00677083888134
5,1,524,1,0.994213042139556
5,1,525,1,0.999670990311029
5,1,526,1,1.00756394055846
5,1,527,1,1.00108535444932
5,1,528,1,0.997885021568165
5,1,529,1,1.01191344272805
5,1,530,1,1.11475256419739
5,1,531,1,0.956195355147306
5,1,532,1,0.990970528463995
5,1,533,1,0.992932304537977
5,1,534,1,1.00567840347827
5,1,535,1,0.998540288890612
5,1,536,1,1.00289932653547
5,1,537,1,1.002988801835
5,1,538,1,0.995567775207642
5,1,539,1,0.979030000501181
5,1,540,1,0.997030890203192
5,1,541,1,0
5,1,542,1,0.567612151050485
5,1,543,1,1.0216133631767
5,1,544,1,0.988230588939213
5,1,545,1,0.97421308522119
5,1,546,1,1.00829772879953
5,1,547,1,0.992058394914749
5,1,548,1,1.00314840834623
5,1,549,1,0.99920927157454
5,1,550,1,1.00490368160789
5,1,551,1,NaN
5,1,552,1,0
5,1,553,1,0
5,1,554,1,0
5,1,555,1,3.63730418943534
5,1,556,1,0.62666908138648
5,1,557,1,0.87823628732392
5,1,558,1,0.992317313895603
5,1,559,1,0.997066755868701
5,1,560,1,0.994710219369323
5,1,561,1,NaN
5,1,562,1,NaN
5,1,563,1,NaN
5,1,564,1,NaN
5,1,565,1,NaN
5,1,566,1,NaN
5,1,567,1,0
5,1,568,1,0
5,1,569,1,1.22576099655081
5,1,570,1,0.99365760405925
5,1,571,1,NaN
5,1,572,1,NaN
5,1,573,1,NaN
5,1,574,1,NaN
5,1,575,1,NaN
5,1,576,1,NaN
5,1,577,1,NaN
5,1,578,1,NaN
5,1,579,1,0
5,1,580,1,0
5,1,581,1,NaN
5,1,582,1,NaN
5,1,583,1,NaN
5,1,584,1,NaN
5,1,585,1,NaN
5,1,586,1,NaN
5,1,587,1,NaN
5,1,588,1,NaN
5,1,589,1,NaN
5,1,590,1,NaN
5,1,591,1,NaN
5,1,592,1,NaN
5,1,593,1,NaN
5,1,594,1,NaN
5,1,595,1,NaN
5,1,596,1,NaN
5,1,597,1,NaN
5,1,598,1,NaN
5,1,599,1,NaN
5,1,600,1,NaN
5,1,601,1,1.00101078409776
5,1,602,1,1.00242247205213
5,1,603,1,0.996425724448074
5,1,604,1,1.0024838688252
5,1,605,1,0.989841677840118
5,1,606,1,1.00718736466781
5,1,607,1,1.03313902224361
5,1,608,1,1.11634562307462
5,1,609,1,0.937823063042829
5,1,610,1,1.30182313237682
5,1,611,1,0.995104053830177
5,1,612,1,1.00936972085262
5,1,613,1,1.00061279199097
5,1,614,1,0.996848417483077
5,1,615,1,1.00489697900067
5,1,616,1,1.00866690463213
5,1,617,1,1.01012461576373
5,1,618,1,1.02942628691372
5,1,619,1,1.03011264368134
5,1,620,1,1.00238137395511
5,1,621,1,1.00771590023893
5,1,622,1,0.989900539530581
5,1,623,1,0.993418856838827
5,1,624,1,1.00624511124343
5,1,625,1,0.994696879618219
5,1,626,1,0.995239991356212
5,1,627,1,1.00086634349805
5,1,628,1,1.02507727010576
5,1,629,1,0.960536755788894
5,1,630,1,1.04847039743593
5,1,631,1,1.0252295323431
5,1,632,1,1.02085601320159
5,1,633,1,1.00008810619435
5,1,634,1,0.999085088421979
5,1,635,1,1.00704866095517
5,1,636,1,1.00096417753327
5,1,637,1,1.00258685222391
5,1,638,1,0.998519371931142
5,1,639,1,1.00061758088174
5,1,640,1,0.993116250545738
5,1,641,1,0.539273686346115
5,1,642,1,1.04695463930369
5,1,643,1,0.884338976227123
5,1,644,1,1.03210232423971
5,1,645,1,1.01410229518721
5,1,646,1,1.01086528948736
5,1,647,1,0.995613162549398
5,1,648,1,1.00217456391884
5,1,649,1,1.00688905819808
5,1,650,1,1.0001140432414
5,1,651,1,0
5,1,652,1,0
5,1,653,1,0
5,1,654,1,0
5,1,655,1,2.81808045165843
5,1,656,1,1.10754066274576
5,1,657,1,1.06416337670059
5,1,658,1,0.989973774502404
5,1,659,1,0.999083462092758
5,1,660,1,0.995248826585424
5,1,661,1,NaN
5,1,662,1,NaN
5,1,663,1,NaN
5,1,664,1,NaN
5,1,665,1,NaN
5,1,666,1,NaN
5,1,667,1,0
5,1,668,1,0
5,1,669,1,1.12657229977025
5,1,670,1,1.01383273648769
5,1,671,1,NaN
5,1,672,1,NaN
5,1,673,1,NaN
5,1,674,1,NaN
5,1,675,1,NaN
5,1,676,1,NaN
5,1,677,1,NaN
5,1,678,1,NaN
5,1,679,1,0
5,1,680,1,0
5,1,681,1,NaN
5,1,682,1,NaN
5,1,683,1,NaN
5,1,684,1,NaN
5,1,685,1,NaN
5,1,686,1,NaN
5,1,687,1,NaN
5,1,688,1,NaN
5,1,689,1,NaN
5,1,690,1,NaN
5,1,691,1,NaN
5,1,692,1,NaN
5,1,693,1,NaN
5,1,694,1,NaN
5,1,695,1,NaN
5,1,696,1,NaN
5,1,697,1,NaN
5,1,698,1,NaN
5,1,699,1,NaN
5,1,700,1,NaN
5,2,1,1,1.0016810812441
5,2,2,1,1.01381203848587
5,2,3,1,1.01182918542474
5,2,4,1,1.02260711680394
5,2,5,1,0.998640753317681
5,2,6,1,1.00961227198836
5,2,7,1,0.970479185305489
5,2,8,1,0.988168265781599
5,2,9,1,1.197845675804
5,2,10,1,0.658854992987143
5,2,11,1,1.00012121586615
5,2,12,1,0.995617350495041
5,2,13,1,1.00577718308105
5,2,14,1,1.00305495392367
5,2,15,1,0.999437370235244
5,2,16,1,0.99943384714983
5,2,17,1,0.977778312924403
5,2,18,1,1.02125803929743
5,2,19,1,1.06897618092177
5,2,20,1,1.06044186901121
5,2,21,1,0.99677283835396
5,2,22,1,0.988781029976251
5,2,23,1,1.00736004746686
5,2,24,1,0.9963293615537
5,2,25,1,0.995571398882682
5,2,26,1,0.997662507205882
5,2,27,1,0.989525367997439
5,2,28,1,1.01069102735475
5,2,29,1,0.98334479868806
5,2,30,1,1.0521481264854
5,2,31,1,0.976855098233276
5,2,32,1,0.97694390118933
5,2,33,1,0.998880313703712
5,2,34,1,1.00622459437229
5,2,35,1,1.00331940831052
5,2,36,1,0.987979876047676
5,2,37,1,1.0043490093256
5,2,38,1,0.999008472511088
5,2,39,1,1.00465304921373
5,2,40,1,1.00546060072989
5,2,41,1,0
5,2,42,1,0.875254906897884
5,2,43,1,1.35036885715224
5,2,44,1,1.10855614629634
5,2,45,1,0.999517703495559
5,2,46,1,0.994723833979495
5,2,47,1,0.997115488086154
5,2,48,1,0.997021704501184
5,2,49,1,1.00117950957924
5,2,50,1,0.988931261548897
5,2,51,1,NaN
5,2,52,1,0
5,2,53,1,0
5,2,54,1,0
5,2,55,1,0
5,2,56,1,1.29245687544379
5,2,57,1,0.993040940712862
5,2,58,1,1.01616074773769
5,2,59,1,1.00429110587943
5,2,60,1,0.998948328861683
5,2,61,1,NaN
5,2,62,1,NaN
5,2,63,1,NaN
5,2,64,1,NaN
5,2,65,1,NaN
5,2,66,1,0
5,2,67,1,0
5,2,68,1,2.68354838709677
5,2,69,1,1.15841233465602
5,2,70,1,1.00247511675479
5,2,71,1,NaN
5,2,72,1,NaN
5,2,73,1,NaN
5,2,74,1,NaN
5,2,75,1,NaN
5,2,76,1,NaN
5,2,77,1,NaN
5,2,78,1,NaN
5,2,79,1,0
5,2,80,1,0
5,2,81,1,NaN
5,2,82,1,NaN
5,2,83,1,NaN
5,2,84,1,NaN
5,2,85,1,NaN
5,2,86,1,NaN
5,2,87,1,NaN
5,2,88,1,NaN
5,2,89,1,NaN
5,2,90,1,NaN
5,2,91,1,NaN
5,2,92,1,NaN
5,2,93,1,NaN
5,2,94,1,NaN
5,2,95,1,NaN
5,2,96,1,NaN
5,2,97,1,NaN
5,2,98,1,NaN
5,2,99,1,NaN
5,2,100,1,NaN
5,2,101,1,1.02207494282523
5,2,102,1,1.01111479612145
5,2,103,1,1.00156729672217
5,2,104,1,1.00174080225201
5,2,105,1,0.989885220927673
5,2,106,1,0.980129325612828
5,2,107,1,1.03427726187546
5,2,108,1,0.973750878039707
5,2,109,1,1.02648099675363
5,2,110,1,0.912435228903968
5,2,111,1,1.00225698299691
5,2,112,1,1.00188961648314
5,2,113,1,1.00274791990564
5,2,114,1,1.01281284952852
5,2,115,1,1.01049411195023
5,2,116,1,1.00141773573994
5,2,117,1,1.01023363100606
5,2,118,1,1.02254639329369
5,2,119,1,0.975243707348758
5,2,120,1,0.976247912147328
5,2,121,1,1.0100861422861
5,2,122,1,0.988258849491755
5,2,123,1,1.00001664798009
5,2,124,1,0.993697514964289
5,2,125,1,1.00206904045671
5,2,126,1,1.00339505174696
5,2,127,1,1.00043252047231
5,2,128,1,1.00296001482122
5,2,129,1,1.00982654320862
5,2,130,1,1.02351339204619
5,2,131,1,1.01237506192738
5,2,132,1,1.03116530283328
5,2,133,1,1.01205803436183
5,2,134,1,1.00955357416776
5,2,135,1,1.0108168012643
5,2,136,1,0.999327600903588
5,2,137,1,0.998873343613214
5,2,138,1,0.992812003636893
5,2,139,1,0.997534047715091
5,2,140,1,1.01631066144091
5,2,141,1,0
5,2,142,1,1.38657979019181
5,2,143,1,1.06338563815198
5,2,144,1,1.01067846544476
5,2,145,1,0.989611194928732
5,2,146,1,1.02569229107936
5,2,147,1,1.00228191313336
5,2,148,1,0.994364578575404
5,2,149,1,1.00198263272166
5,2,150,1,0.987080202046977
5,2,151,1,NaN
5,2,152,1,0
5,2,153,1,0
5,2,154,1,0
5,2,155,1,0
5,2,156,1,0.821535778247651
5,2,157,1,1.14246570362239
5,2,158,1,1.00132133543033
5,2,159,1,1.00504304889885
5,2,160,1,0.999579832616865
5,2,161,1,NaN
5,2,162,1,NaN
5,2,163,1,NaN
5,2,164,1,NaN
5,2,165,1,NaN
5,2,166,1,NaN
5,2,167,1,0
5,2,168,1,0
5,2,169,1,0.993274881279948
5,2,170,1,0.982828522527548
5,2,171,1,NaN
5,2,172,1,NaN
5,2,173,1,NaN
5,2,174,1,NaN
5,2,175,1,NaN
5,2,176,1,NaN
5,2,177,1,NaN
5,2,178,1,NaN
5,2,179,1,0
5,2,180,1,5.98546598741385
5,2,181,1,NaN
5,2,182,1,NaN
5,2,183,1,NaN
5,2,184,1,NaN
5,2,185,1,NaN
5,2,186,1,NaN
5,2,187,1,NaN
5,2,188,1,NaN
5,2,189,1,NaN
5,2,190,1,NaN
5,2,191,1,NaN
5,2,192,1,NaN
5,2,193,1,NaN
5,2,194,1,NaN
5,2,195,1,NaN
5,2,196,1,NaN
5,2,197,1,NaN
5,2,198,1,NaN
5,2,199,1,NaN
5,2,200,1,NaN
5,2,201,1,1.01336187042555
5,2,202,1,1.01524085326983
5,2,203,1,1.01995749135258
5,2,204,1,1.00297007069432
5,2,205,1,0.999990378812287
5,2,206,1,0.973150082813011
5,2,207,1,0.953010561799157
5,2,208,1,1.04278797222597
5,2,209,1,0.98398075960126
5,2,210,1,1.48841484321336
5,2,211,1,0.993521806042916
5,2,212,1,1.00412473071018
5,2,213,1,0.998759341565693
5,2,214,1,1.01407405871011
5,2,215,1,0.999386577412204
5,2,216,1,0.989250982209232
5,2,217,1,1.00839311759349
5,2,218,1,1.00110108940354
5,2,219,1,1.03373383341112
5,2,220,1,0.884489549576086
5,2,221,1,1.00789928606443
5,2,222,1,1.01247254990604
5,2,223,1,0.998494681638493
5,2,224,1,0.99537281069148
5,2,225,1,0.999032953165465
5,2,226,1,0.999245195157453
5,2,227,1,1.00358013468413
5,2,228,1,1.00786381756339
5,2,229,1,0.998762005243482
5,2,230,1,1.03805025124785
5,2,231,1,0.969448103939098
5,2,232,1,1.04646949030722
5,2,233,1,0.997131832580111
5,2,234,1,1.00601397355058
5,2,235,1,0.99879134140526
5,2,236,1,1.00547012102949
5,2,237,1,1.00493491806678
5,2,238,1,1.00234333446895
5,2,239,1,1.00012205966453
5,2,240,1,1.01226216777015
5,2,241,1,2.20645073234099
5,2,242,1,0.891247223548283
5,2,243,1,1.1468205368805
5,2,244,1,0.861208503896003
5,2,245,1,0.979000065266381
5,2,246,1,1.02339646420349
5,2,247,1,0.998043368798238
5,2,248,1,0.995294590951735
5,2,249,1,0.996837089456854
5,2,250,1,1.00078281146866
5,2,251,1,NaN
5,2,252,1,0
5,2,253,1,0
5,2,254,1,0
5,2,255,1,0
5,2,256,1,0.818421482877205
5,2,257,1,0.919377728097882
5,2,258,1,0.991197574920559
5,2,259,1,0.992345658017896
5,2,260,1,1.00189868036359
5,2,261,1,NaN
5,2,262,1,NaN
5,2,263,1,NaN
5,2,264,1,NaN
5,2,265,1,NaN
5,2,266,1,NaN
5,2,267,1,0
5,2,268,1,0
5,2,269,1,1.04272862474723
5,2,270,1,1.00524325387109
5,2,271,1,NaN
5,2,272,1,NaN
5,2,273,1,NaN
5,2,274,1,NaN
5,2,275,1,NaN
5,2,276,1,NaN
5,2,277,1,NaN
5,2,278,1,NaN
5,2,279,1,0
5,2,280,1,4.57009153318078
5,2,281,1,NaN
5,2,282,1,NaN
5,2,283,1,NaN
5,2,284,1,NaN
5,2,285,1,NaN
5,2,286,1,NaN
5,2,287,1,NaN
5,2,288,1,NaN
5,2,289,1,NaN
5,2,290,1,NaN
5,2,291,1,NaN
5,2,292,1,NaN
5,2,293,1,NaN
5,2,294,1,NaN
5,2,295,1,NaN
5,2,296,1,NaN
5,2,297,1,NaN
5,2,298,1,NaN
5,2,299,1,NaN
5,2,300,1,NaN
5,2,301,1,0.991849588303549
5,2,302,1,1.00036093210634
5,2,303,1,1.00513612748804
5,2,304,1,1.00172343866739
5,2,305,1,0.969589170370805
5,2,306,1,1.02698034611111
5,2,307,1,0.99617236613983
5,2,308,1,1.02435459072889
5,2,309,1,0.913637046756725
5,2,310,1,0.771480978869248
5,2,311,1,1.00293875737851
5,2,312,1,0.984370872535939
5,2,313,1,0.998670883566607
5,2,314,1,0.986435691043684
5,2,315,1,1.00320077829033
5,2,316,1,1.01863349650874
5,2,317,1,1.00094344852357
5,2,318,1,0.996890096179466
5,2,319,1,0.987106289880151
5,2,320,1,1.10994639907457
5,2,321,1,1.00171898230094
5,2,322,1,0.990799236895881
5,2,323,1,1.00208066245829
5,2,324,1,1.00240366522421
5,2,325,1,1.0023099002541
5,2,326,1,1.00604494800161
5,2,327,1,0.996290253102645
5,2,328,1,1.00233062634903
5,2,329,1,1.01260570799169
5,2,330,1,0.956900598378102
5,2,331,1,1.00682338120978
5,2,332,1,1.03611085719549
5,2,333,1,0.992396222098887
5,2,334,1,0.988291924168204
5,2,335,1,0.994701384877348
5,2,336,1,0.998892947231567
5,2,337,1,0.999527761379319
5,2,338,1,1.00338928881307
5,2,339,1,1.01112237645729
5,2,340,1,1.00806041192398
5,2,341,1,3.74830281412746
5,2,342,1,1.56968404862714
5,2,343,1,1.04761951873111
5,2,344,1,1.08792661570362
5,2,345,1,0.94343563394984
5,2,346,1,1.00148677356523
5,2,347,1,1.00320334368404
5,2,348,1,1.00642495215396
5,2,349,1,1.00403338787506
5,2,350,1,1.00281267320276
5,2,351,1,NaN
5,2,352,1,0
5,2,353,1,0
5,2,354,1,0
5,2,355,1,9.36194835405427
5,2,356,1,0.669044494581085
5,2,357,1,0.901442434590279
5,2,358,1,0.994115421295243
5,2,359,1,0.986198625639112
5,2,360,1,1.00000651080498
5,2,361,1,NaN
5,2,362,1,NaN
5,2,363,1,NaN
5,2,364,1,NaN
5,2,365,1,NaN
5,2,366,1,NaN
5,2,367,1,0
5,2,368,1,2.60115953358087
5,2,369,1,0.835739153387196
5,2,370,1,0.9922435320854
5,2,371,1,NaN
5,2,372,1,NaN
5,2,373,1,NaN
5,2,374,1,NaN
5,2,375,1,NaN
5,2,376,1,NaN
5,2,377,1,NaN
5,2,378,1,NaN
5,2,379,1,0
5,2,380,1,0
5,2,381,1,NaN
5,2,382,1,NaN
5,2,383,1,NaN
5,2,384,1,NaN
5,2,385,1,NaN
5,2,386,1,NaN
5,2,387,1,NaN
5,2,388,1,NaN
5,2,389,1,NaN
5,2,390,1,NaN
5,2,391,1,NaN
5,2,392,1,NaN
5,2,393,1,NaN
5,2,394,1,NaN
5,2,395,1,NaN
5,2,396,1,NaN
5,2,397,1,NaN
5,2,398,1,NaN
5,2,399,1,NaN
5,2,400,1,NaN
5,2,401,1,0.999017100438537
5,2,402,1,0.991641944064434
5,2,403,1,1.00963972066111
5,2,404,1,1.0056838987082
5,2,405,1,0.986335730259501
5,2,406,1,1.01718489428591
5,2,407,1,1.00262474791555
5,2,408,1,1.01042905144973
5,2,409,1,0.928923927184973
5,2,410,1,0.993397622163608
5,2,411,1,0.998892054295426
5,2,412,1,1.00430544763068
5,2,413,1,0.987911366116399
5,2,414,1,1.00157296002542
5,2,415,1,0.999310904956847
5,2,416,1,1.01098201443241
5,2,417,1,0.983478936741764
5,2,418,1,0.982253811660085
5,2,419,1,1.08291962878869
5,2,420,1,0.738886230610296
5,2,421,1,0.995575155193209
5,2,422,1,0.996589794503537
5,2,423,1,1.00557517507047
5,2,424,1,1.00826856992774
5,2,425,1,1.0058071377497
5,2,426,1,1.00444121622776
5,2,427,1,1.00886998504515
5,2,428,1,1.00138377380405
5,2,429,1,0.975558319030172
5,2,430,1,0.935562944302181
5,2,431,1,0.996566157544426
5,2,432,1,1.02852194822429
5,2,433,1,1.01702924349374
5,2,434,1,1.0086463307234
5,2,435,1,1.00296802108249
5,2,436,1,0.997181970369695
5,2,437,1,1.00240713884534
5,2,438,1,0.998832448884076
5,2,439,1,0.989825869867223
5,2,440,1,0.988863038648777
5,2,441,1,2.07946035295584
5,2,442,1,1.35504234930187
5,2,443,1,0.745351801120091
5,2,444,1,0.930461724751933
5,2,445,1,0.984363394985422
5,2,446,1,1.0140851264023
5,2,447,1,0.990360186328329
5,2,448,1,0.999910940761153
5,2,449,1,1.0010360561597
5,2,450,1,1.00595988465792
5,2,451,1,0
5,2,452,1,0
5,2,453,1,0
5,2,454,1,0
5,2,455,1,0
5,2,456,1,1.31254209338705
5,2,457,1,0.963453044101386
5,2,458,1,1.01498257347947
5,2,459,1,0.998604335281078
5,2,460,1,0.993382401349301
5,2,461,1,NaN
5,2,462,1,NaN
5,2,463,1,NaN
5,2,464,1,NaN
5,2,465,1,NaN
5,2,466,1,0
5,2,467,1,0
5,2,468,1,3.2138580395944
5,2,469,1,1.00827819582612
5,2,470,1,0.977678347159748
5,2,471,1,NaN
5,2,472,1,NaN
5,2,473,1,NaN
5,2,474,1,NaN
5,2,475,1,NaN
5,2,476,1,NaN
5,2,477,1,NaN
5,2,478,1,NaN
5,2,479,1,0
5,2,480,1,6.11564605021433
5,2,481,1,NaN
5,2,482,1,NaN
5,2,483,1,NaN
5,2,484,1,NaN
5,2,485,1,NaN
5,2,486,1,NaN
5,2,487,1,NaN
5,2,488,1,NaN
5,2,489,1,NaN
5,2,490,1,NaN
5,2,491,1,NaN
5,2,492,1,NaN
5,2,493,1,NaN
5,2,494,1,NaN
5,2,495,1,NaN
5,2,496,1,NaN
5,2,497,1,NaN
5,2,498,1,NaN
5,2,499,1,NaN
5,2,500,1,NaN
5,2,501,1,1.00728590332358
5,2,502,1,0.993589526386807
5,2,503,1,0.997562958832892
5,2,504,1,1.0043685856774
5,2,505,1,0.993603943079847
5,2,506,1,1.00806418356924
5,2,507,1,0.977979055451259
5,2,508,1,0.941111387948895
5,2,509,1,0.98379673817155
5,2,510,1,1.01987613348427
5,2,511,1,1.01359094737406
5,2,512,1,1.00649601847725
5,2,513,1,0.991324871521025
5,2,514,1,0.997477926045974
5,2,515,1,0.997156066161191
5,2,516,1,1.00118469429645
5,2,517,1,0.999148120076229
5,2,518,1,0.994646511275946
5,2,519,1,0.943863035214019
5,2,520,1,1.01483933840545
5,2,521,1,1.00380637153147
5,2,522,1,1.00418204586176
5,2,523,1,1.00096845409179
5,2,524,1,0.990541910053608
5,2,525,1,1.00250824237714
5,2,526,1,0.998715941735878
5,2,527,1,0.99831431181884
5,2,528,1,0.995944426213958
5,2,529,1,0.968887092552507
5,2,530,1,0.983443915306835
5,2,531,1,0.987911166069715
5,2,532,1,0.987720223647925
5,2,533,1,0.98460990174112
5,2,534,1,1.00712900184656
5,2,535,1,1.00267633291746
5,2,536,1,0.99485601475676
5,2,537,1,1.00350306950962
5,2,538,1,1.01197605756821
5,2,539,1,1.00445764812208
5,2,540,1,1.00866836854828
5,2,541,1,0.982840673958025
5,2,542,1,1.08959086935432
5,2,543,1,0.867943929400336
5,2,544,1,1.09817802377026
5,2,545,1,1.01113855768526
5,2,546,1,0.998206675056024
5,2,547,1,0.999178621449931
5,2,548,1,1.00266149554648
5,2,549,1,1.00073503703777
5,2,550,1,0.98929697670031
5,2,551,1,NaN
5,2,552,1,0
5,2,553,1,0
5,2,554,1,0
5,2,555,1,7.37189053821352
5,2,556,1,1.17039210670007
5,2,557,1,0.939556559864906
5,2,558,1,1.02249200478673
5,2,559,1,1.00903082504345
5,2,560,1,0.994889546256394
5,2,561,1,NaN
5,2,562,1,NaN
5,2,563,1,NaN
5,2,564,1,NaN
5,2,565,1,NaN
5,2,566,1,NaN
5,2,567,1,0
5,2,568,1,0
5,2,569,1,0.946687181936596
5,2,570,1,1.00358181683361
5,2,571,1,NaN
5,2,572,1,NaN
5,2,573,1,NaN
5,2,574,1,NaN
5,2,575,1,NaN
5,2,576,1,NaN
5,2,577,1,NaN
5,2,578,1,NaN
5,2,579,1,0
5,2,580,1,0
5,2,581,1,NaN
5,2,582,1,NaN
5,2,583,1,NaN
5,2,584,1,NaN
5,2,585,1,NaN
5,2,586,1,NaN
5,2,587,1,NaN
5,2,588,1,NaN
5,2,589,1,NaN
5,2,590,1,NaN
5,2,591,1,NaN
5,2,592,1,NaN
5,2,593,1,NaN
5,2,594,1,NaN
5,2,595,1,NaN
5,2,596,1,NaN
5,2,597,1,NaN
5,2,598,1,NaN
5,2,599,1,NaN
5,2,600,1,NaN
5,2,601,1,1.00678637231227
5,2,602,1,1.00171214032058
5,2,603,1,1.00944924721933
5,2,604,1,0.99284739897392
5,2,605,1,0.992123572577451
5,2,606,1,0.994973440468036
5,2,607,1,0.954128999757986
5,2,608,1,1.04397334983846
5,2,609,1,0.912758503213826
5,2,610,1,1.38982110262514
5,2,611,1,1.00045719108606
5,2,612,1,0.997598717639488
5,2,613,1,0.997750834004298
5,2,614,1,1.00240507854828
5,2,615,1,1.0095807577187
5,2,616,1,0.99622697792615
5,2,617,1,0.999689936865024
5,2,618,1,0.980101081529551
5,2,619,1,1.15192903106386
5,2,620,1,0.801222318676461
5,2,621,1,0.998541889641072
5,2,622,1,0.997468320893843
5,2,623,1,0.995058841394976
5,2,624,1,1.00461343124857
5,2,625,1,1.00202875944643
5,2,626,1,0.995530901943305
5,2,627,1,0.999602658567376
5,2,628,1,1.0171038059421
5,2,629,1,1.02048629971156
5,2,630,1,0.971829194449526
5,2,631,1,1.01095332024712
5,2,632,1,1.02621286183495
5,2,633,1,1.00931679243171
5,2,634,1,1.00522204586594
5,2,635,1,0.994014825241651
5,2,636,1,1.00139172568432
5,2,637,1,1.00044215955509
5,2,638,1,1.00514822159634
5,2,639,1,1.00153128081534
5,2,640,1,0.995022313102654
5,2,641,1,1.88667099474055
5,2,642,1,0.779777006169087
5,2,643,1,1.08569316093374
5,2,644,1,1.02280520531607
5,2,645,1,1.03272240496553
5,2,646,1,0.993708047278595
5,2,647,1,0.982346212039518
5,2,648,1,1.00619540393819
5,2,649,1,1.00464743337791
5,2,650,1,1.00831920937108
5,2,651,1,0
5,2,652,1,0
5,2,653,1,0
5,2,654,1,0
5,2,655,1,0
5,2,656,1,1.11081268211158
5,2,657,1,1.03151859893864
5,2,658,1,1.0144537816012
5,2,659,1,1.00191851860266
5,2,660,1,0.998445766984801
5,2,661,1,NaN
5,2,662,1,NaN
5,2,663,1,NaN
5,2,664,1,NaN
5,2,665,1,NaN
5,2,666,1,0
5,2,667,1,0
5,2,668,1,0
5,2,669,1,1.12460613156154
5,2,670,1,1.01860022170104
5,2,671,1,NaN
5,2,672,1,NaN
5,2,673,1,NaN
5,2,674,1,NaN
5,2,675,1,NaN
5,2,676,1,NaN
5,2,677,1,NaN
5,2,678,1,NaN
5,2,679,1,0
5,2,680,1,0
5,2,681,1,NaN
5,2,682,1,NaN
5,2,683,1,NaN
5,2,684,1,NaN
5,2,685,1,NaN
5,2,686,1,NaN
5,2,687,1,NaN
5,2,688,1,NaN
5,2,689,1,NaN
5,2,690,1,NaN
5,2,691,1,NaN
5,2,692,1,NaN
5,2,693,1,NaN
5,2,694,1,NaN
5,2,695,1,NaN
5,2,696,1,NaN
5,2,697,1,NaN
5,2,698,1,NaN
5,2,699,1,NaN
5,2,700,1,NaN
5,3,1,1,1.04805471574591
5,3,2,1,1.03749369264086
5,3,3,1,1.01979742100196
5,3,4,1,1.00150723674881
5,3,5,1,0.981852298066477
5,3,6,1,1.01778939543835
5,3,7,1,1.03318589098436
5,3,8,1,0.95804954952835
5,3,9,1,1.00965076486232
5,3,10,1,0.579289159357304
5,3,11,1,1.00373879185282
5,3,12,1,1.00318275378997
5,3,13,1,1.00993976014229
5,3,14,1,1.00793393520223
5,3,15,1,0.999655326970393
5,3,16,1,0.993950210544659
5,3,17,1,1.01553241396191
5,3,18,1,0.978651449787589
5,3,19,1,0.989026841430236
5,3,20,1,0.818610200690398
5,3,21,1,0.997385243632368
5,3,22,1,1.0018592945492
5,3,23,1,1.00828674830151
5,3,24,1,1.00855045569103
5,3,25,1,1.00562311051491
5,3,26,1,0.986857725710912
5,3,27,1,0.991530135464913
5,3,28,1,0.99948572394338
5,3,29,1,1.00422666118584
5,3,30,1,0.94608456492217
5,3,31,1,0.973745231893866
5,3,32,1,1.01972129584975
5,3,33,1,0.985141890150224
5,3,34,1,1.00371192230736
5,3,35,1,1.00177084474898
5,3,36,1,0.995679329206108
5,3,37,1,0.998320927497885
5,3,38,1,0.999835582341794
5,3,39,1,1.01436460078201
5,3,40,1,1.01238008028378
5,3,41,1,1.06770681034967
5,3,42,1,0.761089627079281
5,3,43,1,1.02463246062028
5,3,44,1,0.979129223584964
5,3,45,1,1.02136409568722
5,3,46,1,0.985528326905935
5,3,47,1,1.00112150995371
5,3,48,1,1.00050662030628
5,3,49,1,1.0090793764038
5,3,50,1,0.996937039891723
5,3,51,1,NaN
5,3,52,1,0
5,3,53,1,0
5,3,54,1,0
5,3,55,1,2.74255494505495
5,3,56,1,0.960367484306297
5,3,57,1,1.03919003258697
5,3,58,1,1.02484923949331
5,3,59,1,0.995872455465015
5,3,60,1,0.996273470897004
5,3,61,1,NaN
5,3,62,1,NaN
5,3,63,1,NaN
5,3,64,1,NaN
5,3,65,1,NaN
5,3,66,1,NaN
5,3,67,1,0
5,3,68,1,0
5,3,69,1,0.94247674130263
5,3,70,1,0.99575631549224
5,3,71,1,NaN
5,3,72,1,NaN
5,3,73,1,NaN
5,3,74,1,NaN
5,3,75,1,NaN
5,3,76,1,NaN
5,3,77,1,NaN
5,3,78,1,NaN
5,3,79,1,0
5,3,80,1,0
5,3,81,1,NaN
5,3,82,1,NaN
5,3,83,1,NaN
5,3,84,1,NaN
5,3,85,1,NaN
5,3,86,1,NaN
5,3,87,1,NaN
5,3,88,1,NaN
5,3,89,1,NaN
5,3,90,1,NaN
5,3,91,1,NaN
5,3,92,1,NaN
5,3,93,1,NaN
5,3,94,1,NaN
5,3,95,1,NaN
5,3,96,1,NaN
5,3,97,1,NaN
5,3,98,1,NaN
5,3,99,1,NaN
5,3,100,1,NaN
5,3,101,1,1.00639419143174
5,3,102,1,1.00733569546253
5,3,103,1,1.00503687972284
5,3,104,1,0.991623492495889
5,3,105,1,1.00802622564237
5,3,106,1,1.00614577047122
5,3,107,1,0.976831986289353
5,3,108,1,0.969143261251973
5,3,109,1,0.99507093717056
5,3,110,1,1.23815491888097
5,3,111,1,1.00848434497611
5,3,112,1,1.00334683880068
5,3,113,1,1.00602094798151
5,3,114,1,0.998205843101136
5,3,115,1,1.0023505991037
5,3,116,1,0.995448664150147
5,3,117,1,0.985875855942425
5,3,118,1,0.985577754167361
5,3,119,1,0.923025726099867
5,3,120,1,0.863693945223873
5,3,121,1,1.00061669872858
5,3,122,1,1.0039012295759
5,3,123,1,0.988928727905163
5,3,124,1,1.00984751776699
5,3,125,1,1.00134954927872
5,3,126,1,0.997250849308827
5,3,127,1,0.99084162566553
5,3,128,1,1.0134484365512
5,3,129,1,1.0188256354171
5,3,130,1,0.980910063640607
5,3,131,1,0.998394962910556
5,3,132,1,0.99194149669667
5,3,133,1,1.00168512534371
5,3,134,1,1.00059219537518
5,3,135,1,0.98938571283373
5,3,136,1,1.00354649605729
5,3,137,1,1.0055618039867
5,3,138,1,1.00268294467091
5,3,139,1,0.999984469316842
5,3,140,1,0.988568473549451
5,3,141,1,1.91163266942295
5,3,142,1,1.24742640540876
5,3,143,1,0.959430924164829
5,3,144,1,1.07550592959409
5,3,145,1,0.98854733807362
5,3,146,1,1.01151641656626
5,3,147,1,1.00481710557007
5,3,148,1,0.99429636760463
5,3,149,1,0.990625393211547
5,3,150,1,0.997137535630712
5,3,151,1,NaN
5,3,152,1,0
5,3,153,1,0
5,3,154,1,0
5,3,155,1,0
5,3,156,1,0.891114274084581
5,3,157,1,1.0068178577602
5,3,158,1,0.989780278074422
5,3,159,1,1.00059995854312
5,3,160,1,0.995551787133345
5,3,161,1,NaN
5,3,162,1,NaN
5,3,163,1,NaN
5,3,164,1,NaN
5,3,165,1,NaN
5,3,166,1,NaN
5,3,167,1,0
5,3,168,1,0
5,3,169,1,0.750481859787826
5,3,170,1,1.0196802982542
5,3,171,1,NaN
5,3,172,1,NaN
5,3,173,1,NaN
5,3,174,1,NaN
5,3,175,1,NaN
5,3,176,1,NaN
5,3,177,1,NaN
5,3,178,1,NaN
5,3,179,1,0
5,3,180,1,0
5,3,181,1,NaN
5,3,182,1,NaN
5,3,183,1,NaN
5,3,184,1,NaN
5,3,185,1,NaN
5,3,186,1,NaN
5,3,187,1,NaN
5,3,188,1,NaN
5,3,189,1,NaN
5,3,190,1,NaN
5,3,191,1,NaN
5,3,192,1,NaN
5,3,193,1,NaN
5,3,194,1,NaN
5,3,195,1,NaN
5,3,196,1,NaN
5,3,197,1,NaN
5,3,198,1,NaN
5,3,199,1,NaN
5,3,200,1,NaN
5,3,201,1,1.00402151571373
5,3,202,1,0.99756798840058
5,3,203,1,1.01315417767013
5,3,204,1,1.0042548758221
5,3,205,1,0.986781005871933
5,3,206,1,1.00877373334955
5,3,207,1,0.991101256080859
5,3,208,1,0.926242441019981
5,3,209,1,1.01586380672563
5,3,210,1,0.768362552266218
5,3,211,1,1.00503646804265
5,3,212,1,1.00748645495031
5,3,213,1,0.996119515899804
5,3,214,1,1.00574536994192
5,3,215,1,1.00570978139417
5,3,216,1,0.999741772856598
5,3,217,1,1.01429803001453
5,3,218,1,1.01764594462596
5,3,219,1,0.97060792894545
5,3,220,1,0.854080090004201
5,3,221,1,1.00480589480774
5,3,222,1,1.01017964689453
5,3,223,1,1.0063177570087
5,3,224,1,0.994323333843901
5,3,225,1,0.997616466313009
5,3,226,1,0.990844490616226
5,3,227,1,1.00757247190334
5,3,228,1,0.995722528204159
5,3,229,1,1.00261341713651
5,3,230,1,1.05737219026337
5,3,231,1,0.992203541854072
5,3,232,1,0.999046426437804
5,3,233,1,0.999359998347413
5,3,234,1,1.01421574471662
5,3,235,1,1.00586004386054
5,3,236,1,0.998648133084009
5,3,237,1,0.992612904371735
5,3,238,1,0.994658006509434
5,3,239,1,1.00829946202543
5,3,240,1,0.982781088670879
5,3,241,1,0.900683655062963
5,3,242,1,1.16486002106619
5,3,243,1,1.10101318422188
5,3,244,1,1.03394251432343
5,3,245,1,0.935469657121891
5,3,246,1,0.991305103206744
5,3,247,1,0.997457239911752
5,3,248,1,1.00980211917335
5,3,249,1,1.00463486626714
5,3,250,1,0.992039973390733
5,3,251,1,0
5,3,252,1,0
5,3,253,1,0
5,3,254,1,0
5,3,255,1,0
5,3,256,1,1.12768026462784
5,3,257,1,0.944679070442707
5,3,258,1,0.982460458774229
5,3,259,1,0.994090091582393
5,3,260,1,0.997671992573028
5,3,261,1,NaN
5,3,262,1,NaN
5,3,263,1,NaN
5,3,264,1,NaN
5,3,265,1,NaN
5,3,266,1,NaN
5,3,267,1,0
5,3,268,1,0
5,3,269,1,0.829553556407635
5,3,270,1,1.01127618564869
5,3,271,1,NaN
5,3,272,1,NaN
5,3,273,1,NaN
5,3,274,1,NaN
5,3,275,1,NaN
5,3,276,1,NaN
5,3,277,1,NaN
5,3,278,1,NaN
5,3,279,1,0
5,3,280,1,0
5,3,281,1,NaN
5,3,282,1,NaN
5,3,283,1,NaN
5,3,284,1,NaN
5,3,285,1,NaN
5,3,286,1,NaN
5,3,287,1,NaN
5,3,288,1,NaN
5,3,289,1,NaN
5,3,290,1,NaN
5,3,291,1,NaN
5,3,292,1,NaN
5,3,293,1,NaN
5,3,294,1,NaN
5,3,295,1,NaN
5,3,296,1,NaN
5,3,297,1,NaN
5,3,298,1,NaN
5,3,299,1,NaN
5,3,300,1,NaN
5,3,301,1,1.00632846083057
5,3,302,1,0.993470747330191
5,3,303,1,1.00369462397882
5,3,304,1,0.998182726775319
5,3,305,1,0.992834925627329
5,3,306,1,0.993427216608535
5,3,307,1,0.974064625647061
5,3,308,1,0.992509732578741
5,3,309,1,0.843174973727671
5,3,310,1,1.29148517315329
5,3,311,1,1.01347380798553
5,3,312,1,1.00497277939225
5,3,313,1,1.00196245081995
5,3,314,1,1.00511858594095
5,3,315,1,0.998150098381319
5,3,316,1,1.0073512356091
5,3,317,1,1.00919164056366
5,3,318,1,1.02007877907713
5,3,319,1,0.962332018040966
5,3,320,1,1.01852917821745
5,3,321,1,0.990542232289796
5,3,322,1,0.998086750744262
5,3,323,1,1.00284822032915
5,3,324,1,1.01113955109032
5,3,325,1,1.0045254471539
5,3,326,1,1.00952634153855
5,3,327,1,0.993882306533741
5,3,328,1,1.00467843484507
5,3,329,1,1.02776895397896
5,3,330,1,1.03595349738723
5,3,331,1,0.956087686219991
5,3,332,1,0.999090274453321
5,3,333,1,0.981764758223966
5,3,334,1,1.00787151240855
5,3,335,1,1.00647495641645
5,3,336,1,0.998057083716396
5,3,337,1,1.00270505535382
5,3,338,1,1.00588399990603
5,3,339,1,1.01833946436801
5,3,340,1,0.978982472607551
5,3,341,1,0.422733443638369
5,3,342,1,0.719188925591288
5,3,343,1,1.25369829771467
5,3,344,1,0.964759074926152
5,3,345,1,0.964689763019241
5,3,346,1,1.02805963646946
5,3,347,1,1.00417451162987
5,3,348,1,1.00003678420868
5,3,349,1,0.992412361128539
5,3,350,1,0.999865303296753
5,3,351,1,NaN
5,3,352,1,0
5,3,353,1,0
5,3,354,1,0
5,3,355,1,2.92765395894428
5,3,356,1,0.981495942194824
5,3,357,1,0.985976946676953
5,3,358,1,0.989706435913688
5,3,359,1,1.00092879878723
5,3,360,1,0.99146659395358
5,3,361,1,NaN
5,3,362,1,NaN
5,3,363,1,NaN
5,3,364,1,NaN
5,3,365,1,NaN
5,3,366,1,0
5,3,367,1,0
5,3,368,1,0
5,3,369,1,0.931685552719797
5,3,370,1,0.981640368755646
5,3,371,1,NaN
5,3,372,1,NaN
5,3,373,1,NaN
5,3,374,1,NaN
5,3,375,1,NaN
5,3,376,1,NaN
5,3,377,1,NaN
5,3,378,1,NaN
5,3,379,1,0
5,3,380,1,0
5,3,381,1,NaN
5,3,382,1,NaN
5,3,383,1,NaN
5,3,384,1,NaN
5,3,385,1,NaN
5,3,386,1,NaN
5,3,387,1,NaN
5,3,388,1,NaN
5,3,389,1,NaN
5,3,390,1,NaN
5,3,391,1,NaN
5,3,392,1,NaN
5,3,393,1,NaN
5,3,394,1,NaN
5,3,395,1,NaN
5,3,396,1,NaN
5,3,397,1,NaN
5,3,398,1,NaN
5,3,399,1,NaN
5,3,400,1,NaN
5,3,401,1,1.02213440623832
5,3,402,1,0.99164823933639
5,3,403,1,0.991855886119454
5,3,404,1,1.00803372667824
5,3,405,1,0.97825327737202
5,3,406,1,0.989149874686444
5,3,407,1,1.07588066736655
5,3,408,1,1.00678317939319
5,3,409,1,1.00641346159156
5,3,410,1,0.970306535603231
5,3,411,1,1.00671746282844
5,3,412,1,1.01137635439436
5,3,413,1,0.994334661879566
5,3,414,1,0.992546144520574
5,3,415,1,1.0102771668257
5,3,416,1,1.00611231209591
5,3,417,1,1.01553646492359
5,3,418,1,0.994930087740892
5,3,419,1,1.05458108031767
5,3,420,1,0.874594957412272
5,3,421,1,1.00634607735161
5,3,422,1,1.00262971025778
5,3,423,1,1.00112111725812
5,3,424,1,0.998373524942272
5,3,425,1,0.999667652402601
5,3,426,1,1.00487711529476
5,3,427,1,1.00101516565538
5,3,428,1,1.00479685670906
5,3,429,1,1.01434934456447
5,3,430,1,1.08333170618482
5,3,431,1,0.99474491759309
5,3,432,1,0.99629120864909
5,3,433,1,1.0188335089073
5,3,434,1,1.00005913612038
5,3,435,1,0.985659527133654
5,3,436,1,1.00154646207217
5,3,437,1,0.991560092640566
5,3,438,1,0.997617506858616
5,3,439,1,0.996966277575422
5,3,440,1,0.993688968667247
5,3,441,1,0.925568867836909
5,3,442,1,0.999771243731396
5,3,443,1,0.990502502090242
5,3,444,1,1.00352339158048
5,3,445,1,1.02991916878251
5,3,446,1,1.00027360244669
5,3,447,1,1.00553683438363
5,3,448,1,1.00615584753188
5,3,449,1,1.00738243801471
5,3,450,1,1.00056502763259
5,3,451,1,NaN
5,3,452,1,0
5,3,453,1,0
5,3,454,1,0
5,3,455,1,0
5,3,456,1,1.28280832564524
5,3,457,1,1.02362506604052
5,3,458,1,0.977076583836762
5,3,459,1,0.994311112099583
5,3,460,1,1.00193220212196
5,3,461,1,NaN
5,3,462,1,NaN
5,3,463,1,NaN
5,3,464,1,NaN
5,3,465,1,NaN
5,3,466,1,NaN
5,3,467,1,0
5,3,468,1,2.64372351694915
5,3,469,1,0.932936057540513
5,3,470,1,0.988049356047429
5,3,471,1,NaN
5,3,472,1,NaN
5,3,473,1,NaN
5,3,474,1,NaN
5,3,475,1,NaN
5,3,476,1,NaN
5,3,477,1,NaN
5,3,478,1,NaN
5,3,479,1,0
5,3,480,1,5.46221796800219
5,3,481,1,NaN
5,3,482,1,NaN
5,3,483,1,NaN
5,3,484,1,NaN
5,3,485,1,NaN
5,3,486,1,NaN
5,3,487,1,NaN
5,3,488,1,NaN
5,3,489,1,NaN
5,3,490,1,NaN
5,3,491,1,NaN
5,3,492,1,NaN
5,3,493,1,NaN
5,3,494,1,NaN
5,3,495,1,NaN
5,3,496,1,NaN
5,3,497,1,NaN
5,3,498,1,NaN
5,3,499,1,NaN
5,3,500,1,NaN
5,3,501,1,1.00692114131355
5,3,502,1,1.00018086874799
5,3,503,1,1.01046402036398
5,3,504,1,0.985916942765929
5,3,505,1,0.983143518799242
5,3,506,1,1.02455556784982
5,3,507,1,0.966467277464857
5,3,508,1,0.914467553776677
5,3,509,1,1.24644410905544
5,3,510,1,1.05003709537343
5,3,511,1,1.0067296263146
5,3,512,1,1.00006032669225
5,3,513,1,0.994061850179436
5,3,514,1,0.998233712576086
5,3,515,1,1.00540158657653
5,3,516,1,1.0149782127235
5,3,517,1,1.00269956537924
5,3,518,1,1.01837417474301
5,3,519,1,0.977753578240338
5,3,520,1,1.0382400399343
5,3,521,1,0.999308093103356
5,3,522,1,0.998860989255025
5,3,523,1,1.00491935916399
5,3,524,1,0.998713905943158
5,3,525,1,1.00218802098731
5,3,526,1,1.00507341646478
5,3,527,1,1.01380812310753
5,3,528,1,1.01038133296298
5,3,529,1,0.994795660274732
5,3,530,1,1.02756740481054
5,3,531,1,1.02610727274105
5,3,532,1,1.00936709790386
5,3,533,1,1.02384058386648
5,3,534,1,0.999005807405222
5,3,535,1,1.00235680098806
5,3,536,1,0.994407576698071
5,3,537,1,1.00052823994175
5,3,538,1,1.0101734259905
5,3,539,1,0.998086341722101
5,3,540,1,1.01483264547564
5,3,541,1,1.46510578049851
5,3,542,1,1.11783199414112
5,3,543,1,1.34389657376612
5,3,544,1,1.03214237039271
5,3,545,1,0.963444353668368
5,3,546,1,0.977661310941341
5,3,547,1,1.00358012437468
5,3,548,1,1.01022669886692
5,3,549,1,1.00181002602202
5,3,550,1,0.993588174752195
5,3,551,1,NaN
5,3,552,1,0
5,3,553,1,0
5,3,554,1,0
5,3,555,1,0
5,3,556,1,1.14952889922245
5,3,557,1,0.975044138908344
5,3,558,1,0.991286363570122
5,3,559,1,1.00750654128534
5,3,560,1,0.995252100693314
5,3,561,1,NaN
5,3,562,1,NaN
5,3,563,1,NaN
5,3,564,1,NaN
5,3,565,1,NaN
5,3,566,1,0
5,3,567,1,0
5,3,568,1,2.07023074928701
5,3,569,1,0.981983216733963
5,3,570,1,1.02110949588374
5,3,571,1,NaN
5,3,572,1,NaN
5,3,573,1,NaN
5,3,574,1,NaN
5,3,575,1,NaN
5,3,576,1,NaN
5,3,577,1,NaN
5,3,578,1,NaN
5,3,579,1,0
5,3,580,1,0
5,3,581,1,NaN
5,3,582,1,NaN
5,3,583,1,NaN
5,3,584,1,NaN
5,3,585,1,NaN
5,3,586,1,NaN
5,3,587,1,NaN
5,3,588,1,NaN
5,3,589,1,NaN
5,3,590,1,NaN
5,3,591,1,NaN
5,3,592,1,NaN
5,3,593,1,NaN
5,3,594,1,NaN
5,3,595,1,NaN
5,3,596,1,NaN
5,3,597,1,NaN
5,3,598,1,NaN
5,3,599,1,NaN
5,3,600,1,NaN
5,3,601,1,1.01475887183019
5,3,602,1,0.998759863726008
5,3,603,1,0.999203497910517
5,3,604,1,1.00418229840059
5,3,605,1,1.00885479811042
5,3,606,1,0.998835572031174
5,3,607,1,1.04542286303098
5,3,608,1,1.0126077815467
5,3,609,1,1.19162735851634
5,3,610,1,0.705050278040727
5,3,611,1,1.00455345194307
5,3,612,1,1.00311787903943
5,3,613,1,0.993871890407848
5,3,614,1,1.01189738339663
5,3,615,1,1.00601824451239
5,3,616,1,1.00431205830859
5,3,617,1,0.992323530528573
5,3,618,1,1.01051857231967
5,3,619,1,0.98234274504192
5,3,620,1,1.2811699525144
5,3,621,1,1.00391365803351
5,3,622,1,1.0065026346163
5,3,623,1,0.997233283373168
5,3,624,1,0.993192508246908
5,3,625,1,1.00812006378873
5,3,626,1,0.998184774193222
5,3,627,1,0.997187030111951
5,3,628,1,1.02168904338064
5,3,629,1,1.00675526718876
5,3,630,1,1.04612071231275
5,3,631,1,1.00576394686566
5,3,632,1,0.998470728108009
5,3,633,1,0.983879553670335
5,3,634,1,0.993500532168552
5,3,635,1,1.01025729530286
5,3,636,1,1.0018528715129
5,3,637,1,1.00838270602152
5,3,638,1,1.00105410303672
5,3,639,1,0.991272604295393
5,3,640,1,1.03474888523349
5,3,641,1,0.455145010276319
5,3,642,1,0.952668119640474
5,3,643,1,1.46582957428042
5,3,644,1,0.929413226519868
5,3,645,1,1.02818334426865
5,3,646,1,0.979902043137153
5,3,647,1,1.0014247956349
5,3,648,1,0.987565890544479
5,3,649,1,1.00928776171941
5,3,650,1,1.00702232847642
5,3,651,1,0
5,3,652,1,0
5,3,653,1,0
5,3,654,1,0
5,3,655,1,3.59312640575798
5,3,656,1,1.1824488119859
5,3,657,1,1.03479109840585
5,3,658,1,1.00167388549551
5,3,659,1,1.00486474639739
5,3,660,1,1.00126082723117
5,3,661,1,NaN
5,3,662,1,NaN
5,3,663,1,NaN
5,3,664,1,NaN
5,3,665,1,NaN
5,3,666,1,0
5,3,667,1,0
5,3,668,1,0
5,3,669,1,0.899309775622377
5,3,670,1,0.975146926005443
5,3,671,1,NaN
5,3,672,1,NaN
5,3,673,1,NaN
5,3,674,1,NaN
5,3,675,1,NaN
5,3,676,1,NaN
5,3,677,1,NaN
5,3,678,1,NaN
5,3,679,1,0
5,3,680,1,0
5,3,681,1,NaN
5,3,682,1,NaN
5,3,683,1,NaN
5,3,684,1,NaN
5,3,685,1,NaN
5,3,686,1,NaN
5,3,687,1,NaN
5,3,688,1,NaN
5,3,689,1,NaN
5,3,690,1,NaN
5,3,691,1,NaN
5,3,692,1,NaN
5,3,693,1,NaN
5,3,694,1,NaN
5,3,695,1,NaN
5,3,696,1,NaN
5,3,697,1,NaN
5,3,698,1,NaN
5,3,699,1,NaN
5,3,700,1,NaN
