5,1,1,1,4146,46.3379160636758,4.64520019295707,4.0598166907863,0.465126797419133
5,1,2,1,7764,23.6808346213292,4.37390520350335,3.54404945904173,0.413277900282129
5,1,3,1,12270,13.9243683781581,4.01833740831296,3.06283618581907,0.370686891789735
5,1,4,1,17344,8.64973477859779,3.61248846863469,2.62828643911439,0.334756287540155
5,1,5,1,20885,5.71261671055782,3.15671534594206,2.25195116112042,0.30650415730187
5,1,6,1,19950,4.04441102756892,2.7409022556391,1.9531328320802,0.287609414265936
5,1,7,1,13677,3.05439789427506,2.42779849382174,1.71792059662207,0.274655305537078
5,1,8,1,6033,2.45416873860434,2.2128294380905,1.55776562241008,0.269029136048032
5,1,9,1,1497,2.11022044088176,2.08283233132933,1.45090180360721,0.265715876196838
5,1,10,1,245,1.95918367346939,2.04081632653061,1.33877551020408,0.25534693877551
5,1,11,1,118,1692.89830508475,5,4.97457627118644,0.744970109185926
5,1,12,1,527,378.123339658444,4.9449715370019,4.92220113851992,0.66961273003387
5,1,13,1,1548,127.914082687339,4.92312661498708,4.79263565891473,0.585193935153732
5,1,14,1,4522,42.8551525873507,4.74834144183989,4.30495356037152,0.497406707852694
5,1,15,1,10391,17.6562409777692,4.43017996342989,3.52535848330286,0.416689653840029
5,1,16,1,19383,8.26089872568746,3.84966207501419,2.76757983800237,0.351656767540217
5,1,17,1,24817,4.69009146955716,3.13958173832454,2.1764516259016,0.307588703382251
5,1,18,1,18948,3.13911758496939,2.5628562381254,1.78741819717121,0.282578697049777
5,1,19,1,7371,2.42016008682675,2.23728123728124,1.54741554741555,0.268962775417802
5,1,20,1,1507,2.08493696084937,2.08493696084937,1.449900464499,0.267319177173192
5,1,21,1,1,199901,5,5,0.954165311829355
5,1,22,1,1,199901,5,5,0.923709236071856
5,1,23,1,7,28556.2857142857,5,5,0.873492188270961
5,1,24,1,53,3770.69811320755,4.9622641509434,4.94339622641509,0.794000258493816
5,1,25,1,404,493.75495049505,4.96534653465347,4.95792079207921,0.704559732677099
5,1,26,1,2368,83.3002533783784,4.90540540540541,4.75295608108108,0.572780143171009
5,1,27,1,9819,19.0218963234545,4.55626845910989,3.70689479580405,0.437058521785821
5,1,28,1,23172,6.53154669428621,3.69903331607112,2.58907301916106,0.341317476817629
5,1,29,1,23659,3.450019020246,2.76647364639249,1.90671626019697,0.292009183527623
5,1,30,1,9039,2.46266179887156,2.26817125788251,1.57019581812147,0.271548422444539
5,1,31,1,1,199901,5,5,0.998877444334946
5,1,32,1,1,199901,5,5,0.997021525655199
5,1,33,1,1,199901,5,5,0.991998039029319
5,1,34,1,1,199901,5,5,0.980743468016668
5,1,35,1,1,199901,5,5,0.95231539612108
5,1,36,1,3,66633,5,5,0.892640345805017
5,1,37,1,125,1598.208,4.992,4.976,0.77186990093439
5,1,38,1,1963,100.74732552216,4.94243504839531,4.809475292919,0.591930808197601
5,1,39,1,13954,12.8902106922746,4.36383832592805,3.33581768668482,0.40521144065987
5,1,40,1,26585,4.28316719954862,3.11965394019184,2.13898815121309,0.308426150340321
5,1,41,1,1,199901,5,5,0.999998999504755
5,1,42,1,1,199901,5,5,0.999998999504755
5,1,43,1,1,199901,5,5,0.999988994552303
5,1,44,1,1,199901,5,5,0.999882942056318
5,1,45,1,1,199901,5,5,0.999450728110415
5,1,46,1,1,199901,5,5,0.996573303785374
5,1,47,1,1,199901,5,5,0.982411293590327
5,1,48,1,1,199901,5,5,0.929415060454925
5,1,49,1,82,2436.82926829268,5,4.98780487804878,0.782997096879043
5,1,50,1,3820,51.2175392670157,4.83769633507853,4.51492146596859,0.532716034062355
5,1,51,1,1,199901,5,5,1
5,1,52,1,1,199901,5,5,1
5,1,53,1,1,199901,5,5,1
5,1,54,1,1,199901,5,5,1
5,1,55,1,1,199901,5,5,1
5,1,56,1,1,199901,5,5,0.999998999504755
5,1,57,1,1,199901,5,5,0.999969985142646
5,1,58,1,1,199901,5,5,0.999299653328398
5,1,59,1,1,199901,5,5,0.990107103015993
5,1,60,1,1,199901,5,5,0.928127423074422
5,1,61,1,1,199901,5,5,1
5,1,62,1,1,199901,5,5,1
5,1,63,1,1,199901,5,5,1
5,1,64,1,1,199901,5,5,1
5,1,65,1,1,199901,5,5,1
5,1,66,1,1,199901,5,5,1
5,1,67,1,1,199901,5,5,1
5,1,68,1,1,199901,5,5,1
5,1,69,1,1,199901,5,5,0.999996998514264
5,1,70,1,1,199901,5,5,0.999563784073116
5,1,71,1,1,199901,5,5,1
5,1,72,1,1,199901,5,5,1
5,1,73,1,1,199901,5,5,1
5,1,74,1,1,199901,5,5,1
5,1,75,1,1,199901,5,5,1
5,1,76,1,1,199901,5,5,1
5,1,77,1,1,199901,5,5,1
5,1,78,1,1,199901,5,5,1
5,1,79,1,1,199901,5,5,1
5,1,80,1,1,199901,5,5,1
5,1,81,1,1,199901,5,5,1
5,1,82,1,1,199901,5,5,1
5,1,83,1,1,199901,5,5,1
5,1,84,1,1,199901,5,5,1
5,1,85,1,1,199901,5,5,1
5,1,86,1,1,199901,5,5,1
5,1,87,1,1,199901,5,5,1
5,1,88,1,1,199901,5,5,1
5,1,89,1,1,199901,5,5,1
5,1,90,1,1,199901,5,5,1
5,1,91,1,1,199901,5,5,1
5,1,92,1,1,199901,5,5,1
5,1,93,1,1,199901,5,5,1
5,1,94,1,1,199901,5,5,1
5,1,95,1,1,199901,5,5,1
5,1,96,1,1,199901,5,5,1
5,1,97,1,1,199901,5,5,1
5,1,98,1,1,199901,5,5,1
5,1,99,1,1,199901,5,5,1
5,1,100,1,1,199901,5,5,1
5,1,101,1,4110,46.7389294403893,4.65669099756691,4.11703163017032,0.47131034033658
5,1,102,1,7436,24.8098440021517,4.3905325443787,3.58902635825713,0.418236993682828
5,1,103,1,11909,14.4379041061382,4.0643211016878,3.11293979343354,0.374043215178717
5,1,104,1,17092,8.85156798502223,3.62772057102738,2.65363912941727,0.336455790846124
5,1,105,1,20910,5.75844093735055,3.16594930655189,2.26886657101865,0.308512336454067
5,1,106,1,20191,4.04977465207271,2.75281065821406,1.95537615769402,0.288184194694882
5,1,107,1,13772,3.05547487656114,2.42978507115887,1.72611094975312,0.276008580138518
5,1,108,1,6133,2.47741725093755,2.20495679112995,1.55062775150823,0.267659357780832
5,1,109,1,1494,2.11579651941098,2.07831325301205,1.42369477911647,0.261726907630522
5,1,110,1,206,1.86893203883495,2.01456310679612,1.39320388349515,0.265614886731392
5,1,111,1,122,1637.40163934426,4.98360655737705,4.9672131147541,0.752992537078025
5,1,112,1,456,437.206140350877,4.97368421052632,4.96052631578947,0.67924674646513
5,1,113,1,1533,129.183953033268,4.93737769080235,4.82126549249837,0.592228418303923
5,1,114,1,4336,44.7564575645756,4.77928966789668,4.33809963099631,0.503419352407457
5,1,115,1,10181,18.0955701797466,4.4620371279835,3.57145663490816,0.421080064014556
5,1,116,1,19238,8.36724191703919,3.87259590394012,2.78667221124857,0.35387364820083
5,1,117,1,24870,4.70928829915561,3.15593084036992,2.18472054684359,0.309053018423777
5,1,118,1,19015,3.14819879042861,2.56408098869314,1.7838022613726,0.281760798886219
5,1,119,1,7441,2.4211799489316,2.23437709985217,1.56591855933342,0.27057189573854
5,1,120,1,1510,2.05827814569536,2.07880794701987,1.44966887417219,0.267467991169978
5,1,121,1,1,199901,5,5,0.956662547961241
5,1,122,1,1,199901,5,5,0.92575524884818
5,1,123,1,6,33316,5,5,0.880828654483691
5,1,124,1,56,3568.64285714286,5,5,0.808900035289688
5,1,125,1,401,497.461346633416,4.98004987531172,4.96758104738155,0.707375109740951
5,1,126,1,2268,87.0101410934744,4.91269841269841,4.74426807760141,0.574275201776626
5,1,127,1,9765,19.1241167434716,4.54449564772145,3.70844854070661,0.437103580553049
5,1,128,1,22975,6.63107725788901,3.71608269858542,2.59882480957563,0.342054710119547
5,1,129,1,23691,3.4649022835676,2.77320501456249,1.91735258114896,0.292970896468844
5,1,130,1,9052,2.45813079982324,2.27087936367654,1.58285461776403,0.272429376302001
5,1,131,1,1,199901,5,5,0.998825418582198
5,1,132,1,1,199901,5,5,0.997054541998289
5,1,133,1,1,199901,5,5,0.992450262880126
5,1,134,1,1,199901,5,5,0.980527361043717
5,1,135,1,1,199901,5,5,0.95351298892952
5,1,136,1,6,33316,5,5,0.892152210412692
5,1,137,1,103,1939.79611650485,5,5,0.777935783011102
5,1,138,1,1998,98.9734734734735,4.90840840840841,4.77827827827828,0.590496574504239
5,1,139,1,13839,13.016836476624,4.3749548377773,3.36050292651203,0.406209114905316
5,1,140,1,26574,4.2969443817265,3.12801986904493,2.13565891472868,0.308271893845254
5,1,141,1,1,199901,5,5,0.999998999504755
5,1,142,1,1,199901,5,5,0.99999799900951
5,1,143,1,1,199901,5,5,0.999988994552303
5,1,144,1,1,199901,5,5,0.999906953942201
5,1,145,1,1,199901,5,5,0.999414710281589
5,1,146,1,1,199901,5,5,0.996646339938269
5,1,147,1,1,199901,5,5,0.982741457021226
5,1,148,1,1,199901,5,5,0.92989029569637
5,1,149,1,99,2018.21212121212,5,5,0.785272186519723
5,1,150,1,3905,50.063252240717,4.85966709346991,4.53008962868118,0.534708113944424
5,1,151,1,1,199901,5,5,1
5,1,152,1,1,199901,5,5,1
5,1,153,1,1,199901,5,5,1
5,1,154,1,1,199901,5,5,1
5,1,155,1,1,199901,5,5,1
5,1,156,1,1,199901,5,5,0.999996998514264
5,1,157,1,1,199901,5,5,0.99996498266642
5,1,158,1,1,199901,5,5,0.999289648375946
5,1,159,1,1,199901,5,5,0.9902911941411
5,1,160,1,1,199901,5,5,0.928224471113201
5,1,161,1,1,199901,5,5,1
5,1,162,1,1,199901,5,5,1
5,1,163,1,1,199901,5,5,1
5,1,164,1,1,199901,5,5,1
5,1,165,1,1,199901,5,5,1
5,1,166,1,1,199901,5,5,1
5,1,167,1,1,199901,5,5,1
5,1,168,1,1,199901,5,5,1
5,1,169,1,1,199901,5,5,0.999992996533284
5,1,170,1,1,199901,5,5,0.999579791997039
5,1,171,1,1,199901,5,5,1
5,1,172,1,1,199901,5,5,1
5,1,173,1,1,199901,5,5,1
5,1,174,1,1,199901,5,5,1
5,1,175,1,1,199901,5,5,1
5,1,176,1,1,199901,5,5,1
5,1,177,1,1,199901,5,5,1
5,1,178,1,1,199901,5,5,1
5,1,179,1,1,199901,5,5,1
5,1,180,1,1,199901,5,5,1
5,1,181,1,1,199901,5,5,1
5,1,182,1,1,199901,5,5,1
5,1,183,1,1,199901,5,5,1
5,1,184,1,1,199901,5,5,1
5,1,185,1,1,199901,5,5,1
5,1,186,1,1,199901,5,5,1
5,1,187,1,1,199901,5,5,1
5,1,188,1,1,199901,5,5,1
5,1,189,1,1,199901,5,5,1
5,1,190,1,1,199901,5,5,1
5,1,191,1,1,199901,5,5,1
5,1,192,1,1,199901,5,5,1
5,1,193,1,1,199901,5,5,1
5,1,194,1,1,199901,5,5,1
5,1,195,1,1,199901,5,5,1
5,1,196,1,1,199901,5,5,1
5,1,197,1,1,199901,5,5,1
5,1,198,1,1,199901,5,5,1
5,1,199,1,1,199901,5,5,1
5,1,200,1,1,199901,5,5,1
5,1,201,1,3884,49.5952626158599,4.67173017507724,4.16168898043254,0.476688054661787
5,1,202,1,7359,25.1121076233184,4.41826335099878,3.62359016170675,0.420393271241804
5,1,203,1,11972,14.3297694620782,4.06030738389576,3.11643835616438,0.374089373458765
5,1,204,1,17131,8.84250773451637,3.64234428813262,2.66779522503065,0.338258768189716
5,1,205,1,20840,5.76425143953935,3.16933781190019,2.27116122840691,0.309376747163099
5,1,206,1,20089,4.04027079496242,2.7510080143362,1.95684205286475,0.288046901961365
5,1,207,1,13803,3.04564225168442,2.42853002970369,1.72716076215316,0.276519196147538
5,1,208,1,6179,2.43631655607704,2.20197442951934,1.55801909694125,0.268396373276613
5,1,209,1,1528,2.10667539267016,2.08376963350785,1.4738219895288,0.269576788830715
5,1,210,1,245,1.87755102040816,2.03673469387755,1.40816326530612,0.268707482993197
5,1,211,1,114,1752.36842105263,4.97368421052632,4.97368421052632,0.757964999594018
5,1,212,1,428,465.878504672897,4.97196261682243,4.95794392523364,0.680707952054094
5,1,213,1,1551,127.662153449387,4.93036750483559,4.82011605415861,0.594913482648088
5,1,214,1,4250,45.7030588235294,4.77858823529412,4.34988235294118,0.503618756353073
5,1,215,1,10067,18.3057514651833,4.46269991059899,3.56998112645277,0.419969414595668
5,1,216,1,19147,8.40424087324385,3.87334830521753,2.79119444299368,0.353573120643703
5,1,217,1,24970,4.71321585903084,3.15654785742891,2.18185822987585,0.308308562391509
5,1,218,1,19108,3.16459074733096,2.5698660247017,1.78857023236341,0.281377784744926
5,1,219,1,7551,2.42908224076281,2.23890875380744,1.56866640180109,0.270908383836473
5,1,220,1,1476,2.05013550135501,2.0860433604336,1.4579945799458,0.27016711833785
5,1,221,1,1,199901,5,5,0.957211819850826
5,1,222,1,1,199901,5,5,0.927312019449628
5,1,223,1,6,33315.8333333333,5,5,0.882458385282814
5,1,224,1,35,5710.45714285714,5,5,0.808251044977494
5,1,225,1,335,595.680597014925,4.98208955223881,4.97014925373134,0.707168716590965
5,1,226,1,2195,89.9512528473804,4.90250569476082,4.70797266514806,0.572089087212867
5,1,227,1,9704,19.2647361912613,4.57512366034625,3.72279472382523,0.438663074387906
5,1,228,1,23114,6.57895647659427,3.70022497187852,2.58527299472181,0.341176350262436
5,1,229,1,23540,3.4732370433305,2.76813933729822,1.90416312659303,0.291437304917004
5,1,230,1,8879,2.47820700529339,2.27244059015655,1.57731726545782,0.271454654016879
5,1,231,1,1,199901,5,5,0.998866438887249
5,1,232,1,1,199901,5,5,0.997049539522063
5,1,233,1,1,199901,5,5,0.992328202460218
5,1,234,1,1,199901,5,5,0.981223705734338
5,1,235,1,1,199901,5,5,0.953365916128484
5,1,236,1,3,66633,5,5,0.893760823695546
5,1,237,1,97,2059.83505154639,5,5,0.776634296068981
5,1,238,1,1967,100.554143365531,4.93594306049822,4.81240467717336,0.59264205686503
5,1,239,1,13684,13.1680064308682,4.37503653902368,3.34397836889798,0.405150534215829
5,1,240,1,26657,4.28382788760926,3.11396631278839,2.13441122406872,0.307666678074294
5,1,241,1,1,199901,5,5,1
5,1,242,1,1,199901,5,5,0.99999799900951
5,1,243,1,1,199901,5,5,0.999989995047549
5,1,244,1,1,199901,5,5,0.999885943542053
5,1,245,1,1,199901,5,5,0.999384695424235
5,1,246,1,1,199901,5,5,0.99661732557616
5,1,247,1,1,199901,5,5,0.982733453059264
5,1,248,1,1,199901,5,5,0.930134416536185
5,1,249,1,73,2737.38356164384,4.97260273972603,4.97260273972603,0.783558204852605
5,1,250,1,3700,52.9067567567568,4.8472972972973,4.53621621621622,0.535444166521461
5,1,251,1,1,199901,5,5,1
5,1,252,1,1,199901,5,5,1
5,1,253,1,1,199901,5,5,1
5,1,254,1,1,199901,5,5,1
5,1,255,1,1,199901,5,5,1
5,1,256,1,1,199901,5,5,0.999998999504755
5,1,257,1,1,199901,5,5,0.99996698365691
5,1,258,1,1,199901,5,5,0.99928264490923
5,1,259,1,1,199901,5,5,0.990174136197418
5,1,260,1,3,66633,5,5,0.928343005941729
5,1,261,1,1,199901,5,5,1
5,1,262,1,1,199901,5,5,1
5,1,263,1,1,199901,5,5,1
5,1,264,1,1,199901,5,5,1
5,1,265,1,1,199901,5,5,1
5,1,266,1,1,199901,5,5,1
5,1,267,1,1,199901,5,5,1
5,1,268,1,1,199901,5,5,1
5,1,269,1,1,199901,5,5,0.999992996533284
5,1,270,1,1,199901,5,5,0.999518761787085
5,1,271,1,1,199901,5,5,1
5,1,272,1,1,199901,5,5,1
5,1,273,1,1,199901,5,5,1
5,1,274,1,1,199901,5,5,1
5,1,275,1,1,199901,5,5,1
5,1,276,1,1,199901,5,5,1
5,1,277,1,1,199901,5,5,1
5,1,278,1,1,199901,5,5,1
5,1,279,1,1,199901,5,5,1
5,1,280,1,1,199901,5,5,1
5,1,281,1,1,199901,5,5,1
5,1,282,1,1,199901,5,5,1
5,1,283,1,1,199901,5,5,1
5,1,284,1,1,199901,5,5,1
5,1,285,1,1,199901,5,5,1
5,1,286,1,1,199901,5,5,1
5,1,287,1,1,199901,5,5,1
5,1,288,1,1,199901,5,5,1
5,1,289,1,1,199901,5,5,1
5,1,290,1,1,199901,5,5,1
5,1,291,1,1,199901,5,5,1
5,1,292,1,1,199901,5,5,1
5,1,293,1,1,199901,5,5,1
5,1,294,1,1,199901,5,5,1
5,1,295,1,1,199901,5,5,1
5,1,296,1,1,199901,5,5,1
5,1,297,1,1,199901,5,5,1
5,1,298,1,1,199901,5,5,1
5,1,299,1,1,199901,5,5,1
5,1,300,1,1,199901,5,5,1
5,1,301,1,3947,48.7590575120345,4.67392956675956,4.16366860907018,0.477261177770086
5,1,302,1,7326,25.2320502320502,4.41618891618892,3.64004914004914,0.420216842720755
5,1,303,1,12005,14.2991253644315,4.06838817159517,3.11986672219908,0.375464204726933
5,1,304,1,17195,8.80017446932248,3.62733352718814,2.65937772608316,0.337695594763367
5,1,305,1,20926,5.77243620376565,3.17308611296951,2.27597247443372,0.309850674786141
5,1,306,1,19962,4.0803025748923,2.76360084159904,1.96533413485623,0.289237384656798
5,1,307,1,13826,3.05974251410386,2.42868508606972,1.71806740922899,0.274710931296712
5,1,308,1,6032,2.48192970822281,2.21468832891247,1.5598474801061,0.26920559436143
5,1,309,1,1516,2.12598944591029,2.07058047493404,1.45250659630607,0.2648649327805
5,1,310,1,227,1.91629955947137,2.01321585903084,1.35242290748899,0.259324522760646
5,1,311,1,106,1884.69811320755,4.97169811320755,4.97169811320755,0.758880433724816
5,1,312,1,485,410.964948453608,4.97731958762887,4.95257731958763,0.682755710993917
5,1,313,1,1490,132.881208053691,4.91946308724832,4.78926174496644,0.593729728527843
5,1,314,1,4219,46.0348423797108,4.78715335387533,4.35624555581891,0.504110718864487
5,1,315,1,10103,18.2455706225874,4.45560724537266,3.57517569038899,0.4214569306535
5,1,316,1,19104,8.40452261306533,3.87923994974874,2.8028161641541,0.354839714344703
5,1,317,1,25060,4.68942537909018,3.15889864325618,2.18798882681564,0.308167855130406
5,1,318,1,18918,3.14753145152765,2.5760122634528,1.79358283116609,0.282856367607795
5,1,319,1,7473,2.43931486685401,2.23952897096213,1.55827646192961,0.270079301357904
5,1,320,1,1489,2.06044325050369,2.08059100067159,1.42914707857623,0.264450414148198
5,1,321,1,1,199901,5,5,0.957019724763758
5,1,322,1,3,66633,5,5,0.927686596363172
5,1,323,1,2,99950,5,5,0.883565052308943
5,1,324,1,42,4758.54761904762,5,5,0.810616660334387
5,1,325,1,378,527.793650793651,4.99206349206349,4.97619047619048,0.707106239290204
5,1,326,1,2253,87.5916555703506,4.91566799822459,4.74034620505992,0.574283993253229
5,1,327,1,9605,19.4671525247267,4.57542946382093,3.73315981259761,0.440124095754554
5,1,328,1,22989,6.60772543390317,3.7117316977685,2.59711166209926,0.341771720761726
5,1,329,1,23597,3.47599271093783,2.76789422384201,1.9090562359622,0.291621824679149
5,1,330,1,9056,2.44799028268551,2.26336130742049,1.58889134275618,0.273510127301536
5,1,331,1,1,199901,5,5,0.998930470582938
5,1,332,1,1,199901,5,5,0.997131580132166
5,1,333,1,1,199901,5,5,0.992532303490228
5,1,334,1,1,199901,5,5,0.981019604704329
5,1,335,1,1,199901,5,5,0.953599031520603
5,1,336,1,6,33316,5,5,0.8937935938115
5,1,337,1,101,1978.22772277228,5,5,0.777889339749363
5,1,338,1,1954,101.231832139202,4.92221084953941,4.77175025588536,0.590072622355167
5,1,339,1,13952,12.9172878440367,4.36052178899083,3.33937786697248,0.405658979461744
5,1,340,1,26465,4.29794067636501,3.12616663517854,2.13806914793123,0.307892403726367
5,1,341,1,1,199901,5,5,0.999998999504755
5,1,342,1,1,199901,5,5,0.999994997523774
5,1,343,1,1,199901,5,5,0.999983992076078
5,1,344,1,1,199901,5,5,0.999923962361369
5,1,345,1,1,199901,5,5,0.999434720186492
5,1,346,1,1,199901,5,5,0.996636334985818
5,1,347,1,1,199901,5,5,0.982886528831772
5,1,348,1,1,199901,5,5,0.929604154056258
5,1,349,1,80,2497.75,5,5,0.785616656169829
5,1,350,1,3912,49.986963190184,4.85173824130879,4.51150306748466,0.534565673417972
5,1,351,1,1,199901,5,5,1
5,1,352,1,1,199901,5,5,1
5,1,353,1,1,199901,5,5,1
5,1,354,1,1,199901,5,5,1
5,1,355,1,1,199901,5,5,1
5,1,356,1,1,199901,5,5,0.999998999504755
5,1,357,1,1,199901,5,5,0.999959980190194
5,1,358,1,1,199901,5,5,0.999289648375946
5,1,359,1,1,199901,5,5,0.990196147092811
5,1,360,1,1,199901,5,5,0.927908314615735
5,1,361,1,1,199901,5,5,1
5,1,362,1,1,199901,5,5,1
5,1,363,1,1,199901,5,5,1
5,1,364,1,1,199901,5,5,1
5,1,365,1,1,199901,5,5,1
5,1,366,1,1,199901,5,5,1
5,1,367,1,1,199901,5,5,1
5,1,368,1,1,199901,5,5,1
5,1,369,1,1,199901,5,5,0.999994997523774
5,1,370,1,1,199901,5,5,0.999541773177723
5,1,371,1,1,199901,5,5,1
5,1,372,1,1,199901,5,5,1
5,1,373,1,1,199901,5,5,1
5,1,374,1,1,199901,5,5,1
5,1,375,1,1,199901,5,5,1
5,1,376,1,1,199901,5,5,1
5,1,377,1,1,199901,5,5,1
5,1,378,1,1,199901,5,5,1
5,1,379,1,1,199901,5,5,1
5,1,380,1,1,199901,5,5,1
5,1,381,1,1,199901,5,5,1
5,1,382,1,1,199901,5,5,1
5,1,383,1,1,199901,5,5,1
5,1,384,1,1,199901,5,5,1
5,1,385,1,1,199901,5,5,1
5,1,386,1,1,199901,5,5,1
5,1,387,1,1,199901,5,5,1
5,1,388,1,1,199901,5,5,1
5,1,389,1,1,199901,5,5,1
5,1,390,1,1,199901,5,5,1
5,1,391,1,1,199901,5,5,1
5,1,392,1,1,199901,5,5,1
5,1,393,1,1,199901,5,5,1
5,1,394,1,1,199901,5,5,1
5,1,395,1,1,199901,5,5,1
5,1,396,1,1,199901,5,5,1
5,1,397,1,1,199901,5,5,1
5,1,398,1,1,199901,5,5,1
5,1,399,1,1,199901,5,5,1
5,1,400,1,1,199901,5,5,1
5,1,401,1,3936,48.9362296747967,4.68292682926829,4.18572154471545,0.481803271763589
5,1,402,1,7321,25.249829258298,4.42084414697446,3.64390110640623,0.422746149842625
5,1,403,1,11911,14.4564688103434,4.0746368902695,3.13365796322727,0.375393968902566
5,1,404,1,17195,8.76719976737424,3.63169526025007,2.66589124745566,0.339014121482855
5,1,405,1,20802,5.81626766657052,3.18690510527834,2.2880972983367,0.309885880117569
5,1,406,1,20047,4.08140868957949,2.75722053175039,1.9563026886816,0.28802882392341
5,1,407,1,13914,3.04901538019261,2.42820181112549,1.7292654879977,0.276016166806378
5,1,408,1,6143,2.47273319225134,2.20543708285854,1.54908025394758,0.26712337439181
5,1,409,1,1546,2.127425614489,2.08602846054334,1.45924967658473,0.266369124622682
5,1,410,1,265,1.83018867924528,2.0188679245283,1.46415094339623,0.28
5,1,411,1,108,1849.77777777778,4.9537037037037,4.9537037037037,0.754583931377789
5,1,412,1,422,472.507109004739,4.95260663507109,4.92890995260664,0.681508311089778
5,1,413,1,1493,132.662424648359,4.92230408573342,4.80843938379102,0.595310898057604
5,1,414,1,4306,45.0938225731537,4.7677659080353,4.33627496516489,0.504292807133112
5,1,415,1,10059,18.3198131026941,4.45978725519435,3.57361566756139,0.420923490523284
5,1,416,1,19152,8.40873015873016,3.87108395989975,2.79098788638262,0.353979229615788
5,1,417,1,24799,4.73248921327473,3.16553086818017,2.19020928263236,0.309079795738522
5,1,418,1,19085,3.1483887870055,2.58061304689547,1.79669897825517,0.283430359990205
5,1,419,1,7507,2.40868522712135,2.23977620887172,1.56014386572532,0.27135663856591
5,1,420,1,1485,2.04377104377104,2.08148148148148,1.42693602693603,0.264103254769921
5,1,421,1,1,199901,5,5,0.957631027358543
5,1,422,1,1,199901,5,5,0.927865293320194
5,1,423,1,9,22210.2222222222,5,5,0.882231176881174
5,1,424,1,53,3770.71698113208,5,5,0.812434521964082
5,1,425,1,386,516.813471502591,4.9740932642487,4.94818652849741,0.706956833830793
5,1,426,1,2190,90.1502283105023,4.91004566210046,4.74977168949772,0.57753337285433
5,1,427,1,9760,19.124487704918,4.55799180327869,3.71137295081967,0.438918351326145
5,1,428,1,22906,6.62804505369772,3.70156290928141,2.59329433336244,0.341639565882149
5,1,429,1,23624,3.46744835760244,2.76972570267525,1.90958347443278,0.292191293704279
5,1,430,1,9114,2.46927803379416,2.26750054860654,1.58141321044547,0.272033651192637
5,1,431,1,1,199901,5,5,0.998885448296907
5,1,432,1,1,199901,5,5,0.997204616285061
5,1,433,1,1,199901,5,5,0.992757414920386
5,1,434,1,1,199901,5,5,0.981155672057669
5,1,435,1,1,199901,5,5,0.953554009234571
5,1,436,1,3,66633,5,5,0.89415496174628
5,1,437,1,98,2038.77551020408,5,5,0.77717276070172
5,1,438,1,1925,102.761038961039,4.92623376623377,4.80675324675325,0.593384969988313
5,1,439,1,13792,13.0599622969838,4.38478828306264,3.37086716937355,0.40710108664136
5,1,440,1,26552,4.27259716782163,3.11272220548358,2.12925579993974,0.307350926315551
5,1,441,1,1,199901,5,5,0.999998999504755
5,1,442,1,1,199901,5,5,0.999995998019019
5,1,443,1,1,199901,5,5,0.999986993561813
5,1,444,1,1,199901,5,5,0.999922961866124
5,1,445,1,1,199901,5,5,0.999428717215021
5,1,446,1,1,199901,5,5,0.996565299823413
5,1,447,1,1,199901,5,5,0.982987578851531
5,1,448,1,1,199901,5,5,0.929671187237683
5,1,449,1,87,2296.72413793103,5,5,0.784738113620963
5,1,450,1,3936,49.6742886178862,4.86763211382114,4.54039634146341,0.535254411125564
5,1,451,1,1,199901,5,5,1
5,1,452,1,1,199901,5,5,1
5,1,453,1,1,199901,5,5,1
5,1,454,1,1,199901,5,5,1
5,1,455,1,1,199901,5,5,1
5,1,456,1,1,199901,5,5,0.99999799900951
5,1,457,1,1,199901,5,5,0.99996498266642
5,1,458,1,1,199901,5,5,0.999285646394966
5,1,459,1,1,199901,5,5,0.990373234751202
5,1,460,1,2,99950,5,5,0.928261794059921
5,1,461,1,1,199901,5,5,1
5,1,462,1,1,199901,5,5,1
5,1,463,1,1,199901,5,5,1
5,1,464,1,1,199901,5,5,1
5,1,465,1,1,199901,5,5,1
5,1,466,1,1,199901,5,5,1
5,1,467,1,1,199901,5,5,1
5,1,468,1,1,199901,5,5,1
5,1,469,1,1,199901,5,5,0.999992996533284
5,1,470,1,1,199901,5,5,0.99955477961591
5,1,471,1,1,199901,5,5,1
5,1,472,1,1,199901,5,5,1
5,1,473,1,1,199901,5,5,1
5,1,474,1,1,199901,5,5,1
5,1,475,1,1,199901,5,5,1
5,1,476,1,1,199901,5,5,1
5,1,477,1,1,199901,5,5,1
5,1,478,1,1,199901,5,5,1
5,1,479,1,1,199901,5,5,1
5,1,480,1,1,199901,5,5,1
5,1,481,1,1,199901,5,5,1
5,1,482,1,1,199901,5,5,1
5,1,483,1,1,199901,5,5,1
5,1,484,1,1,199901,5,5,1
5,1,485,1,1,199901,5,5,1
5,1,486,1,1,199901,5,5,1
5,1,487,1,1,199901,5,5,1
5,1,488,1,1,199901,5,5,1
5,1,489,1,1,199901,5,5,1
5,1,490,1,1,199901,5,5,1
5,1,491,1,1,199901,5,5,1
5,1,492,1,1,199901,5,5,1
5,1,493,1,1,199901,5,5,1
5,1,494,1,1,199901,5,5,1
5,1,495,1,1,199901,5,5,1
5,1,496,1,1,199901,5,5,1
5,1,497,1,1,199901,5,5,1
5,1,498,1,1,199901,5,5,1
5,1,499,1,1,199901,5,5,1
5,1,500,1,1,199901,5,5,1
5,1,501,1,3945,48.7903675538657,4.65906210392902,4.16223067173638,0.478315412968309
5,1,502,1,7308,25.294061302682,4.41858237547893,3.63779419813903,0.422186401038283
5,1,503,1,12014,14.2676044614616,4.06808723156318,3.13093058098885,0.37616082075716
5,1,504,1,17169,8.80458966742385,3.64488321975654,2.67150096103442,0.338632817982283
5,1,505,1,20805,5.797068012497,3.17803412641192,2.27253064167267,0.309025613534936
5,1,506,1,20050,4.08952618453865,2.77231920199501,1.97197007481297,0.289115217068593
5,1,507,1,13783,3.04302401509105,2.41979249800479,1.72074294420663,0.275628398661291
5,1,508,1,6111,2.47782686957945,2.21927671412208,1.56111929307806,0.26881156871093
5,1,509,1,1609,2.11746426351771,2.0733374766936,1.45059042883779,0.264982390718873
5,1,510,1,208,1.89423076923077,2.02403846153846,1.46634615384615,0.277083333333333
5,1,511,1,109,1832.77981651376,4.98165137614679,4.98165137614679,0.761628188187471
5,1,512,1,436,457.286697247706,4.97247706422018,4.95642201834862,0.684200069461242
5,1,513,1,1451,136.542384562371,4.92970365265334,4.83528600964852,0.599399018810169
5,1,514,1,4304,45.1064126394052,4.78810408921933,4.36733271375465,0.505744163272547
5,1,515,1,10132,18.1797275957363,4.45242795104619,3.57086458744572,0.421123403720235
5,1,516,1,19199,8.36569613000677,3.86624303349133,2.78608260846919,0.3541094433813
5,1,517,1,24842,4.72643104419934,3.15964898156348,2.18601561871025,0.308180220501874
5,1,518,1,19009,3.14792992792888,2.58424956599506,1.79178283970751,0.282402824177406
5,1,519,1,7493,2.42666488722808,2.23181636193781,1.54957960763379,0.268996439004446
5,1,520,1,1429,2.09937018894332,2.08117564730581,1.41287613715885,0.261259622113366
5,1,521,1,1,199901,5,5,0.957471948614564
5,1,522,1,1,199901,5,5,0.928002361168779
5,1,523,1,4,49974.5,5,5,0.882061998548908
5,1,524,1,48,4163.625,5,5,0.81398775507052
5,1,525,1,346,576.676300578035,4.97398843930636,4.96242774566474,0.709239633420909
5,1,526,1,2234,88.3527305282005,4.90241718889884,4.75246195165622,0.57425162838983
5,1,527,1,9488,19.7232293423272,4.5716694772344,3.72533726812816,0.438479991514052
5,1,528,1,23067,6.58243377985867,3.71188277626046,2.59587289201023,0.342416476175776
5,1,529,1,23635,3.49528242013962,2.78142585149143,1.91351808758198,0.292303756762919
5,1,530,1,9077,2.47559766442657,2.2778451030076,1.58433403106753,0.272617771062742
5,1,531,1,1,199901,5,5,0.999030520107453
5,1,532,1,1,199901,5,5,0.997212620247022
5,1,533,1,1,199901,5,5,0.992650361929155
5,1,534,1,1,199901,5,5,0.981179683943552
5,1,535,1,2,99950,5,5,0.953904879897083
5,1,536,1,3,66633,5,5,0.893739866227164
5,1,537,1,105,1902.81904761905,5,5,0.779686199612701
5,1,538,1,1949,101.481272447409,4.90969728065675,4.78399179066188,0.593302751958538
5,1,539,1,13911,12.9560060383869,4.37028251024369,3.35475522967436,0.405639086312386
5,1,540,1,26752,4.28158642344498,3.12914922248804,2.14013905502392,0.308730100766957
5,1,541,1,1,199901,5,5,1
5,1,542,1,1,199901,5,5,0.999998999504755
5,1,543,1,1,199901,5,5,0.999983992076078
5,1,544,1,1,199901,5,5,0.999905953446956
5,1,545,1,1,199901,5,5,0.999438722167473
5,1,546,1,1,199901,5,5,0.996621327557141
5,1,547,1,1,199901,5,5,0.982789480792992
5,1,548,1,1,199901,5,5,0.930163430898295
5,1,549,1,89,2245.07865168539,5,5,0.7888974821974
5,1,550,1,3839,50.9570200573066,4.86116176087523,4.53920291742641,0.532844855545276
5,1,551,1,1,199901,5,5,1
5,1,552,1,1,199901,5,5,1
5,1,553,1,1,199901,5,5,1
5,1,554,1,1,199901,5,5,1
5,1,555,1,1,199901,5,5,0.999998999504755
5,1,556,1,1,199901,5,5,0.999998999504755
5,1,557,1,1,199901,5,5,0.9999689846474
5,1,558,1,1,199901,5,5,0.999303655309378
5,1,559,1,1,199901,5,5,0.990271184236197
5,1,560,1,1,199901,5,5,0.928480597895959
5,1,561,1,1,199901,5,5,1
5,1,562,1,1,199901,5,5,1
5,1,563,1,1,199901,5,5,1
5,1,564,1,1,199901,5,5,1
5,1,565,1,1,199901,5,5,1
5,1,566,1,1,199901,5,5,1
5,1,567,1,1,199901,5,5,1
5,1,568,1,1,199901,5,5,1
5,1,569,1,1,199901,5,5,0.999993997028529
5,1,570,1,1,199901,5,5,0.999579791997039
5,1,571,1,1,199901,5,5,1
5,1,572,1,1,199901,5,5,1
5,1,573,1,1,199901,5,5,1
5,1,574,1,1,199901,5,5,1
5,1,575,1,1,199901,5,5,1
5,1,576,1,1,199901,5,5,1
5,1,577,1,1,199901,5,5,1
5,1,578,1,1,199901,5,5,1
5,1,579,1,1,199901,5,5,1
5,1,580,1,1,199901,5,5,1
5,1,581,1,1,199901,5,5,1
5,1,582,1,1,199901,5,5,1
5,1,583,1,1,199901,5,5,1
5,1,584,1,1,199901,5,5,1
5,1,585,1,1,199901,5,5,1
5,1,586,1,1,199901,5,5,1
5,1,587,1,1,199901,5,5,1
5,1,588,1,1,199901,5,5,1
5,1,589,1,1,199901,5,5,1
5,1,590,1,1,199901,5,5,1
5,1,591,1,1,199901,5,5,1
5,1,592,1,1,199901,5,5,1
5,1,593,1,1,199901,5,5,1
5,1,594,1,1,199901,5,5,1
5,1,595,1,1,199901,5,5,1
5,1,596,1,1,199901,5,5,1
5,1,597,1,1,199901,5,5,1
5,1,598,1,1,199901,5,5,1
5,1,599,1,1,199901,5,5,1
5,1,600,1,1,199901,5,5,1
5,1,601,1,3901,49.3668290182005,4.6711099718021,4.17841579082287,0.480648612910177
5,1,602,1,7266,25.4449490778971,4.4280209193504,3.65744563721442,0.423969046993854
5,1,603,1,11783,14.6141050666214,4.07646609522193,3.13510990409913,0.376773476613291
5,1,604,1,17138,8.83259423503326,3.62895320340763,2.66431322207959,0.337833885563596
5,1,605,1,20832,5.81422811059908,3.19196428571429,2.28158602150538,0.309519203968352
5,1,606,1,20008,4.09236305477809,2.76359456217513,1.96286485405838,0.288715809450992
5,1,607,1,14059,3.06088626502596,2.43132512981009,1.72266875311189,0.275450349888788
5,1,608,1,6089,2.45130563310888,2.21120052553786,1.56019050747249,0.26886164746733
5,1,609,1,1623,2.1090573012939,2.08810844115835,1.45841035120148,0.266786961241675
5,1,610,1,217,1.88018433179724,2.02304147465438,1.3963133640553,0.265130568356375
5,1,611,1,109,1832.70642201835,5,5,0.764489010958301
5,1,612,1,430,463.73023255814,4.98837209302326,4.96744186046512,0.684455276961101
5,1,613,1,1508,131.314323607427,4.89456233421751,4.79111405835544,0.596410201991262
5,1,614,1,4116,47.2213313896987,4.78279883381924,4.37657920310982,0.50423180463371
5,1,615,1,10109,18.2102087248986,4.46582253437531,3.58185775051934,0.422113493779015
5,1,616,1,18944,8.51150760135135,3.8804370777027,2.81133868243243,0.355508185659947
5,1,617,1,24841,4.72799001650497,3.1613461615877,2.19310816794815,0.309216880136346
5,1,618,1,19140,3.16191222570533,2.57847439916405,1.79916405433647,0.282914144556893
5,1,619,1,7540,2.44283819628647,2.23328912466844,1.5526525198939,0.269202977099529
5,1,620,1,1368,2.10672514619883,2.07675438596491,1.43055555555556,0.262303849902534
5,1,621,1,1,199901,5,5,0.957813117493159
5,1,622,1,1,199901,5,5,0.928794753402934
5,1,623,1,4,49974.5,5,5,0.882767681413635
5,1,624,1,53,3770.71698113208,5,5,0.813133831220903
5,1,625,1,341,585.158357771261,4.9941348973607,4.98240469208211,0.714146965552379
5,1,626,1,2245,87.9340757238307,4.89220489977728,4.73541202672606,0.574481170212293
5,1,627,1,9678,19.3239305641662,4.55734655920645,3.71161396982848,0.438974830243727
5,1,628,1,22976,6.60558844011142,3.70342966573816,2.5985811281337,0.342242718830531
5,1,629,1,23531,3.48302239598827,2.77344779227402,1.91058603544261,0.291620293020732
5,1,630,1,8909,2.47064765967,2.2717476708946,1.57683241665731,0.271924850383151
5,1,631,1,1,199901,5,5,0.998945478011616
5,1,632,1,1,199901,5,5,0.997148588551333
5,1,633,1,1,199901,5,5,0.99275041145367
5,1,634,1,1,199901,5,5,0.98096157598011
5,1,635,1,1,199901,5,5,0.953515990415256
5,1,636,1,3,66633,5,5,0.893940639524247
5,1,637,1,94,2125.60638297872,5,5,0.77666299259562
5,1,638,1,1984,99.6890120967742,4.92439516129032,4.79485887096774,0.592526544267717
5,1,639,1,13888,12.9570852534562,4.35519873271889,3.34108582949309,0.405336618380415
5,1,640,1,26627,4.28418522552297,3.12070454801517,2.12945506440831,0.307533296889587
5,1,641,1,1,199901,5,5,1
5,1,642,1,1,199901,5,5,0.999998999504755
5,1,643,1,1,199901,5,5,0.999986993561813
5,1,644,1,1,199901,5,5,0.999907954437447
5,1,645,1,1,199901,5,5,0.999417711767325
5,1,646,1,1,199901,5,5,0.996671352319398
5,1,647,1,1,199901,5,5,0.982982576375306
5,1,648,1,1,199901,5,5,0.929988344230394
5,1,649,1,74,2700.37837837838,5,5,0.784940535979444
5,1,650,1,3792,51.5830696202532,4.85232067510549,4.53164556962025,0.534818256380391
5,1,651,1,1,199901,5,5,1
5,1,652,1,1,199901,5,5,1
5,1,653,1,1,199901,5,5,1
5,1,654,1,1,199901,5,5,1
5,1,655,1,1,199901,5,5,1
5,1,656,1,1,199901,5,5,0.999998999504755
5,1,657,1,1,199901,5,5,0.9999689846474
5,1,658,1,1,199901,5,5,0.999295651347417
5,1,659,1,1,199901,5,5,0.990367231779731
5,1,660,1,1,199901,5,5,0.928210464179769
5,1,661,1,1,199901,5,5,1
5,1,662,1,1,199901,5,5,1
5,1,663,1,1,199901,5,5,1
5,1,664,1,1,199901,5,5,1
5,1,665,1,1,199901,5,5,1
5,1,666,1,1,199901,5,5,1
5,1,667,1,1,199901,5,5,1
5,1,668,1,1,199901,5,5,1
5,1,669,1,1,199901,5,5,0.999996998514264
5,1,670,1,1,199901,5,5,0.999533769215762
5,1,671,1,1,199901,5,5,1
5,1,672,1,1,199901,5,5,1
5,1,673,1,1,199901,5,5,1
5,1,674,1,1,199901,5,5,1
5,1,675,1,1,199901,5,5,1
5,1,676,1,1,199901,5,5,1
5,1,677,1,1,199901,5,5,1
5,1,678,1,1,199901,5,5,1
5,1,679,1,1,199901,5,5,1
5,1,680,1,1,199901,5,5,1
5,1,681,1,1,199901,5,5,1
5,1,682,1,1,199901,5,5,1
5,1,683,1,1,199901,5,5,1
5,1,684,1,1,199901,5,5,1
5,1,685,1,1,199901,5,5,1
5,1,686,1,1,199901,5,5,1
5,1,687,1,1,199901,5,5,1
5,1,688,1,1,199901,5,5,1
5,1,689,1,1,199901,5,5,1
5,1,690,1,1,199901,5,5,1
5,1,691,1,1,199901,5,5,1
5,1,692,1,1,199901,5,5,1
5,1,693,1,1,199901,5,5,1
5,1,694,1,1,199901,5,5,1
5,1,695,1,1,199901,5,5,1
5,1,696,1,1,199901,5,5,1
5,1,697,1,1,199901,5,5,1
5,1,698,1,1,199901,5,5,1
5,1,699,1,1,199901,5,5,1
5,1,700,1,1,199901,5,5,1
5,2,1,1,3055,63.5685761047463,4.7607201309329,4.48150572831424,0.527081647456782
5,2,2,1,6345,29.4767533490938,4.51631205673759,3.92324665090623,0.453825869175378
5,2,3,1,11075,15.7706546275395,4.18320541760722,3.3372460496614,0.3959596665886
5,2,4,1,16546,9.32515411579838,3.7273056932189,2.7906442644748,0.349264922279993
5,2,5,1,20686,5.98506236101711,3.25239292274969,2.34448419220729,0.315901642069121
5,2,6,1,20407,4.13338560297937,2.80776204243642,2.00303817317587,0.291833350834104
5,2,7,1,14149,3.07944024312672,2.45133931726624,1.74280867905859,0.277337325504313
5,2,8,1,6155,2.47116165718928,2.22713241267262,1.57189277010561,0.270070029528194
5,2,9,1,1642,2.14555420219245,2.09622411693057,1.44640682095006,0.263877385302477
5,2,10,1,238,1.85714285714286,2.03781512605042,1.4453781512605,0.275910364145658
5,2,11,1,72,2775.26388888889,5,5,0.804922907761319
5,2,12,1,353,565.053824362606,4.97450424929179,4.96317280453258,0.721400091272842
5,2,13,1,1145,173.362445414847,4.94497816593886,4.87598253275109,0.626816529077821
5,2,14,1,3865,50.3780077619664,4.78913324708926,4.4509702457956,0.522101699266567
5,2,15,1,9484,19.5635807676086,4.51549978911852,3.69253479544496,0.432846686091445
5,2,16,1,18713,8.67958103991877,3.89798535777267,2.82691177256453,0.357181932493235
5,2,17,1,24846,4.78137325927715,3.19479996780166,2.21882798035901,0.311167927935858
5,2,18,1,19217,3.13711817661446,2.5713691002758,1.80002081490347,0.284041680252534
5,2,19,1,7578,2.42715756136184,2.24201636315651,1.56980733702824,0.271648037895069
5,2,20,1,1502,2.05392809587217,2.08521970705726,1.44074567243675,0.26627385707945
5,2,21,1,1,199901,5,5,0.968502408692303
5,2,22,1,1,199901,5,5,0.942155366906619
5,2,23,1,1,199901,5,5,0.896928979845023
5,2,24,1,31,6447.45161290323,5,5,0.830638621524014
5,2,25,1,325,614.043076923077,4.99076923076923,4.98153846153846,0.7225840020056
5,2,26,1,2096,94.2600190839695,4.91650763358779,4.77146946564886,0.585040630877886
5,2,27,1,9381,19.9742031766336,4.57094126425754,3.76718899904061,0.444822827272704
5,2,28,1,22766,6.7293332161996,3.73060704559431,2.620398840376,0.344187639415567
5,2,29,1,23630,3.49314430808295,2.7890816758358,1.91997460854846,0.292698198177256
5,2,30,1,9206,2.46969367803606,2.28600912448403,1.58516185096676,0.27179530483517
5,2,31,1,1,199901,5,5,0.999242625099424
5,2,32,1,1,199901,5,5,0.99788095107078
5,2,33,1,1,199901,5,5,0.994036047843683
5,2,34,1,1,199901,5,5,0.983674919084947
5,2,35,1,1,199901,5,5,0.957767094711882
5,2,36,1,3,66633,5,5,0.900349973151954
5,2,37,1,105,1902.80952380952,5,5,0.783168084378988
5,2,38,1,1893,104.515055467512,4.92181722134179,4.80718436344427,0.597278376014485
5,2,39,1,13471,13.4126642417044,4.38415856283869,3.36908915447999,0.40732267199722
5,2,40,1,26667,4.30854614317321,3.13034837064537,2.14324820939738,0.309253653499758
5,2,41,1,1,199901,5,5,1
5,2,42,1,1,199901,5,5,0.999996998514264
5,2,43,1,1,199901,5,5,0.999980990590342
5,2,44,1,1,199901,5,5,0.999915958399408
5,2,45,1,1,199901,5,5,0.999503754358407
5,2,46,1,1,199901,5,5,0.996962496435736
5,2,47,1,1,199901,5,5,0.98396706369653
5,2,48,1,2,99950,5,5,0.932027524601457
5,2,49,1,85,2350.77647058824,5,5,0.791456860653324
5,2,50,1,3771,51.8814638027049,4.87377353487139,4.56085918854415,0.536843574089103
5,2,51,1,1,199901,5,5,1
5,2,52,1,1,199901,5,5,1
5,2,53,1,1,199901,5,5,1
5,2,54,1,1,199901,5,5,1
5,2,55,1,1,199901,5,5,1
5,2,56,1,1,199901,5,5,1
5,2,57,1,1,199901,5,5,0.999975988114116
5,2,58,1,1,199901,5,5,0.999301654318888
5,2,59,1,1,199901,5,5,0.990609351629056
5,2,60,1,1,199901,5,5,0.929527115922382
5,2,61,1,1,199901,5,5,1
5,2,62,1,1,199901,5,5,1
5,2,63,1,1,199901,5,5,1
5,2,64,1,1,199901,5,5,1
5,2,65,1,1,199901,5,5,1
5,2,66,1,1,199901,5,5,1
5,2,67,1,1,199901,5,5,1
5,2,68,1,1,199901,5,5,0.999998999504755
5,2,69,1,1,199901,5,5,0.999993997028529
5,2,70,1,1,199901,5,5,0.999549777139684
5,2,71,1,1,199901,5,5,1
5,2,72,1,1,199901,5,5,1
5,2,73,1,1,199901,5,5,1
5,2,74,1,1,199901,5,5,1
5,2,75,1,1,199901,5,5,1
5,2,76,1,1,199901,5,5,1
5,2,77,1,1,199901,5,5,1
5,2,78,1,1,199901,5,5,1
5,2,79,1,1,199901,5,5,1
5,2,80,1,1,199901,5,5,1
5,2,81,1,1,199901,5,5,1
5,2,82,1,1,199901,5,5,1
5,2,83,1,1,199901,5,5,1
5,2,84,1,1,199901,5,5,1
5,2,85,1,1,199901,5,5,1
5,2,86,1,1,199901,5,5,1
5,2,87,1,1,199901,5,5,1
5,2,88,1,1,199901,5,5,1
5,2,89,1,1,199901,5,5,1
5,2,90,1,1,199901,5,5,1
5,2,91,1,1,199901,5,5,1
5,2,92,1,1,199901,5,5,1
5,2,93,1,1,199901,5,5,1
5,2,94,1,1,199901,5,5,1
5,2,95,1,1,199901,5,5,1
5,2,96,1,1,199901,5,5,1
5,2,97,1,1,199901,5,5,1
5,2,98,1,1,199901,5,5,1
5,2,99,1,1,199901,5,5,1
5,2,100,1,1,199901,5,5,1
5,2,101,1,3395,57.0182621502209,4.74521354933726,4.39734904270987,0.513847452841451
5,2,102,1,6614,28.1788630178409,4.47989114000605,3.81433323253704,0.44176666570199
5,2,103,1,11487,15.1036824236093,4.13093061721947,3.24166449029338,0.387360508610475
5,2,104,1,16880,9.03975118483412,3.69046208530806,2.73163507109005,0.344425191605135
5,2,105,1,20740,5.90260366441659,3.22907425265188,2.31277724204436,0.312913583536777
5,2,106,1,20321,4.12587963190788,2.78293391073274,1.98395748240736,0.290198747298339
5,2,107,1,14272,3.0625,2.43876121076233,1.72323430493274,0.275274565992055
5,2,108,1,6126,2.46196539340516,2.21678093372511,1.55370551746654,0.268086680251225
5,2,109,1,1582,2.10745891276865,2.0865992414665,1.43615676359039,0.262848714707122
5,2,110,1,228,2.04385964912281,2.04385964912281,1.41666666666667,0.26125730994152
5,2,111,1,102,1958.60784313725,5,5,0.796247092384365
5,2,112,1,373,534.753351206434,4.97855227882038,4.95174262734584,0.708504663742448
5,2,113,1,1351,146.729089563286,4.94152479644708,4.86380458919319,0.617140595410297
5,2,114,1,3963,49.109765329296,4.79081503911178,4.41912692404744,0.515182029514185
5,2,115,1,9758,18.9457880713261,4.49159663865546,3.63998770239803,0.427822969855019
5,2,116,1,18770,8.62828982418753,3.90213106020245,2.82498668087373,0.357390574784432
5,2,117,1,24792,4.79380445304937,3.18534204582123,2.21636011616651,0.310912847448767
5,2,118,1,19210,3.17470067673087,2.59047371160854,1.80515356585112,0.283346789962777
5,2,119,1,7706,2.44653516740202,2.24617181417078,1.56423566052427,0.27096906553953
5,2,120,1,1454,2.09972489683631,2.07840440165062,1.42640990371389,0.261568415536779
5,2,121,1,1,199901,5,5,0.965916128483599
5,2,122,1,1,199901,5,5,0.938354485470308
5,2,123,1,4,49974.5,5,5,0.892554516856945
5,2,124,1,36,5551.66666666667,5,5,0.823094901306919
5,2,125,1,324,615.910493827161,4.99382716049383,4.98765432098765,0.718594111316941
5,2,126,1,2179,90.625516291877,4.90821477742084,4.75998164295548,0.579873407486126
5,2,127,1,9431,19.8491146219913,4.57607888877107,3.73862792916976,0.441733250846084
5,2,128,1,22981,6.61746660284583,3.71828902136548,2.61006918758975,0.343965572508525
5,2,129,1,23708,3.47920533153366,2.77087902817614,1.91445925426017,0.292382526347935
5,2,130,1,9034,2.46026123533319,2.27031215408457,1.59054682311269,0.273502939512459
5,2,131,1,1,199901,5,5,0.999211609746825
5,2,132,1,1,199901,5,5,0.997708865888615
5,2,133,1,1,199901,5,5,0.993692877974597
5,2,134,1,1,199901,5,5,0.982717445135342
5,2,135,1,1,199901,5,5,0.956232335005828
5,2,136,1,5,39979.4,5,5,0.897456916185381
5,2,137,1,100,1997.98,5,5,0.782053718431862
5,2,138,1,1836,107.796296296296,4.94880174291939,4.81862745098039,0.596868401151543
5,2,139,1,13716,13.1525955088947,4.37620297462817,3.35367454068241,0.406183162487863
5,2,140,1,26675,4.29338331771321,3.12723523898782,2.13525773195876,0.307611710186528
5,2,141,1,1,199901,5,5,1
5,2,142,1,1,199901,5,5,0.99999799900951
5,2,143,1,1,199901,5,5,0.999976988609362
5,2,144,1,1,199901,5,5,0.999921961370879
5,2,145,1,1,199901,5,5,0.999476740986789
5,2,146,1,1,199901,5,5,0.996688360738566
5,2,147,1,1,199901,5,5,0.983430798245131
5,2,148,1,1,199901,5,5,0.931456070755024
5,2,149,1,86,2323.44186046512,5,5,0.787223550416563
5,2,150,1,3837,50.9825384414907,4.85874381026844,4.53739900964295,0.535600564612264
5,2,151,1,1,199901,5,5,1
5,2,152,1,1,199901,5,5,1
5,2,153,1,1,199901,5,5,1
5,2,154,1,1,199901,5,5,1
5,2,155,1,1,199901,5,5,1
5,2,156,1,1,199901,5,5,0.99999799900951
5,2,157,1,1,199901,5,5,0.999967984152155
5,2,158,1,1,199901,5,5,0.999322664719036
5,2,159,1,1,199901,5,5,0.990343219893848
5,2,160,1,1,199901,5,5,0.928678695954497
5,2,161,1,1,199901,5,5,1
5,2,162,1,1,199901,5,5,1
5,2,163,1,1,199901,5,5,1
5,2,164,1,1,199901,5,5,1
5,2,165,1,1,199901,5,5,1
5,2,166,1,1,199901,5,5,1
5,2,167,1,1,199901,5,5,1
5,2,168,1,1,199901,5,5,1
5,2,169,1,1,199901,5,5,0.999995998019019
5,2,170,1,1,199901,5,5,0.999582793482774
5,2,171,1,1,199901,5,5,1
5,2,172,1,1,199901,5,5,1
5,2,173,1,1,199901,5,5,1
5,2,174,1,1,199901,5,5,1
5,2,175,1,1,199901,5,5,1
5,2,176,1,1,199901,5,5,1
5,2,177,1,1,199901,5,5,1
5,2,178,1,1,199901,5,5,1
5,2,179,1,1,199901,5,5,1
5,2,180,1,1,199901,5,5,1
5,2,181,1,1,199901,5,5,1
5,2,182,1,1,199901,5,5,1
5,2,183,1,1,199901,5,5,1
5,2,184,1,1,199901,5,5,1
5,2,185,1,1,199901,5,5,1
5,2,186,1,1,199901,5,5,1
5,2,187,1,1,199901,5,5,1
5,2,188,1,1,199901,5,5,1
5,2,189,1,1,199901,5,5,1
5,2,190,1,1,199901,5,5,1
5,2,191,1,1,199901,5,5,1
5,2,192,1,1,199901,5,5,1
5,2,193,1,1,199901,5,5,1
5,2,194,1,1,199901,5,5,1
5,2,195,1,1,199901,5,5,1
5,2,196,1,1,199901,5,5,1
5,2,197,1,1,199901,5,5,1
5,2,198,1,1,199901,5,5,1
5,2,199,1,1,199901,5,5,1
5,2,200,1,1,199901,5,5,1
5,2,201,1,3507,55.14000570288,4.70972341032221,4.33561448531508,0.504858049539527
5,2,202,1,6886,26.9507696776067,4.46747022945106,3.76953238454836,0.437488918435163
5,2,203,1,11673,14.7890859247837,4.10828407435963,3.20885804848796,0.384578923494158
5,2,204,1,17034,8.91687213807679,3.65510156158272,2.71063754843255,0.343205142130905
5,2,205,1,20911,5.82444646358376,3.21017646214911,2.30261584811822,0.311913614547256
5,2,206,1,20132,4.09030399364196,2.78978740313928,1.98574408901252,0.290897012338165
5,2,207,1,13846,3.04513939043767,2.43976599739997,1.72663585150946,0.276175196497188
5,2,208,1,6220,2.4967845659164,2.22636655948553,1.56012861736334,0.267796370920969
5,2,209,1,1601,2.10930668332292,2.09806371018114,1.44284821986259,0.264066208619613
5,2,210,1,204,1.86764705882353,2.01470588235294,1.36764705882353,0.261274509803922
5,2,211,1,91,2195.64835164835,4.96703296703297,4.96703296703297,0.784490867607259
5,2,212,1,409,487.555012224939,4.97799511002445,4.96332518337408,0.701672318350697
5,2,213,1,1388,142.777377521614,4.91210374639769,4.81772334293948,0.609670786592964
5,2,214,1,4029,48.2879126334078,4.7758749069248,4.41126830479027,0.513335092632743
5,2,215,1,9814,18.8294273486856,4.47513755858977,3.62257998777257,0.425949964035799
5,2,216,1,18891,8.55862580064581,3.89201206923932,2.81573235932455,0.356342677154119
5,2,217,1,24749,4.75845488706614,3.17410804476949,2.20053335488303,0.309221921135786
5,2,218,1,19136,3.15504807692308,2.5743102006689,1.79039506688963,0.282960111063686
5,2,219,1,7507,2.43852404422539,2.24403889702944,1.55095244438524,0.268610347514037
5,2,220,1,1471,2.07953772943576,2.09585316111489,1.43235893949694,0.263680036256515
5,2,221,1,1,199901,5,5,0.965089719411109
5,2,222,1,1,199901,5,5,0.93628245981761
5,2,223,1,8,24986.75,5,5,0.890434135080227
5,2,224,1,39,5124.66666666667,5,5,0.821999284782718
5,2,225,1,324,615.922839506173,4.98765432098765,4.98148148148148,0.716230773234635
5,2,226,1,2215,89.1349887133183,4.90474040632054,4.75033860045147,0.57871841657013
5,2,227,1,9536,19.6118917785235,4.56669463087248,3.73447986577181,0.4408214650755
5,2,228,1,22761,6.71213918544879,3.723430429243,2.60972716488731,0.342493788028687
5,2,229,1,23855,3.47231188430099,2.77518339970656,1.91829805072312,0.293098271468432
5,2,230,1,9035,2.48234643054787,2.28168234643055,1.57697841726619,0.271446403316907
5,2,231,1,1,199901,5,5,0.999171589937019
5,2,232,1,1,199901,5,5,0.997535780211204
5,2,233,1,1,199901,5,5,0.993623843802682
5,2,234,1,1,199901,5,5,0.982723448106813
5,2,235,1,1,199901,5,5,0.956340388492304
5,2,236,1,1,199901,5,5,0.896404720336566
5,2,237,1,107,1867.22429906542,5,5,0.781343745208458
5,2,238,1,1910,103.583769633508,4.91727748691099,4.78062827225131,0.592528453748083
5,2,239,1,13899,12.9445283833369,4.36506223469314,3.34369379092021,0.406326855637471
5,2,240,1,26488,4.32697825430384,3.13481576562972,2.1408939897312,0.30854540418751
5,2,241,1,1,199901,5,5,1
5,2,242,1,1,199901,5,5,0.999998999504755
5,2,243,1,1,199901,5,5,0.999983992076078
5,2,244,1,1,199901,5,5,0.99992796434235
5,2,245,1,1,199901,5,5,0.999477741482034
5,2,246,1,1,199901,5,5,0.996737385005578
5,2,247,1,1,199901,5,5,0.983398782397287
5,2,248,1,1,199901,5,5,0.930968829570638
5,2,249,1,75,2664.34666666667,5,5,0.785294469644706
5,2,250,1,3851,50.7831732017658,4.84497533108284,4.51596987795378,0.533189489888335
5,2,251,1,1,199901,5,5,1
5,2,252,1,1,199901,5,5,1
5,2,253,1,1,199901,5,5,1
5,2,254,1,1,199901,5,5,1
5,2,255,1,1,199901,5,5,1
5,2,256,1,1,199901,5,5,1
5,2,257,1,1,199901,5,5,0.999971986133136
5,2,258,1,1,199901,5,5,0.999267637480553
5,2,259,1,1,199901,5,5,0.990481288237678
5,2,260,1,1,199901,5,5,0.927980350273385
5,2,261,1,1,199901,5,5,1
5,2,262,1,1,199901,5,5,1
5,2,263,1,1,199901,5,5,1
5,2,264,1,1,199901,5,5,1
5,2,265,1,1,199901,5,5,1
5,2,266,1,1,199901,5,5,1
5,2,267,1,1,199901,5,5,1
5,2,268,1,1,199901,5,5,1
5,2,269,1,1,199901,5,5,0.999995998019019
5,2,270,1,1,199901,5,5,0.999541773177723
5,2,271,1,1,199901,5,5,1
5,2,272,1,1,199901,5,5,1
5,2,273,1,1,199901,5,5,1
5,2,274,1,1,199901,5,5,1
5,2,275,1,1,199901,5,5,1
5,2,276,1,1,199901,5,5,1
5,2,277,1,1,199901,5,5,1
5,2,278,1,1,199901,5,5,1
5,2,279,1,1,199901,5,5,1
5,2,280,1,1,199901,5,5,1
5,2,281,1,1,199901,5,5,1
5,2,282,1,1,199901,5,5,1
5,2,283,1,1,199901,5,5,1
5,2,284,1,1,199901,5,5,1
5,2,285,1,1,199901,5,5,1
5,2,286,1,1,199901,5,5,1
5,2,287,1,1,199901,5,5,1
5,2,288,1,1,199901,5,5,1
5,2,289,1,1,199901,5,5,1
5,2,290,1,1,199901,5,5,1
5,2,291,1,1,199901,5,5,1
5,2,292,1,1,199901,5,5,1
5,2,293,1,1,199901,5,5,1
5,2,294,1,1,199901,5,5,1
5,2,295,1,1,199901,5,5,1
5,2,296,1,1,199901,5,5,1
5,2,297,1,1,199901,5,5,1
5,2,298,1,1,199901,5,5,1
5,2,299,1,1,199901,5,5,1
5,2,300,1,1,199901,5,5,1
5,2,301,1,3558,54.3052276559865,4.69758291174817,4.31422147273749,0.50278143384273
5,2,302,1,6893,26.9625707239228,4.4752647613521,3.7639634411722,0.436202268487092
5,2,303,1,11667,14.7954058455473,4.11648238621754,3.20665123853604,0.384057947530891
5,2,304,1,16914,9.00626699775334,3.67447085254818,2.71207283906823,0.343222372190848
5,2,305,1,20778,5.87289440754644,3.21185869669843,2.30349408027722,0.311651698289426
5,2,306,1,20301,4.08851780700458,2.77006058814837,1.97502586079503,0.289652697852378
5,2,307,1,13934,3.07212573561074,2.44136644179704,1.72886464762452,0.276220970005471
5,2,308,1,6185,2.44155214227971,2.20792239288601,1.55246564268391,0.269165441223646
5,2,309,1,1560,2.13076923076923,2.08974358974359,1.44679487179487,0.26365811965812
5,2,310,1,221,1.89592760180995,2.01357466063348,1.38461538461538,0.263197586726999
5,2,311,1,95,2103.07368421053,4.96842105263158,4.96842105263158,0.782627829131992
5,2,312,1,358,557.215083798883,4.99720670391061,4.9804469273743,0.707201209116324
5,2,313,1,1414,140.123762376238,4.93140028288543,4.85077793493635,0.609745992142675
5,2,314,1,4016,48.4384960159363,4.78187250996016,4.4031374501992,0.512920665375314
5,2,315,1,9847,18.7467248908297,4.47090484411496,3.61460343251752,0.426083978940952
5,2,316,1,18836,8.58037799957528,3.89206837969845,2.8110533021873,0.355232402996817
5,2,317,1,24961,4.71607708024518,3.15708505268218,2.199951925003,0.309622041747275
5,2,318,1,19148,3.17051389179027,2.57938165865887,1.79773344474619,0.283227142819053
5,2,319,1,7436,2.41568047337278,2.23278644432491,1.55863367401829,0.270309327424712
5,2,320,1,1472,2.05027173913043,2.078125,1.45380434782609,0.267975543478261
5,2,321,1,1,199901,5,5,0.964229293500283
5,2,322,1,1,199901,5,5,0.935318982896534
5,2,323,1,5,39979.4,5,5,0.888979256370439
5,2,324,1,32,6245.90625,5,5,0.818324294823146
5,2,325,1,324,615.932098765432,4.98456790123457,4.96913580246914,0.71386178691614
5,2,326,1,2235,88.3145413870246,4.9082774049217,4.74675615212528,0.578337742053695
5,2,327,1,9450,19.794708994709,4.57291005291005,3.74148148148148,0.440185499489521
5,2,328,1,23033,6.60539226327443,3.70668171753571,2.59675248556419,0.342305351984725
5,2,329,1,23704,3.4812689841377,2.78223084711441,1.91490887613905,0.291973124177455
5,2,330,1,9078,2.46860541969597,2.27715355805243,1.58107512667989,0.272204158476465
5,2,331,1,1,199901,5,5,0.9991445765654
5,2,332,1,1,199901,5,5,0.997517771296792
5,2,333,1,1,199901,5,5,0.993417741782182
5,2,334,1,1,199901,5,5,0.982441308447682
5,2,335,1,1,199901,5,5,0.956052245861702
5,2,336,1,2,99950,5,5,0.895574240917698
5,2,337,1,97,2059.83505154639,4.98969072164948,4.97938144329897,0.776928996885452
5,2,338,1,1913,103.42812336644,4.92158912702561,4.78567694720335,0.59148125795589
5,2,339,1,13867,12.9913463618663,4.37708228167592,3.34866950313694,0.406058661617951
5,2,340,1,26511,4.31390743464977,3.12877673418581,2.14145071856965,0.308215889334596
5,2,341,1,1,199901,5,5,0.999998999504755
5,2,342,1,1,199901,5,5,0.99999799900951
5,2,343,1,1,199901,5,5,0.999988994552303
5,2,344,1,1,199901,5,5,0.999900950970731
5,2,345,1,1,199901,5,5,0.999472739005808
5,2,346,1,1,199901,5,5,0.99675539391999
5,2,347,1,1,199901,5,5,0.983235701672328
5,2,348,1,1,199901,5,5,0.930176437336481
5,2,349,1,91,2195.71428571429,5,5,0.78918040847294
5,2,350,1,3724,52.546992481203,4.86009667024705,4.53114930182599,0.535651852572348
5,2,351,1,1,199901,5,5,1
5,2,352,1,1,199901,5,5,1
5,2,353,1,1,199901,5,5,1
5,2,354,1,1,199901,5,5,1
5,2,355,1,1,199901,5,5,0.999998999504755
5,2,356,1,1,199901,5,5,0.999998999504755
5,2,357,1,1,199901,5,5,0.999970985637891
5,2,358,1,1,199901,5,5,0.999328667690507
5,2,359,1,1,199901,5,5,0.990376236236937
5,2,360,1,1,199901,5,5,0.928500607800861
5,2,361,1,1,199901,5,5,1
5,2,362,1,1,199901,5,5,1
5,2,363,1,1,199901,5,5,1
5,2,364,1,1,199901,5,5,1
5,2,365,1,1,199901,5,5,1
5,2,366,1,1,199901,5,5,1
5,2,367,1,1,199901,5,5,1
5,2,368,1,1,199901,5,5,1
5,2,369,1,1,199901,5,5,0.99999799900951
5,2,370,1,1,199901,5,5,0.999574789520813
5,2,371,1,1,199901,5,5,1
5,2,372,1,1,199901,5,5,1
5,2,373,1,1,199901,5,5,1
5,2,374,1,1,199901,5,5,1
5,2,375,1,1,199901,5,5,1
5,2,376,1,1,199901,5,5,1
5,2,377,1,1,199901,5,5,1
5,2,378,1,1,199901,5,5,1
5,2,379,1,1,199901,5,5,1
5,2,380,1,1,199901,5,5,1
5,2,381,1,1,199901,5,5,1
5,2,382,1,1,199901,5,5,1
5,2,383,1,1,199901,5,5,1
5,2,384,1,1,199901,5,5,1
5,2,385,1,1,199901,5,5,1
5,2,386,1,1,199901,5,5,1
5,2,387,1,1,199901,5,5,1
5,2,388,1,1,199901,5,5,1
5,2,389,1,1,199901,5,5,1
5,2,390,1,1,199901,5,5,1
5,2,391,1,1,199901,5,5,1
5,2,392,1,1,199901,5,5,1
5,2,393,1,1,199901,5,5,1
5,2,394,1,1,199901,5,5,1
5,2,395,1,1,199901,5,5,1
5,2,396,1,1,199901,5,5,1
5,2,397,1,1,199901,5,5,1
5,2,398,1,1,199901,5,5,1
5,2,399,1,1,199901,5,5,1
5,2,400,1,1,199901,5,5,1
5,2,401,1,3658,52.7870420995079,4.71705850191361,4.29332968835429,0.498468965839829
5,2,402,1,7021,26.4335564734368,4.44139011536818,3.74205953567868,0.433609615363365
5,2,403,1,11758,14.6415206667801,4.09159721040993,3.18438509950672,0.381657511574737
5,2,404,1,17070,8.90240187463386,3.66942003514938,2.71722319859402,0.343393490784098
5,2,405,1,20869,5.84718961138531,3.20585557525516,2.30346446882936,0.311833249667305
5,2,406,1,20152,4.08515283842795,2.7689559348948,1.97052401746725,0.289403246122119
5,2,407,1,13972,3.07572287432007,2.43630117377612,1.72902948754652,0.275306868315386
5,2,408,1,6280,2.48041401273885,2.22165605095541,1.55398089171975,0.267999151326381
5,2,409,1,1621,2.09993830968538,2.0919185687847,1.45219000616903,0.265949002673247
5,2,410,1,264,1.90530303030303,2.03409090909091,1.43939393939394,0.271843434343434
5,2,411,1,108,1849.82407407407,4.99074074074074,4.98148148148148,0.780304690149878
5,2,412,1,411,485.172749391728,4.95377128953771,4.92457420924574,0.696680046733942
5,2,413,1,1381,143.502534395366,4.92034757422158,4.82766111513396,0.60532995670559
5,2,414,1,4165,46.6573829531813,4.79015606242497,4.39927971188475,0.512727147037555
5,2,415,1,9884,18.6712869283691,4.48745447187374,3.63294212869284,0.426632031458845
5,2,416,1,18866,8.57553270433584,3.89494328421499,2.80441004982508,0.354811275375935
5,2,417,1,24668,4.78417382844171,3.18278741689638,2.20613750608075,0.309662113482762
5,2,418,1,19133,3.15841739403125,2.5815606543668,1.79992682799352,0.28323451503925
5,2,419,1,7593,2.44264454102463,2.24206505992361,1.56420387198736,0.269593056679188
5,2,420,1,1449,2.04899930986888,2.07660455486542,1.45341614906832,0.268900391074304
5,2,421,1,1,199901,5,5,0.964072215746795
5,2,422,1,1,199901,5,5,0.93498781897039
5,2,423,1,6,33316,5,5,0.888146280824361
5,2,424,1,43,4647.88372093023,5,5,0.817978874174755
5,2,425,1,344,580.081395348837,4.98255813953488,4.96802325581395,0.712778445213624
5,2,426,1,2303,85.6882327399045,4.90143291359097,4.72904906643508,0.57679622869691
5,2,427,1,9602,19.4702145386378,4.56988127473443,3.72891064361591,0.440531894933208
5,2,428,1,22941,6.6257791726603,3.71448498321782,2.60254566060765,0.343271041889477
5,2,429,1,23638,3.49873085709451,2.79008376343176,1.91433285387935,0.291974487643923
5,2,430,1,9153,2.46225281328526,2.27826941986234,1.58789467934011,0.273158796057846
5,2,431,1,1,199901,5,5,0.999133571117703
5,2,432,1,1,199901,5,5,0.997504764858605
5,2,433,1,1,199901,5,5,0.993177622923347
5,2,434,1,1,199901,5,5,0.982147162845609
5,2,435,1,1,199901,5,5,0.95518481648416
5,2,436,1,4,49974.5,5,5,0.895732676662212
5,2,437,1,97,2059.82474226804,5,5,0.77977917135114
5,2,438,1,1909,103.631744368779,4.92509167103195,4.78313253012048,0.590944106752761
5,2,439,1,13692,13.1682734443471,4.37759275489337,3.36839030090564,0.407440350852456
5,2,440,1,26730,4.26677890011223,3.1215114104003,2.13699962588851,0.308474574380976
5,2,441,1,1,199901,5,5,0.999998999504755
5,2,442,1,1,199901,5,5,0.99999799900951
5,2,443,1,1,199901,5,5,0.999982991580832
5,2,444,1,1,199901,5,5,0.999922961866124
5,2,445,1,1,199901,5,5,0.999460733062866
5,2,446,1,1,199901,5,5,0.996772402339158
5,2,447,1,1,199901,5,5,0.983177672948109
5,2,448,1,1,199901,5,5,0.930680686940035
5,2,449,1,92,2171.84782608696,5,5,0.785703785554919
5,2,450,1,3715,52.6888290713324,4.86218034993271,4.55181695827725,0.536164741234803
5,2,451,1,1,199901,5,5,1
5,2,452,1,1,199901,5,5,1
5,2,453,1,1,199901,5,5,1
5,2,454,1,1,199901,5,5,1
5,2,455,1,1,199901,5,5,1
5,2,456,1,1,199901,5,5,0.99999799900951
5,2,457,1,1,199901,5,5,0.999967984152155
5,2,458,1,1,199901,5,5,0.999294650852172
5,2,459,1,1,199901,5,5,0.990314205531738
5,2,460,1,1,199901,5,5,0.928960835613629
5,2,461,1,1,199901,5,5,1
5,2,462,1,1,199901,5,5,1
5,2,463,1,1,199901,5,5,1
5,2,464,1,1,199901,5,5,1
5,2,465,1,1,199901,5,5,1
5,2,466,1,1,199901,5,5,1
5,2,467,1,1,199901,5,5,1
5,2,468,1,1,199901,5,5,1
5,2,469,1,1,199901,5,5,0.999996998514264
5,2,470,1,1,199901,5,5,0.999578791501793
5,2,471,1,1,199901,5,5,1
5,2,472,1,1,199901,5,5,1
5,2,473,1,1,199901,5,5,1
5,2,474,1,1,199901,5,5,1
5,2,475,1,1,199901,5,5,1
5,2,476,1,1,199901,5,5,1
5,2,477,1,1,199901,5,5,1
5,2,478,1,1,199901,5,5,1
5,2,479,1,1,199901,5,5,1
5,2,480,1,1,199901,5,5,1
5,2,481,1,1,199901,5,5,1
5,2,482,1,1,199901,5,5,1
5,2,483,1,1,199901,5,5,1
5,2,484,1,1,199901,5,5,1
5,2,485,1,1,199901,5,5,1
5,2,486,1,1,199901,5,5,1
5,2,487,1,1,199901,5,5,1
5,2,488,1,1,199901,5,5,1
5,2,489,1,1,199901,5,5,1
5,2,490,1,1,199901,5,5,1
5,2,491,1,1,199901,5,5,1
5,2,492,1,1,199901,5,5,1
5,2,493,1,1,199901,5,5,1
5,2,494,1,1,199901,5,5,1
5,2,495,1,1,199901,5,5,1
5,2,496,1,1,199901,5,5,1
5,2,497,1,1,199901,5,5,1
5,2,498,1,1,199901,5,5,1
5,2,499,1,1,199901,5,5,1
5,2,500,1,1,199901,5,5,1
5,2,501,1,3689,52.3179723502304,4.71184602873407,4.30360531309298,0.497846596672807
5,2,502,1,6947,26.7617676694976,4.45213761335828,3.729523535339,0.431683345312178
5,2,503,1,11779,14.6419050853213,4.10663044401053,3.18660327701842,0.383209640796487
5,2,504,1,17089,8.9077769325297,3.65825969922172,2.69348703844578,0.341277208172369
5,2,505,1,20791,5.80828242989755,3.19364147948632,2.29180895579818,0.310162282247747
5,2,506,1,20058,4.10340013959517,2.76991724000399,1.97178183268521,0.288528857401212
5,2,507,1,13951,3.08959931187728,2.44677800874489,1.73399756289872,0.275827357599274
5,2,508,1,6098,2.45785503443752,2.21252869793375,1.56297146605444,0.268916766881673
5,2,509,1,1598,2.14267834793492,2.07509386733417,1.45682102628285,0.26616395494368
5,2,510,1,252,1.94444444444444,2.03174603174603,1.37301587301587,0.260780423280423
5,2,511,1,99,2018,5,5,0.781014028655398
5,2,512,1,397,502.35516372796,4.95969773299748,4.94206549118388,0.695980620558416
5,2,513,1,1432,138.349162011173,4.93296089385475,4.84008379888268,0.607698317186265
5,2,514,1,4035,48.2004956629492,4.78612143742255,4.39925650557621,0.510793493753119
5,2,515,1,9993,18.4834384068848,4.47032923046132,3.60212148503953,0.423243871645749
5,2,516,1,18992,8.47883319292334,3.88216090985678,2.80539174389216,0.355047723855291
5,2,517,1,24887,4.7494274119018,3.17426768995861,2.20050628842368,0.309669777083661
5,2,518,1,18954,3.16212936583307,2.57465442650628,1.79307797826316,0.283244818387269
5,2,519,1,7500,2.422,2.234,1.5524,0.269928761904762
5,2,520,1,1467,2.07634628493524,2.0838445807771,1.44512610770279,0.266892913948129
5,2,521,1,1,199901,5,5,0.963106737835228
5,2,522,1,1,199901,5,5,0.933777219723763
5,2,523,1,6,33316,5,5,0.888237947994386
5,2,524,1,38,5259.55263157895,5,5,0.820524840194024
5,2,525,1,362,551.162983425414,4.97237569060773,4.95027624309392,0.709196089835629
5,2,526,1,2160,91.4226851851852,4.90138888888889,4.74259259259259,0.578250610555738
5,2,527,1,9514,19.6747950388901,4.55371032163128,3.71589236914021,0.43892032756052
5,2,528,1,23121,6.54850568747027,3.70282427230656,2.60036330608538,0.343213574092953
5,2,529,1,23666,3.48985886926392,2.78002197244993,1.90936364404631,0.291231583421382
5,2,530,1,9202,2.48565529232775,2.27048467724408,1.58324277331015,0.272488561391517
5,2,531,1,1,199901,5,5,0.999095552298388
5,2,532,1,1,199901,5,5,0.99750376436336
5,2,533,1,1,199901,5,5,0.993306686809971
5,2,534,1,1,199901,5,5,0.9820871331309
5,2,535,1,1,199901,5,5,0.954694573814038
5,2,536,1,1,199901,5,5,0.896034537095862
5,2,537,1,118,1693.0593220339,5,4.99152542372881,0.779354379700752
5,2,538,1,1983,99.7191124558749,4.92637418053454,4.79878971255673,0.590860249671275
5,2,539,1,13629,13.2318585369433,4.376183138895,3.35835351089588,0.405909217700176
5,2,540,1,26756,4.25123336821648,3.1048736731948,2.13017640902975,0.307947484578115
5,2,541,1,1,199901,5,5,0.999998999504755
5,2,542,1,1,199901,5,5,0.999994997523774
5,2,543,1,1,199901,5,5,0.999992996533284
5,2,544,1,1,199901,5,5,0.999899950475485
5,2,545,1,1,199901,5,5,0.999492748910711
5,2,546,1,1,199901,5,5,0.99668736024332
5,2,547,1,1,199901,5,5,0.983169668986148
5,2,548,1,1,199901,5,5,0.930562628501108
5,2,549,1,78,2561.84615384615,5,5,0.787796499869133
5,2,550,1,3812,51.3260755508919,4.85283315844701,4.51731374606506,0.534523205313618
5,2,551,1,1,199901,5,5,1
5,2,552,1,1,199901,5,5,1
5,2,553,1,1,199901,5,5,1
5,2,554,1,1,199901,5,5,1
5,2,555,1,1,199901,5,5,1
5,2,556,1,1,199901,5,5,0.999996998514264
5,2,557,1,1,199901,5,5,0.999981991085587
5,2,558,1,1,199901,5,5,0.999330668680997
5,2,559,1,1,199901,5,5,0.990117107968444
5,2,560,1,1,199901,5,5,0.928543629096403
5,2,561,1,1,199901,5,5,1
5,2,562,1,1,199901,5,5,1
5,2,563,1,1,199901,5,5,1
5,2,564,1,1,199901,5,5,1
5,2,565,1,1,199901,5,5,1
5,2,566,1,1,199901,5,5,1
5,2,567,1,1,199901,5,5,1
5,2,568,1,1,199901,5,5,1
5,2,569,1,1,199901,5,5,0.999993997028529
5,2,570,1,1,199901,5,5,0.999539772187233
5,2,571,1,1,199901,5,5,1
5,2,572,1,1,199901,5,5,1
5,2,573,1,1,199901,5,5,1
5,2,574,1,1,199901,5,5,1
5,2,575,1,1,199901,5,5,1
5,2,576,1,1,199901,5,5,1
5,2,577,1,1,199901,5,5,1
5,2,578,1,1,199901,5,5,1
5,2,579,1,1,199901,5,5,1
5,2,580,1,1,199901,5,5,1
5,2,581,1,1,199901,5,5,1
5,2,582,1,1,199901,5,5,1
5,2,583,1,1,199901,5,5,1
5,2,584,1,1,199901,5,5,1
5,2,585,1,1,199901,5,5,1
5,2,586,1,1,199901,5,5,1
5,2,587,1,1,199901,5,5,1
5,2,588,1,1,199901,5,5,1
5,2,589,1,1,199901,5,5,1
5,2,590,1,1,199901,5,5,1
5,2,591,1,1,199901,5,5,1
5,2,592,1,1,199901,5,5,1
5,2,593,1,1,199901,5,5,1
5,2,594,1,1,199901,5,5,1
5,2,595,1,1,199901,5,5,1
5,2,596,1,1,199901,5,5,1
5,2,597,1,1,199901,5,5,1
5,2,598,1,1,199901,5,5,1
5,2,599,1,1,199901,5,5,1
5,2,600,1,1,199901,5,5,1
5,2,601,1,3682,52.4269418794134,4.70695274307442,4.2992938620315,0.496327853919846
5,2,602,1,7084,26.1753246753247,4.44438170525127,3.73108413325805,0.432502558882987
5,2,603,1,11789,14.6288065145475,4.09415556875053,3.17567223683094,0.380383122694123
5,2,604,1,16961,8.98408112729202,3.67578562584753,2.7069158658098,0.341481074538251
5,2,605,1,20797,5.82516709140741,3.2019522046449,2.30124537192864,0.311571579292512
5,2,606,1,20163,4.06730149283341,2.76313048653474,1.97668997668998,0.289797390763396
5,2,607,1,13858,3.04712079665175,2.42740655217203,1.72564583634002,0.276002944486365
5,2,608,1,6226,2.47028589784774,2.20462576292965,1.54416961130742,0.266509810370234
5,2,609,1,1566,2.14431673052363,2.09195402298851,1.44572158365262,0.263952745849298
5,2,610,1,231,1.95670995670996,2.02597402597403,1.38528138528139,0.25959595959596
5,2,611,1,101,1978.06930693069,5,5,0.783397145056088
5,2,612,1,414,481.62077294686,4.98550724637681,4.97342995169082,0.700241659330645
5,2,613,1,1433,138.287508722959,4.93021632937893,4.84298674110258,0.606424228770939
5,2,614,1,4131,47.0534979423868,4.79399661099008,4.39772452190753,0.51081334432257
5,2,615,1,10100,18.2627722772277,4.46356435643564,3.59534653465347,0.423625386377059
5,2,616,1,19029,8.46760208103421,3.88475484786379,2.80923853066372,0.356173320243415
5,2,617,1,24755,4.77144011310846,3.16837002625732,2.20323167036962,0.309919109479039
5,2,618,1,19146,3.14556565340019,2.5808523973676,1.79651102057871,0.283857119199512
5,2,619,1,7556,2.41437268395977,2.23411858125993,1.56193753308629,0.271459042325241
5,2,620,1,1419,2.07822410147992,2.08597603946441,1.44820295983087,0.266913319238901
5,2,621,1,1,199901,5,5,0.962979674939095
5,2,622,1,2,99950,5,5,0.933346692174798
5,2,623,1,6,33316,5,5,0.886547623502615
5,2,624,1,62,3223.1935483871,5,5,0.814289906079784
5,2,625,1,344,580.05523255814,4.9796511627907,4.97674418604651,0.713038434832161
5,2,626,1,2171,90.9663749424228,4.91340396130815,4.75449101796407,0.577996385284186
5,2,627,1,9714,19.2559192917439,4.56619312332716,3.72421247683755,0.440545938254895
5,2,628,1,23018,6.60026935441828,3.70888000695108,2.59861847249978,0.341743955805398
5,2,629,1,23724,3.47167425392008,2.76580677794638,1.90870005058169,0.291898043806431
5,2,630,1,8901,2.46522862599708,2.26929558476576,1.57993483878216,0.272392589123294
5,2,631,1,1,199901,5,5,0.999093551307897
5,2,632,1,1,199901,5,5,0.99750376436336
5,2,633,1,1,199901,5,5,0.993202635304476
5,2,634,1,1,199901,5,5,0.982150164331344
5,2,635,1,1,199901,5,5,0.954818635224436
5,2,636,1,3,66633,5,5,0.894946396441187
5,2,637,1,102,1958.80392156863,5,5,0.779638096998208
5,2,638,1,1919,103.087024491923,4.94163626889005,4.80927566440855,0.59276462711842
5,2,639,1,13702,13.1649394249015,4.37739016202014,3.359144650416,0.406256628852313
5,2,640,1,26595,4.30460612897161,3.1232186501222,2.13235570595977,0.307903384384882
5,2,641,1,1,199901,5,5,1
5,2,642,1,1,199901,5,5,0.99999799900951
5,2,643,1,1,199901,5,5,0.999981991085587
5,2,644,1,1,199901,5,5,0.999920960875633
5,2,645,1,1,199901,5,5,0.999415710776834
5,2,646,1,1,199901,5,5,0.996743387977049
5,2,647,1,1,199901,5,5,0.983388777444835
5,2,648,1,1,199901,5,5,0.93040354975713
5,2,649,1,82,2436.82926829268,5,5,0.787105444854572
5,2,650,1,3756,52.1038338658147,4.87007454739084,4.56230031948882,0.537546237491603
5,2,651,1,1,199901,5,5,1
5,2,652,1,1,199901,5,5,1
5,2,653,1,1,199901,5,5,1
5,2,654,1,1,199901,5,5,1
5,2,655,1,1,199901,5,5,1
5,2,656,1,1,199901,5,5,0.999998999504755
5,2,657,1,1,199901,5,5,0.999969985142646
5,2,658,1,1,199901,5,5,0.999275641442514
5,2,659,1,1,199901,5,5,0.990368232274976
5,2,660,1,1,199901,5,5,0.928474594924488
5,2,661,1,1,199901,5,5,1
5,2,662,1,1,199901,5,5,1
5,2,663,1,1,199901,5,5,1
5,2,664,1,1,199901,5,5,1
5,2,665,1,1,199901,5,5,1
5,2,666,1,1,199901,5,5,1
5,2,667,1,1,199901,5,5,1
5,2,668,1,1,199901,5,5,1
5,2,669,1,1,199901,5,5,0.999994997523774
5,2,670,1,1,199901,5,5,0.999536770701497
5,2,671,1,1,199901,5,5,1
5,2,672,1,1,199901,5,5,1
5,2,673,1,1,199901,5,5,1
5,2,674,1,1,199901,5,5,1
5,2,675,1,1,199901,5,5,1
5,2,676,1,1,199901,5,5,1
5,2,677,1,1,199901,5,5,1
5,2,678,1,1,199901,5,5,1
5,2,679,1,1,199901,5,5,1
5,2,680,1,1,199901,5,5,1
5,2,681,1,1,199901,5,5,1
5,2,682,1,1,199901,5,5,1
5,2,683,1,1,199901,5,5,1
5,2,684,1,1,199901,5,5,1
5,2,685,1,1,199901,5,5,1
5,2,686,1,1,199901,5,5,1
5,2,687,1,1,199901,5,5,1
5,2,688,1,1,199901,5,5,1
5,2,689,1,1,199901,5,5,1
5,2,690,1,1,199901,5,5,1
5,2,691,1,1,199901,5,5,1
5,2,692,1,1,199901,5,5,1
5,2,693,1,1,199901,5,5,1
5,2,694,1,1,199901,5,5,1
5,2,695,1,1,199901,5,5,1
5,2,696,1,1,199901,5,5,1
5,2,697,1,1,199901,5,5,1
5,2,698,1,1,199901,5,5,1
5,2,699,1,1,199901,5,5,1
5,2,700,1,1,199901,5,5,1
5,3,1,1,5521,34.2086578518384,4.46513312805651,3.5595000905633,0.413052088325382
5,3,2,1,8903,20.277097607548,4.17926541615186,3.17241379310345,0.376645112793422
5,3,3,1,13399,12.4130158967087,3.84342115083215,2.81879244719755,0.346636658079384
5,3,4,1,17988,8.06854569713142,3.45408049810985,2.47470535912831,0.320912164256374
5,3,5,1,20906,5.49952166842055,3.05008131636851,2.15952358174687,0.29860332641914
5,3,6,1,19603,3.95796561750752,2.67770239249095,1.90419833698924,0.28345054686263
5,3,7,1,13265,3.01884658876743,2.38974745571052,1.69001130795326,0.272274595916932
5,3,8,1,5777,2.45836939588021,2.19837285788472,1.52812878656742,0.264986261886902
5,3,9,1,1487,2.10356422326833,2.0719569603228,1.42299932750504,0.262154225509975
5,3,10,1,213,1.95305164319249,2.04694835680751,1.38028169014085,0.261345852895149
5,3,11,1,222,899.288288288288,4.98648648648649,4.97747747747748,0.68822489011389
5,3,12,1,719,276.792767732962,4.9749652294854,4.92906815020862,0.623543351710407
5,3,13,1,1986,99.4189325276939,4.88721047331319,4.65659617321249,0.548671232014835
5,3,14,1,5085,37.9463126843658,4.72055063913471,4.11996066863323,0.473370461443771
5,3,15,1,11256,16.1815031982942,4.36709310589908,3.38965884861407,0.403237707266855
5,3,16,1,19746,8.02790438569837,3.78917249063101,2.69365947533678,0.345030834700931
5,3,17,1,25055,4.56316104569946,3.08956296148473,2.13494312512473,0.303745834494508
5,3,18,1,18673,3.11208697049215,2.54303004337814,1.77116692550742,0.281270688349358
5,3,19,1,7252,2.39878654164368,2.22035300606729,1.55501930501931,0.270533186247472
5,3,20,1,1373,2.06045156591406,2.07283321194465,1.44865258557902,0.267115111157354
5,3,21,1,1,199901,5,5,0.937125877309268
5,3,22,1,1,199901,5,5,0.902751862171775
5,3,23,1,10,19989.2,5,5,0.852227385887175
5,3,24,1,58,3445.55172413793,5,5,0.784577005765605
5,3,25,1,441,452.224489795918,4.99319727891156,4.97278911564626,0.686068919313599
5,3,26,1,2617,75.2529614061903,4.90447076805502,4.6824608330149,0.558009318594169
5,3,27,1,10169,18.3013078965483,4.52630543809617,3.6392958993018,0.430290328671422
5,3,28,1,23477,6.38463176726157,3.65992247731823,2.54295693657622,0.33784519505062
5,3,29,1,23551,3.44108530423337,2.74939493015159,1.88845484268184,0.289633862069995
5,3,30,1,8833,2.46235707007812,2.27748216913846,1.57987093852598,0.271769903430155
5,3,31,1,1,199901,5,5,0.998316166502419
5,3,32,1,1,199901,5,5,0.995732887779451
5,3,33,1,1,199901,5,5,0.989929014862357
5,3,34,1,1,199901,5,5,0.976086162650512
5,3,35,1,2,99950,5,5,0.945551930857857
5,3,36,1,2,99950,5,5,0.883443300530186
5,3,37,1,126,1585.51587301587,5,5,0.767798653842217
5,3,38,1,2132,92.6862101313321,4.90759849906191,4.76172607879925,0.582477568980181
5,3,39,1,14016,12.8120005707763,4.34738869863014,3.31785102739726,0.402469294316951
5,3,40,1,26694,4.22274668464824,3.09140630853375,2.11953997152918,0.306452583888547
5,3,41,1,1,199901,5,5,0.999998999504755
5,3,42,1,1,199901,5,5,0.999995998019019
5,3,43,1,1,199901,5,5,0.999983992076078
5,3,44,1,1,199901,5,5,0.99986393264666
5,3,45,1,1,199901,5,5,0.999224616185012
5,3,46,1,1,199901,5,5,0.996136087363245
5,3,47,1,1,199901,5,5,0.981044617085457
5,3,48,1,2,99950,5,5,0.926010009625029
5,3,49,1,86,2323.44186046512,5,5,0.78044535037212
5,3,50,1,3977,49.1423183303998,4.83907467940659,4.50867488056324,0.530568525593564
5,3,51,1,1,199901,5,5,1
5,3,52,1,1,199901,5,5,1
5,3,53,1,1,199901,5,5,1
5,3,54,1,1,199901,5,5,1
5,3,55,1,1,199901,5,5,1
5,3,56,1,1,199901,5,5,0.999998999504755
5,3,57,1,1,199901,5,5,0.999956978704459
5,3,58,1,1,199901,5,5,0.999202605289618
5,3,59,1,1,199901,5,5,0.98970790541318
5,3,60,1,2,99950,5,5,0.926845602056387
5,3,61,1,1,199901,5,5,1
5,3,62,1,1,199901,5,5,1
5,3,63,1,1,199901,5,5,1
5,3,64,1,1,199901,5,5,1
5,3,65,1,1,199901,5,5,1
5,3,66,1,1,199901,5,5,1
5,3,67,1,1,199901,5,5,1
5,3,68,1,1,199901,5,5,1
5,3,69,1,1,199901,5,5,0.999996998514264
5,3,70,1,1,199901,5,5,0.999524764758556
5,3,71,1,1,199901,5,5,1
5,3,72,1,1,199901,5,5,1
5,3,73,1,1,199901,5,5,1
5,3,74,1,1,199901,5,5,1
5,3,75,1,1,199901,5,5,1
5,3,76,1,1,199901,5,5,1
5,3,77,1,1,199901,5,5,1
5,3,78,1,1,199901,5,5,1
5,3,79,1,1,199901,5,5,1
5,3,80,1,1,199901,5,5,1
5,3,81,1,1,199901,5,5,1
5,3,82,1,1,199901,5,5,1
5,3,83,1,1,199901,5,5,1
5,3,84,1,1,199901,5,5,1
5,3,85,1,1,199901,5,5,1
5,3,86,1,1,199901,5,5,1
5,3,87,1,1,199901,5,5,1
5,3,88,1,1,199901,5,5,1
5,3,89,1,1,199901,5,5,1
5,3,90,1,1,199901,5,5,1
5,3,91,1,1,199901,5,5,1
5,3,92,1,1,199901,5,5,1
5,3,93,1,1,199901,5,5,1
5,3,94,1,1,199901,5,5,1
5,3,95,1,1,199901,5,5,1
5,3,96,1,1,199901,5,5,1
5,3,97,1,1,199901,5,5,1
5,3,98,1,1,199901,5,5,1
5,3,99,1,1,199901,5,5,1
5,3,100,1,1,199901,5,5,1
5,3,101,1,4736,40.265625,4.56820101351351,3.80004222972973,0.436018338371854
5,3,102,1,8188,22.2778456277479,4.28993649242794,3.36651196873473,0.394857422601601
5,3,103,1,12730,13.2864886095837,3.93723487824038,2.94257659073056,0.358511352620831
5,3,104,1,17645,8.39518277132332,3.54616038537829,2.56729951827713,0.329024020102946
5,3,105,1,20896,5.68587289433384,3.12074081163859,2.22793836140888,0.304387591977517
5,3,106,1,19674,4.03095455931687,2.72943986987903,1.9387516519264,0.28657887980673
5,3,107,1,13610,3.05268185157972,2.41903012490816,1.71109478324761,0.27384722396552
5,3,108,1,5970,2.4499162479062,2.20301507537688,1.54924623115578,0.267547712105501
5,3,109,1,1544,2.11787564766839,2.09650259067358,1.44235751295337,0.263991796200345
5,3,110,1,229,1.95633187772926,2.02620087336245,1.44978165938865,0.269286754002911
5,3,111,1,153,1305.44444444444,4.98039215686275,4.98039215686275,0.714804750403985
5,3,112,1,592,336.474662162162,4.96621621621622,4.93412162162162,0.645638317375384
5,3,113,1,1794,110.188963210702,4.9108138238573,4.75250836120401,0.571076939859691
5,3,114,1,4567,42.4138384059558,4.74315743376396,4.2406393693891,0.48779501979046
5,3,115,1,10758,17.0200780814278,4.41903699572411,3.48391894404164,0.411493141535949
5,3,116,1,19616,8.14238376835237,3.82417414355628,2.73684747145188,0.349364621274414
5,3,117,1,24864,4.64760296010296,3.13087194337194,2.16594272844273,0.307171768780719
5,3,118,1,18957,3.13657224244342,2.56406604420531,1.78614759719365,0.28206495011339
5,3,119,1,7370,2.41058344640434,2.22903663500678,1.5472184531886,0.269025683271952
5,3,120,1,1413,2.07077140835103,2.08492569002123,1.44302901627742,0.264837731270852
5,3,121,1,1,199901,5,5,0.94434845248398
5,3,122,1,2,99950,5,5,0.912509867892427
5,3,123,1,7,28556.4285714286,5,5,0.865698142423635
5,3,124,1,48,4163.58333333333,5,5,0.796144706847581
5,3,125,1,405,492.533333333333,4.98271604938272,4.95802469135803,0.696409249190285
5,3,126,1,2374,83.0897219882056,4.89005897219882,4.71103622577928,0.567563506460914
5,3,127,1,9911,18.8186863081425,4.55231560891938,3.68247401876703,0.43571307235464
5,3,128,1,23171,6.5463726209486,3.69090673686936,2.58016486124898,0.339752396050015
5,3,129,1,23426,3.47938188337744,2.76931614445488,1.91185008110646,0.291521292535576
5,3,130,1,9018,2.44533155910401,2.2696828565092,1.58139277001552,0.272625817788825
5,3,131,1,1,199901,5,5,0.998515265056203
5,3,132,1,1,199901,5,5,0.996294165611978
5,3,133,1,1,199901,5,5,0.990848469992646
5,3,134,1,1,199901,5,5,0.978347281904543
5,3,135,1,1,199901,5,5,0.94995922981876
5,3,136,1,5,39979.4,5,5,0.888171111211115
5,3,137,1,100,1998.01,5,5,0.773613214433262
5,3,138,1,2058,96.0534499514091,4.93002915451895,4.77745383867833,0.588478120654477
5,3,139,1,13997,12.8328927627349,4.36643566478531,3.32885618346789,0.403547812445922
5,3,140,1,26661,4.23765050073141,3.10565995273996,2.13502869359739,0.30835852873744
5,3,141,1,1,199901,5,5,0.999996998514264
5,3,142,1,1,199901,5,5,0.999994997523774
5,3,143,1,1,199901,5,5,0.999975988114116
5,3,144,1,1,199901,5,5,0.999874938094357
5,3,145,1,1,199901,5,5,0.999341674128694
5,3,146,1,1,199901,5,5,0.996197117573199
5,3,147,1,1,199901,5,5,0.98209113511188
5,3,148,1,2,99950,5,5,0.928681964837975
5,3,149,1,84,2378.7619047619,5,5,0.783198063682789
5,3,150,1,3878,50.4267663744198,4.84785972150593,4.52449716348633,0.532700852299786
5,3,151,1,1,199901,5,5,1
5,3,152,1,1,199901,5,5,1
5,3,153,1,1,199901,5,5,1
5,3,154,1,1,199901,5,5,1
5,3,155,1,1,199901,5,5,1
5,3,156,1,1,199901,5,5,0.999998999504755
5,3,157,1,1,199901,5,5,0.999971986133136
5,3,158,1,1,199901,5,5,0.99928464589972
5,3,159,1,1,199901,5,5,0.989923011890886
5,3,160,1,2,99950,5,5,0.927309790399209
5,3,161,1,1,199901,5,5,1
5,3,162,1,1,199901,5,5,1
5,3,163,1,1,199901,5,5,1
5,3,164,1,1,199901,5,5,1
5,3,165,1,1,199901,5,5,1
5,3,166,1,1,199901,5,5,1
5,3,167,1,1,199901,5,5,1
5,3,168,1,1,199901,5,5,1
5,3,169,1,1,199901,5,5,0.99999799900951
5,3,170,1,1,199901,5,5,0.999496750891691
5,3,171,1,1,199901,5,5,1
5,3,172,1,1,199901,5,5,1
5,3,173,1,1,199901,5,5,1
5,3,174,1,1,199901,5,5,1
5,3,175,1,1,199901,5,5,1
5,3,176,1,1,199901,5,5,1
5,3,177,1,1,199901,5,5,1
5,3,178,1,1,199901,5,5,1
5,3,179,1,1,199901,5,5,1
5,3,180,1,1,199901,5,5,1
5,3,181,1,1,199901,5,5,1
5,3,182,1,1,199901,5,5,1
5,3,183,1,1,199901,5,5,1
5,3,184,1,1,199901,5,5,1
5,3,185,1,1,199901,5,5,1
5,3,186,1,1,199901,5,5,1
5,3,187,1,1,199901,5,5,1
5,3,188,1,1,199901,5,5,1
5,3,189,1,1,199901,5,5,1
5,3,190,1,1,199901,5,5,1
5,3,191,1,1,199901,5,5,1
5,3,192,1,1,199901,5,5,1
5,3,193,1,1,199901,5,5,1
5,3,194,1,1,199901,5,5,1
5,3,195,1,1,199901,5,5,1
5,3,196,1,1,199901,5,5,1
5,3,197,1,1,199901,5,5,1
5,3,198,1,1,199901,5,5,1
5,3,199,1,1,199901,5,5,1
5,3,200,1,1,199901,5,5,1
5,3,201,1,4519,42.2936490373977,4.58397875636203,3.8951095375083,0.445882243957489
5,3,202,1,7908,23.208143651998,4.34382903388973,3.45713201820941,0.403291862798049
5,3,203,1,12510,13.5992805755396,3.98609112709832,3.00391686650679,0.364711829425596
5,3,204,1,17560,8.50444191343963,3.56623006833713,2.59755125284738,0.332337034657311
5,3,205,1,21110,5.64144954997631,3.12742775935576,2.23590715300805,0.305971034314522
5,3,206,1,19942,4.04934309497543,2.74731721993782,1.95035603249423,0.286857267296398
5,3,207,1,13733,3.03946697735382,2.41826257918882,1.71579407267167,0.274687041843163
5,3,208,1,5875,2.44340425531915,2.20459574468085,1.54451063829787,0.267419007092199
5,3,209,1,1549,2.13428018076178,2.08069722401549,1.42349903163331,0.260561652679148
5,3,210,1,224,1.91517857142857,2.03125,1.37946428571429,0.261979166666667
5,3,211,1,164,1217.68292682927,5,5,0.727746296532181
5,3,212,1,557,357.719928186715,4.95870736086176,4.92280071813285,0.655402377814734
5,3,213,1,1721,114.871005229518,4.91690877396862,4.77454968041836,0.579044728608731
5,3,214,1,4497,43.1034022681788,4.75294640871692,4.27373804758728,0.493321346367567
5,3,215,1,10424,17.6209708365311,4.4247889485802,3.50729086722947,0.413570733811825
5,3,216,1,19491,8.19947668154533,3.83931045097737,2.75275768303319,0.351347355150693
5,3,217,1,24895,4.68069893552922,3.15095400682868,2.18112070696927,0.307961120683406
5,3,218,1,18991,3.15781159496604,2.57390342793955,1.78716234005582,0.282312808909394
5,3,219,1,7443,2.41354292623942,2.23001477898697,1.55421201128577,0.269118455625912
5,3,220,1,1414,2.02263083451202,2.08981612446959,1.46888260254597,0.271504007543611
5,3,221,1,1,199901,5,5,0.947513018944377
5,3,222,1,2,99950,5,5,0.917628811453223
5,3,223,1,9,22210.3333333333,5,5,0.870493849848742
5,3,224,1,49,4078.63265306122,5,4.97959183673469,0.797948221412966
5,3,225,1,386,516.829015544041,4.97668393782383,4.95854922279793,0.702583225719478
5,3,226,1,2425,81.3035051546392,4.90639175257732,4.72494845360825,0.570899070199513
5,3,227,1,9724,19.2099958864665,4.56108597285068,3.69210201563143,0.436235972476664
5,3,228,1,23266,6.49011432992349,3.68683916444597,2.57839766182412,0.34077265233882
5,3,229,1,23605,3.44748993857234,2.77068417708113,1.91243380639695,0.292622803237034
5,3,230,1,9029,2.46084837745044,2.26614242994795,1.57702957138111,0.272156001417271
5,3,231,1,1,199901,5,5,0.998614314085472
5,3,232,1,1,199901,5,5,0.996452243860711
5,3,233,1,1,199901,5,5,0.991258673043156
5,3,234,1,1,199901,5,5,0.978953582023101
5,3,235,1,1,199901,5,5,0.950781636910271
5,3,236,1,6,33316,5,5,0.890215573792094
5,3,237,1,88,2270.59090909091,5,5,0.773998571258645
5,3,238,1,1988,99.478370221328,4.91599597585513,4.77162977867203,0.587836582783256
5,3,239,1,13902,12.9469141130773,4.37210473313192,3.3425406416343,0.405859415254962
5,3,240,1,26565,4.27890080933559,3.10991906644081,2.12557876905703,0.307513676514687
5,3,241,1,1,199901,5,5,1
5,3,242,1,1,199901,5,5,0.999993997028529
5,3,243,1,1,199901,5,5,0.999976988609362
5,3,244,1,1,199901,5,5,0.999870936113376
5,3,245,1,1,199901,5,5,0.999394700376686
5,3,246,1,1,199901,5,5,0.996389212660267
5,3,247,1,1,199901,5,5,0.982451313400133
5,3,248,1,3,66633,5,5,0.928433337494944
5,3,249,1,113,1768.02654867257,5,5,0.784648008356908
5,3,250,1,3798,51.5147446024223,4.86018957345972,4.53159557661927,0.534183669541531
5,3,251,1,1,199901,5,5,1
5,3,252,1,1,199901,5,5,1
5,3,253,1,1,199901,5,5,1
5,3,254,1,1,199901,5,5,1
5,3,255,1,1,199901,5,5,1
5,3,256,1,1,199901,5,5,1
5,3,257,1,1,199901,5,5,0.99996298167593
5,3,258,1,1,199901,5,5,0.999257632528101
5,3,259,1,1,199901,5,5,0.990040069834568
5,3,260,1,1,199901,5,5,0.927356041240414
5,3,261,1,1,199901,5,5,1
5,3,262,1,1,199901,5,5,1
5,3,263,1,1,199901,5,5,1
5,3,264,1,1,199901,5,5,1
5,3,265,1,1,199901,5,5,1
5,3,266,1,1,199901,5,5,1
5,3,267,1,1,199901,5,5,1
5,3,268,1,1,199901,5,5,1
5,3,269,1,1,199901,5,5,0.999994997523774
5,3,270,1,1,199901,5,5,0.999535770206252
5,3,271,1,1,199901,5,5,1
5,3,272,1,1,199901,5,5,1
5,3,273,1,1,199901,5,5,1
5,3,274,1,1,199901,5,5,1
5,3,275,1,1,199901,5,5,1
5,3,276,1,1,199901,5,5,1
5,3,277,1,1,199901,5,5,1
5,3,278,1,1,199901,5,5,1
5,3,279,1,1,199901,5,5,1
5,3,280,1,1,199901,5,5,1
5,3,281,1,1,199901,5,5,1
5,3,282,1,1,199901,5,5,1
5,3,283,1,1,199901,5,5,1
5,3,284,1,1,199901,5,5,1
5,3,285,1,1,199901,5,5,1
5,3,286,1,1,199901,5,5,1
5,3,287,1,1,199901,5,5,1
5,3,288,1,1,199901,5,5,1
5,3,289,1,1,199901,5,5,1
5,3,290,1,1,199901,5,5,1
5,3,291,1,1,199901,5,5,1
5,3,292,1,1,199901,5,5,1
5,3,293,1,1,199901,5,5,1
5,3,294,1,1,199901,5,5,1
5,3,295,1,1,199901,5,5,1
5,3,296,1,1,199901,5,5,1
5,3,297,1,1,199901,5,5,1
5,3,298,1,1,199901,5,5,1
5,3,299,1,1,199901,5,5,1
5,3,300,1,1,199901,5,5,1
5,3,301,1,4419,43.3272233536999,4.61484498755375,3.96447159990948,0.453340197116242
5,3,302,1,7761,23.6829016879268,4.36528797835331,3.50766653781729,0.408582150232762
5,3,303,1,12333,13.8345090407849,4.00243249817563,3.03900105408254,0.367297210683944
5,3,304,1,17352,8.63462425080682,3.60298524665745,2.62995620101429,0.334951222145305
5,3,305,1,20785,5.76069280731297,3.15044503247534,2.25691604522492,0.306625235560978
5,3,306,1,19877,4.05619560295819,2.75509382703627,1.9579413392363,0.288197215144076
5,3,307,1,13881,3.06152294503278,2.4187738635545,1.71810388300555,0.275386670897801
5,3,308,1,6119,2.45889851282889,2.20379146919431,1.54306259192679,0.266915579109565
5,3,309,1,1512,2.13161375661376,2.10119047619048,1.45039682539683,0.264495149911817
5,3,310,1,256,1.93359375,2.01171875,1.421875,0.267994791666667
5,3,311,1,138,1447.38405797101,5,5,0.736275322456637
5,3,312,1,525,379.573333333333,4.96571428571429,4.93714285714286,0.663409711366794
5,3,313,1,1608,123.060945273632,4.88992537313433,4.7636815920398,0.57812230762596
5,3,314,1,4451,43.5657155695349,4.76589530442597,4.30128061109863,0.49709088393682
5,3,315,1,10335,17.7919690372521,4.45457184325109,3.53062409288824,0.41792586594912
5,3,316,1,19326,8.30420159370796,3.85594535858429,2.76347925075028,0.351698524981837
5,3,317,1,24927,4.71548922854736,3.15533357403619,2.1851406105829,0.307705029151937
5,3,318,1,19076,3.14609981128119,2.5666806458377,1.79461102956595,0.283345493659532
5,3,319,1,7553,2.40857937243479,2.22057460611677,1.5538196743016,0.27047917467883
5,3,320,1,1468,2.08378746594005,2.09400544959128,1.44005449591281,0.265699364214351
5,3,321,1,1,199901,5,5,0.950327412068974
5,3,322,1,1,199901,5,5,0.919113961410898
5,3,323,1,6,33316,5,5,0.873613358300345
5,3,324,1,50,3996.98,5,5,0.804745230076856
5,3,325,1,384,519.510416666667,4.97135416666667,4.95572916666667,0.702071511899523
5,3,326,1,2321,84.9866436880655,4.90435157259802,4.73890564411891,0.570439994149259
5,3,327,1,9799,19.0560261251148,4.56352689049903,3.71752219614246,0.437720778902195
5,3,328,1,22980,6.6088772845953,3.70352480417755,2.58455178416014,0.340835598237756
5,3,329,1,23528,3.4668055083305,2.76759605576335,1.9095545732744,0.291948111976464
5,3,330,1,8943,2.47836296544784,2.26713630772671,1.57911215475791,0.270758889997401
5,3,331,1,1,199901,5,5,0.998706359648026
5,3,332,1,1,199901,5,5,0.996641337462044
5,3,333,1,1,199901,5,5,0.991699891446266
5,3,334,1,1,199901,5,5,0.979492848960235
5,3,335,1,1,199901,5,5,0.951430958324371
5,3,336,1,4,49974.5,5,5,0.891668303095558
5,3,337,1,113,1768.00884955752,4.98230088495575,4.9646017699115,0.769333080088212
5,3,338,1,1988,99.4763581488934,4.9330985915493,4.81539235412475,0.590355179929243
5,3,339,1,13866,12.9796624837733,4.3650656281552,3.33766046444541,0.40459749631377
5,3,340,1,26650,4.28416510318949,3.11651031894934,2.13290806754221,0.308285208210136
5,3,341,1,1,199901,5,5,0.999998999504755
5,3,342,1,1,199901,5,5,0.999998999504755
5,3,343,1,1,199901,5,5,0.999969985142646
5,3,344,1,1,199901,5,5,0.99989494799926
5,3,345,1,1,199901,5,5,0.999378692452764
5,3,346,1,1,199901,5,5,0.996431233460563
5,3,347,1,1,199901,5,5,0.982449312409643
5,3,348,1,1,199901,5,5,0.929531117903362
5,3,349,1,80,2497.775,5,5,0.787089268602055
5,3,350,1,3973,49.1867606342814,4.8323684872892,4.49660206393154,0.530960644877624
5,3,351,1,1,199901,5,5,1
5,3,352,1,1,199901,5,5,1
5,3,353,1,1,199901,5,5,1
5,3,354,1,1,199901,5,5,1
5,3,355,1,1,199901,5,5,0.999998999504755
5,3,356,1,1,199901,5,5,0.999998999504755
5,3,357,1,1,199901,5,5,0.999963982171175
5,3,358,1,1,199901,5,5,0.999301654318888
5,3,359,1,1,199901,5,5,0.990185141645114
5,3,360,1,1,199901,5,5,0.928326521628206
5,3,361,1,1,199901,5,5,1
5,3,362,1,1,199901,5,5,1
5,3,363,1,1,199901,5,5,1
5,3,364,1,1,199901,5,5,1
5,3,365,1,1,199901,5,5,1
5,3,366,1,1,199901,5,5,1
5,3,367,1,1,199901,5,5,1
5,3,368,1,1,199901,5,5,1
5,3,369,1,1,199901,5,5,0.999992996533284
5,3,370,1,1,199901,5,5,0.999540772682478
5,3,371,1,1,199901,5,5,1
5,3,372,1,1,199901,5,5,1
5,3,373,1,1,199901,5,5,1
5,3,374,1,1,199901,5,5,1
5,3,375,1,1,199901,5,5,1
5,3,376,1,1,199901,5,5,1
5,3,377,1,1,199901,5,5,1
5,3,378,1,1,199901,5,5,1
5,3,379,1,1,199901,5,5,1
5,3,380,1,1,199901,5,5,1
5,3,381,1,1,199901,5,5,1
5,3,382,1,1,199901,5,5,1
5,3,383,1,1,199901,5,5,1
5,3,384,1,1,199901,5,5,1
5,3,385,1,1,199901,5,5,1
5,3,386,1,1,199901,5,5,1
5,3,387,1,1,199901,5,5,1
5,3,388,1,1,199901,5,5,1
5,3,389,1,1,199901,5,5,1
5,3,390,1,1,199901,5,5,1
5,3,391,1,1,199901,5,5,1
5,3,392,1,1,199901,5,5,1
5,3,393,1,1,199901,5,5,1
5,3,394,1,1,199901,5,5,1
5,3,395,1,1,199901,5,5,1
5,3,396,1,1,199901,5,5,1
5,3,397,1,1,199901,5,5,1
5,3,398,1,1,199901,5,5,1
5,3,399,1,1,199901,5,5,1
5,3,400,1,1,199901,5,5,1
5,3,401,1,4157,46.1460187635314,4.63627616069281,4.01900408948761,0.459002801655423
5,3,402,1,7518,24.524740622506,4.39318967810588,3.54761904761905,0.411642900383058
5,3,403,1,12233,13.9635412409057,4.01495953568217,3.05125480258318,0.368734181638649
5,3,404,1,17338,8.6401545737686,3.60935517360711,2.62856154112354,0.334786033666515
5,3,405,1,20960,5.73540076335878,3.16922709923664,2.26574427480916,0.307772744815931
5,3,406,1,20074,4.03307761283252,2.74434592009565,1.94888911029192,0.287764889101291
5,3,407,1,13546,3.06592351985826,2.43038535360992,1.72346080023623,0.275029069885116
5,3,408,1,6116,2.47253106605625,2.21075866579464,1.55935251798561,0.268125006488316
5,3,409,1,1578,2.11660329531052,2.0830164765526,1.44866920152091,0.264503591043515
5,3,410,1,207,2.02898550724638,2.05797101449275,1.40096618357488,0.260499194847021
5,3,411,1,117,1707.4358974359,5,5,0.743696415235036
5,3,412,1,504,395.424603174603,4.97420634920635,4.95436507936508,0.66922355098174
5,3,413,1,1560,126.914102564103,4.91794871794872,4.79487179487179,0.585446406819024
5,3,414,1,4336,44.7640682656827,4.76314575645756,4.31042435424354,0.498940626752091
5,3,415,1,10385,17.6759749638902,4.42898411169957,3.53307655272027,0.417182129127112
5,3,416,1,19287,8.32311919946078,3.85596515787836,2.76735625032405,0.351486555769203
5,3,417,1,24827,4.70008458533049,3.15555645063842,2.18882668062996,0.308614462298513
5,3,418,1,19120,3.13880753138075,2.57327405857741,1.79733263598326,0.282987799681176
5,3,419,1,7488,2.43616452991453,2.23811431623932,1.55769230769231,0.269181643009768
5,3,420,1,1447,2.04837595024188,2.08154803040774,1.46302695231513,0.269826241484845
5,3,421,1,1,199901,5,5,0.951527005867905
5,3,422,1,1,199901,5,5,0.920546670601948
5,3,423,1,7,28556.4285714286,5,5,0.874513889608162
5,3,424,1,66,3027.80303030303,5,5,0.804569112698247
5,3,425,1,407,490.100737100737,4.98280098280098,4.97788697788698,0.704411559366529
5,3,426,1,2308,85.4956672443674,4.89168110918544,4.72140381282496,0.572302794812186
5,3,427,1,9722,19.2137420283892,4.55595556469862,3.70921621065624,0.437260462705842
5,3,428,1,23004,6.60767692575204,3.7047904712224,2.59598330725091,0.341874300988486
5,3,429,1,23619,3.47952919259918,2.77653583979,1.91138490198569,0.291585882390894
5,3,430,1,9048,2.46153846153846,2.2724358974359,1.58123342175066,0.272748395442361
5,3,431,1,1,199901,5,5,0.998688350733613
5,3,432,1,1,199901,5,5,0.996722377576901
5,3,433,1,1,199901,5,5,0.991719901351169
5,3,434,1,1,199901,5,5,0.979856028734223
5,3,435,1,1,199901,5,5,0.952124301529257
5,3,436,1,3,66633,5,5,0.890025759454175
5,3,437,1,102,1958.8137254902,5,5,0.773966824049138
5,3,438,1,1985,99.6171284634761,4.91738035264484,4.78790931989924,0.5911258750883
5,3,439,1,13854,12.9878735383283,4.36675328425004,3.34488234444926,0.405197887302535
5,3,440,1,26494,4.30467275609572,3.12829319846003,2.13980523892202,0.308111341231976
5,3,441,1,1,199901,5,5,0.999998999504755
5,3,442,1,1,199901,5,5,0.999996998514264
5,3,443,1,1,199901,5,5,0.999973987123626
5,3,444,1,1,199901,5,5,0.999902951961221
5,3,445,1,1,199901,5,5,0.999373689976538
5,3,446,1,1,199901,5,5,0.99647925723233
5,3,447,1,1,199901,5,5,0.982214196027033
5,3,448,1,1,199901,5,5,0.929411058473945
5,3,449,1,89,2245.06741573034,5,5,0.783070548257964
5,3,450,1,3867,50.5627101111973,4.86139125937419,4.53064391000776,0.534265571405281
5,3,451,1,1,199901,5,5,1
5,3,452,1,1,199901,5,5,1
5,3,453,1,1,199901,5,5,1
5,3,454,1,1,199901,5,5,1
5,3,455,1,1,199901,5,5,1
5,3,456,1,1,199901,5,5,0.999998999504755
5,3,457,1,1,199901,5,5,0.999973987123626
5,3,458,1,1,199901,5,5,0.999314660757075
5,3,459,1,1,199901,5,5,0.990086092615845
5,3,460,1,1,199901,5,5,0.927860290843968
5,3,461,1,1,199901,5,5,1
5,3,462,1,1,199901,5,5,1
5,3,463,1,1,199901,5,5,1
5,3,464,1,1,199901,5,5,1
5,3,465,1,1,199901,5,5,1
5,3,466,1,1,199901,5,5,1
5,3,467,1,1,199901,5,5,1
5,3,468,1,1,199901,5,5,1
5,3,469,1,1,199901,5,5,0.999995998019019
5,3,470,1,1,199901,5,5,0.999568786549342
5,3,471,1,1,199901,5,5,1
5,3,472,1,1,199901,5,5,1
5,3,473,1,1,199901,5,5,1
5,3,474,1,1,199901,5,5,1
5,3,475,1,1,199901,5,5,1
5,3,476,1,1,199901,5,5,1
5,3,477,1,1,199901,5,5,1
5,3,478,1,1,199901,5,5,1
5,3,479,1,1,199901,5,5,1
5,3,480,1,1,199901,5,5,1
5,3,481,1,1,199901,5,5,1
5,3,482,1,1,199901,5,5,1
5,3,483,1,1,199901,5,5,1
5,3,484,1,1,199901,5,5,1
5,3,485,1,1,199901,5,5,1
5,3,486,1,1,199901,5,5,1
5,3,487,1,1,199901,5,5,1
5,3,488,1,1,199901,5,5,1
5,3,489,1,1,199901,5,5,1
5,3,490,1,1,199901,5,5,1
5,3,491,1,1,199901,5,5,1
5,3,492,1,1,199901,5,5,1
5,3,493,1,1,199901,5,5,1
5,3,494,1,1,199901,5,5,1
5,3,495,1,1,199901,5,5,1
5,3,496,1,1,199901,5,5,1
5,3,497,1,1,199901,5,5,1
5,3,498,1,1,199901,5,5,1
5,3,499,1,1,199901,5,5,1
5,3,500,1,1,199901,5,5,1
5,3,501,1,4128,46.5033914728682,4.62790697674419,4.03972868217054,0.462808279278623
5,3,502,1,7615,24.1813525935653,4.3666447800394,3.54747209455023,0.41248604153198
5,3,503,1,12198,14.0422200360715,4.02811936383014,3.07263485817347,0.370017223282124
5,3,504,1,17291,8.71505407437395,3.61610086171997,2.64559597478457,0.335274670504586
5,3,505,1,20857,5.75413530229659,3.15611065829218,2.25578942321523,0.307426754963054
5,3,506,1,20061,4.04321818453716,2.73720153531728,1.95698120731768,0.288323737156584
5,3,507,1,13756,3.04957836580401,2.42134341378308,1.71459726664728,0.274148870540235
5,3,508,1,5982,2.44968238047476,2.20310932798395,1.54931461049816,0.267880174916283
5,3,509,1,1555,2.10610932475884,2.08102893890675,1.44694533762058,0.265479099678457
5,3,510,1,231,2.04329004329004,2.02597402597403,1.38528138528139,0.260606060606061
5,3,511,1,109,1832.79816513761,5,5,0.746103128639537
5,3,512,1,486,410.150205761317,4.98559670781893,4.97119341563786,0.673653647808312
5,3,513,1,1542,128.40402075227,4.90791180285344,4.78210116731517,0.587019562904084
5,3,514,1,4426,43.8221870763669,4.77790329868956,4.32399457749661,0.500674957616951
5,3,515,1,10296,17.8677156177156,4.44590132090132,3.55856643356643,0.419106109926769
5,3,516,1,19198,8.37535159912491,3.86123554536931,2.77883112824253,0.35281287204783
5,3,517,1,24958,4.70678740283677,3.14917060661912,2.18362849587307,0.30853086063635
5,3,518,1,19131,3.12660080497622,2.57106267314829,1.79169933615598,0.283355853918538
5,3,519,1,7335,2.4359918200409,2.24771642808453,1.56482617586912,0.270430403951876
5,3,520,1,1539,2.04938271604938,2.0688758934373,1.43014944769331,0.263799003682045
5,3,521,1,1,199901,5,5,0.952776624429092
5,3,522,1,2,99950,5,5,0.922277952387939
5,3,523,1,8,24986.75,5,5,0.875889489235412
5,3,524,1,47,4252.1914893617,5,5,0.806436541315634
5,3,525,1,380,524.93947368421,4.97631578947368,4.96842105263158,0.704600581729444
5,3,526,1,2276,86.7104569420035,4.90114235500879,4.73066783831283,0.572237306333378
5,3,527,1,9750,19.1530256410256,4.55774358974359,3.70953846153846,0.437172301356832
5,3,528,1,23013,6.5858427845131,3.69304306261678,2.58831964541781,0.341086110339883
5,3,529,1,23689,3.47114694583984,2.77381907214319,1.91409514964752,0.292781141581388
5,3,530,1,9049,2.44999447452757,2.25726599624268,1.57586473643497,0.271519268111709
5,3,531,1,1,199901,5,5,0.998727370048174
5,3,532,1,1,199901,5,5,0.996737385005578
5,3,533,1,1,199901,5,5,0.991834958304361
5,3,534,1,1,199901,5,5,0.980200199098554
5,3,535,1,1,199901,5,5,0.952492483779471
5,3,536,1,6,33316,5,5,0.892326821554546
5,3,537,1,101,1978.20792079208,4.99009900990099,4.98019801980198,0.772871302533804
5,3,538,1,1911,103.536368393511,4.91575091575092,4.77289377289377,0.588945705289299
5,3,539,1,13767,13.0836783612988,4.36413161908913,3.34139609210431,0.404261403387689
5,3,540,1,26636,4.27973419432347,3.12197777444061,2.13380387445562,0.307717863423264
5,3,541,1,1,199901,5,5,0.999998999504755
5,3,542,1,1,199901,5,5,0.999993997028529
5,3,543,1,1,199901,5,5,0.999970985637891
5,3,544,1,1,199901,5,5,0.999897949484995
5,3,545,1,1,199901,5,5,0.999389697900461
5,3,546,1,1,199901,5,5,0.996641337462044
5,3,547,1,1,199901,5,5,0.982495335190919
5,3,548,1,1,199901,5,5,0.928976843537551
5,3,549,1,85,2350.77647058824,5,5,0.784921411621666
5,3,550,1,3753,52.136690647482,4.85744737543299,4.53343991473488,0.533704248871062
5,3,551,1,1,199901,5,5,1
5,3,552,1,1,199901,5,5,1
5,3,553,1,1,199901,5,5,1
5,3,554,1,1,199901,5,5,1
5,3,555,1,1,199901,5,5,1
5,3,556,1,1,199901,5,5,1
5,3,557,1,1,199901,5,5,0.999967984152155
5,3,558,1,1,199901,5,5,0.999295651347417
5,3,559,1,1,199901,5,5,0.989944022291034
5,3,560,1,1,199901,5,5,0.928128423569667
5,3,561,1,1,199901,5,5,1
5,3,562,1,1,199901,5,5,1
5,3,563,1,1,199901,5,5,1
5,3,564,1,1,199901,5,5,1
5,3,565,1,1,199901,5,5,1
5,3,566,1,1,199901,5,5,1
5,3,567,1,1,199901,5,5,1
5,3,568,1,1,199901,5,5,1
5,3,569,1,1,199901,5,5,0.999995998019019
5,3,570,1,1,199901,5,5,0.999549777139684
5,3,571,1,1,199901,5,5,1
5,3,572,1,1,199901,5,5,1
5,3,573,1,1,199901,5,5,1
5,3,574,1,1,199901,5,5,1
5,3,575,1,1,199901,5,5,1
5,3,576,1,1,199901,5,5,1
5,3,577,1,1,199901,5,5,1
5,3,578,1,1,199901,5,5,1
5,3,579,1,1,199901,5,5,1
5,3,580,1,1,199901,5,5,1
5,3,581,1,1,199901,5,5,1
5,3,582,1,1,199901,5,5,1
5,3,583,1,1,199901,5,5,1
5,3,584,1,1,199901,5,5,1
5,3,585,1,1,199901,5,5,1
5,3,586,1,1,199901,5,5,1
5,3,587,1,1,199901,5,5,1
5,3,588,1,1,199901,5,5,1
5,3,589,1,1,199901,5,5,1
5,3,590,1,1,199901,5,5,1
5,3,591,1,1,199901,5,5,1
5,3,592,1,1,199901,5,5,1
5,3,593,1,1,199901,5,5,1
5,3,594,1,1,199901,5,5,1
5,3,595,1,1,199901,5,5,1
5,3,596,1,1,199901,5,5,1
5,3,597,1,1,199901,5,5,1
5,3,598,1,1,199901,5,5,1
5,3,599,1,1,199901,5,5,1
5,3,600,1,1,199901,5,5,1
5,3,601,1,4153,46.2046713219359,4.64531663857452,4.06091981699976,0.463683320330042
5,3,602,1,7654,24.0672850796969,4.37326887901751,3.5495165926313,0.41295295231599
5,3,603,1,12075,14.2358592132505,4.0391718426501,3.0872049689441,0.370949275608711
5,3,604,1,17198,8.75183160832655,3.62425863472497,2.64530759390627,0.335913164753817
5,3,605,1,20901,5.75321754939955,3.16707334577293,2.26247547964212,0.307530303734098
5,3,606,1,20105,4.02491917433474,2.74061178811241,1.95334493906988,0.288277667117142
5,3,607,1,13936,3.03652411021814,2.42243111366246,1.71519804822044,0.275054105047109
5,3,608,1,6085,2.44798685291701,2.21314708299096,1.55628594905505,0.268917295978923
5,3,609,1,1622,2.08138101109741,2.07829839704069,1.44081381011097,0.265283600493218
5,3,610,1,229,1.96943231441048,2.02620087336245,1.34497816593886,0.258660844250364
5,3,611,1,116,1722.1724137931,5,5,0.748473732020294
5,3,612,1,487,409.287474332649,4.96303901437372,4.94250513347023,0.670559345807703
5,3,613,1,1545,128.138511326861,4.91650485436893,4.79741100323625,0.589829923543327
5,3,614,1,4340,44.734331797235,4.76635944700461,4.31658986175115,0.500746630932024
5,3,615,1,10237,17.9740158249487,4.44153560613461,3.55055191950767,0.41856780861376
5,3,616,1,19224,8.36267166042447,3.86059092800666,2.77866208905535,0.352688583980227
5,3,617,1,24972,4.67839980778472,3.15209034118212,2.18676918148326,0.308775298568757
5,3,618,1,19151,3.13957495692131,2.5712495431048,1.79035037334865,0.282896816108659
5,3,619,1,7339,2.43589044828996,2.24662760594086,1.56996866058046,0.270922233056039
5,3,620,1,1436,2.0591922005571,2.07311977715877,1.43523676880223,0.265879758588672
5,3,621,1,1,199901,5,5,0.953103786374255
5,3,622,1,1,199901,5,5,0.922661717550187
5,3,623,1,5,39979.2,5,5,0.878717884922232
5,3,624,1,37,5401.75675675676,5,5,0.810006592066374
5,3,625,1,338,590.384615384615,4.97041420118343,4.96449704142012,0.705907994191713
5,3,626,1,2336,84.4392123287671,4.89469178082192,4.70890410958904,0.571035921521761
5,3,627,1,9791,19.0752732100909,4.55142477785722,3.70462669798795,0.437997831751713
5,3,628,1,23019,6.59407446022851,3.70155089274078,2.59416134497589,0.341986072901453
5,3,629,1,23561,3.45269725393659,2.76698781885319,1.90437587538729,0.29173593525929
5,3,630,1,8920,2.44921524663677,2.26838565022422,1.58150224215247,0.272221670581536
5,3,631,1,1,199901,5,5,0.998758385400773
5,3,632,1,1,199901,5,5,0.996875453349408
5,3,633,1,1,199901,5,5,0.992261169278793
5,3,634,1,1,199901,5,5,0.980447321424105
5,3,635,1,1,199901,5,5,0.951865173260764
5,3,636,1,2,99950,5,5,0.892159415635505
5,3,637,1,114,1752.52631578947,4.98245614035088,4.97368421052632,0.773507697984416
5,3,638,1,2008,98.4631474103586,4.90737051792829,4.78037848605578,0.59094839894274
5,3,639,1,13680,13.1776315789474,4.36520467836257,3.34261695906433,0.403687633496845
5,3,640,1,26556,4.2978611236632,3.11827835517397,2.13398102123814,0.308342237186402
5,3,641,1,1,199901,5,5,1
5,3,642,1,1,199901,5,5,0.999996998514264
5,3,643,1,1,199901,5,5,0.999977989104607
5,3,644,1,1,199901,5,5,0.999906953942202
5,3,645,1,1,199901,5,5,0.999369687995558
5,3,646,1,1,199901,5,5,0.996528281499342
5,3,647,1,1,199901,5,5,0.982580377286757
5,3,648,1,1,199901,5,5,0.929832266972151
5,3,649,1,84,2378.78571428571,5,5,0.78552598407261
5,3,650,1,3912,49.97418200409,4.84764826175869,4.52786298568507,0.534625008143172
5,3,651,1,1,199901,5,5,1
5,3,652,1,1,199901,5,5,1
5,3,653,1,1,199901,5,5,1
5,3,654,1,1,199901,5,5,1
5,3,655,1,1,199901,5,5,1
5,3,656,1,1,199901,5,5,0.999996998514264
5,3,657,1,1,199901,5,5,0.999972986628381
5,3,658,1,1,199901,5,5,0.999281644413985
5,3,659,1,1,199901,5,5,0.990084091625355
5,3,660,1,2,99950,5,5,0.928307321597221
5,3,661,1,1,199901,5,5,1
5,3,662,1,1,199901,5,5,1
5,3,663,1,1,199901,5,5,1
5,3,664,1,1,199901,5,5,1
5,3,665,1,1,199901,5,5,1
5,3,666,1,1,199901,5,5,1
5,3,667,1,1,199901,5,5,1
5,3,668,1,1,199901,5,5,1
5,3,669,1,1,199901,5,5,0.999993997028529
5,3,670,1,1,199901,5,5,0.999533769215762
5,3,671,1,1,199901,5,5,1
5,3,672,1,1,199901,5,5,1
5,3,673,1,1,199901,5,5,1
5,3,674,1,1,199901,5,5,1
5,3,675,1,1,199901,5,5,1
5,3,676,1,1,199901,5,5,1
5,3,677,1,1,199901,5,5,1
5,3,678,1,1,199901,5,5,1
5,3,679,1,1,199901,5,5,1
5,3,680,1,1,199901,5,5,1
5,3,681,1,1,199901,5,5,1
5,3,682,1,1,199901,5,5,1
5,3,683,1,1,199901,5,5,1
5,3,684,1,1,199901,5,5,1
5,3,685,1,1,199901,5,5,1
5,3,686,1,1,199901,5,5,1
5,3,687,1,1,199901,5,5,1
5,3,688,1,1,199901,5,5,1
5,3,689,1,1,199901,5,5,1
5,3,690,1,1,199901,5,5,1
5,3,691,1,1,199901,5,5,1
5,3,692,1,1,199901,5,5,1
5,3,693,1,1,199901,5,5,1
5,3,694,1,1,199901,5,5,1
5,3,695,1,1,199901,5,5,1
5,3,696,1,1,199901,5,5,1
5,3,697,1,1,199901,5,5,1
5,3,698,1,1,199901,5,5,1
5,3,699,1,1,199901,5,5,1
5,3,700,1,1,199901,5,5,1
