5,1,1,1,0.0194946498516766,0
5,1,2,1,0.00841416501168078,0
5,1,3,1,0.00348172345310929,0
5,1,4,1,0.00108053486475806,0
5,1,5,1,0.000350173335801222,0
5,1,6,1,4.00198098058539e-05,0
5,1,7,1,0,0
5,1,8,1,0,0
5,1,9,1,0,0
5,1,10,1,0,0
5,1,11,1,0.23466115727285,0
5,1,12,1,0.140359477941581,0
5,1,13,1,0.0721507146037288,0
5,1,14,1,0.0323560162280329,0
5,1,15,1,0.00934462558966689,0
5,1,16,1,0.00190594344200379,0
5,1,17,1,0.000275136192415246,0
5,1,18,1,1.00049524514635e-05,0
5,1,19,1,0,0
5,1,20,1,0,0
5,1,21,1,0.790281189188648,0
5,1,22,1,0.672097688355736,0
5,1,23,1,0.516170504399678,0
5,1,24,1,0.340118358587501,0
5,1,25,1,0.177522873822542,0
5,1,26,1,0.0648220869330318,0
5,1,27,1,0.0138568591452769,0
5,1,28,1,0.00138068343830196,0
5,1,29,1,4.50222860315856e-05,0
5,1,30,1,0,0
5,1,31,1,0.994392224150955,0
5,1,32,1,0.985187667895608,0
5,1,33,1,0.960650522008394,0
5,1,34,1,0.907184056107773,0
5,1,35,1,0.783237702662818,0
5,1,36,1,0.563158763587976,0
5,1,37,1,0.280814002931451,0
5,1,38,1,0.0744568561437912,0
5,1,39,1,0.00750871681482334,0
5,1,40,1,0.000220108953932196,0
5,1,41,1,0.999994997523774,1
5,1,42,1,0.999994997523774,1
5,1,43,1,0.999944972761517,1
5,1,44,1,0.999414710281589,0
5,1,45,1,0.997253640552073,0
5,1,46,1,0.983031600642318,0
5,1,47,1,0.915233040354976,0
5,1,48,1,0.692887979549877,0
5,1,49,1,0.298107563243806,0
5,1,50,1,0.044361959169789,0
5,1,51,1,1,1
5,1,52,1,1,1
5,1,53,1,1,1
5,1,54,1,1,1
5,1,55,1,1,1
5,1,56,1,0.999994997523774,1
5,1,57,1,0.999849925713228,1
5,1,58,1,0.996498266641988,0
5,1,59,1,0.951651067278303,0
5,1,60,1,0.688300708850881,0
5,1,61,1,1,1
5,1,62,1,1,1
5,1,63,1,1,1
5,1,64,1,1,1
5,1,65,1,1,1
5,1,66,1,1,1
5,1,67,1,1,1
5,1,68,1,1,1
5,1,69,1,0.999984992571323,1
5,1,70,1,0.997823922841807,0
5,1,71,1,1,1
5,1,72,1,1,1
5,1,73,1,1,1
5,1,74,1,1,1
5,1,75,1,1,1
5,1,76,1,1,1
5,1,77,1,1,1
5,1,78,1,1,1
5,1,79,1,1,1
5,1,80,1,1,1
5,1,81,1,1,1
5,1,82,1,1,1
5,1,83,1,1,1
5,1,84,1,1,1
5,1,85,1,1,1
5,1,86,1,1,1
5,1,87,1,1,1
5,1,88,1,1,1
5,1,89,1,1,1
5,1,90,1,1,1
5,1,91,1,1,1
5,1,92,1,1,1
5,1,93,1,1,1
5,1,94,1,1,1
5,1,95,1,1,1
5,1,96,1,1,1
5,1,97,1,1,1
5,1,98,1,1,1
5,1,99,1,1,1
5,1,100,1,1,1
5,1,101,1,0.0226161950165332,0
5,1,102,1,0.0100499747374951,0
5,1,103,1,0.00390693393229649,0
5,1,104,1,0.00139569086697915,0
5,1,105,1,0.000325160954672563,0
5,1,106,1,4.00198098058539e-05,0
5,1,107,1,5.00247622573174e-06,0
5,1,108,1,0,0
5,1,109,1,0,0
5,1,110,1,0,0
5,1,111,1,0.250088793953007,0
5,1,112,1,0.14896373704984,0
5,1,113,1,0.0767379853027249,0
5,1,114,1,0.033081375280764,0
5,1,115,1,0.0106752842657115,0
5,1,116,1,0.00223110439667635,0
5,1,117,1,0.000325160954672563,0
5,1,118,1,0,0
5,1,119,1,0,0
5,1,120,1,0,0
5,1,121,1,0.800966478406811,0
5,1,122,1,0.678495855448447,0
5,1,123,1,0.526190464279819,0
5,1,124,1,0.347081805493719,0
5,1,125,1,0.18143981270729,0
5,1,126,1,0.0666730031365526,0
5,1,127,1,0.0137668145732137,0
5,1,128,1,0.00153576020129964,0
5,1,129,1,4.50222860315856e-05,0
5,1,130,1,0,0
5,1,131,1,0.994142100339668,0
5,1,132,1,0.985367757039735,0
5,1,133,1,0.962746559546976,0
5,1,134,1,0.906398667340333,0
5,1,135,1,0.787880000600297,0
5,1,136,1,0.567350838665139,0
5,1,137,1,0.285101125056903,0
5,1,138,1,0.0766329333019845,0
5,1,139,1,0.00776384310233566,0
5,1,140,1,0.000235116382609392,0
5,1,141,1,0.999994997523774,1
5,1,142,1,0.999989995047548,1
5,1,143,1,0.999944972761517,1
5,1,144,1,0.999534769711007,1
5,1,145,1,0.997073551407947,0
5,1,146,1,0.983341754168313,0
5,1,147,1,0.916618726269503,0
5,1,148,1,0.695244145852197,0
5,1,149,1,0.298722867819571,0
5,1,150,1,0.0444169864082721,0
5,1,151,1,1,1
5,1,152,1,1,1
5,1,153,1,1,1
5,1,154,1,1,1
5,1,155,1,1,1
5,1,156,1,0.999984992571323,1
5,1,157,1,0.999824913332099,1
5,1,158,1,0.99644824187973,0
5,1,159,1,0.952361418902357,0
5,1,160,1,0.688490802947459,0
5,1,161,1,1,1
5,1,162,1,1,1
5,1,163,1,1,1
5,1,164,1,1,1
5,1,165,1,1,1
5,1,166,1,1,1
5,1,167,1,1,1
5,1,168,1,1,1
5,1,169,1,0.99996498266642,1
5,1,170,1,0.997898959985193,0
5,1,171,1,1,1
5,1,172,1,1,1
5,1,173,1,1,1
5,1,174,1,1,1
5,1,175,1,1,1
5,1,176,1,1,1
5,1,177,1,1,1
5,1,178,1,1,1
5,1,179,1,1,1
5,1,180,1,1,1
5,1,181,1,1,1
5,1,182,1,1,1
5,1,183,1,1,1
5,1,184,1,1,1
5,1,185,1,1,1
5,1,186,1,1,1
5,1,187,1,1,1
5,1,188,1,1,1
5,1,189,1,1,1
5,1,190,1,1,1
5,1,191,1,1,1
5,1,192,1,1,1
5,1,193,1,1,1
5,1,194,1,1,1
5,1,195,1,1,1
5,1,196,1,1,1
5,1,197,1,1,1
5,1,198,1,1,1
5,1,199,1,1,1
5,1,200,1,1,1
5,1,201,1,0.023906833882772,0
5,1,202,1,0.0103901431208448,0
5,1,203,1,0.00400698345681112,0
5,1,204,1,0.00112555715078964,0
5,1,205,1,0.000310153525995368,0
5,1,206,1,4.00198098058539e-05,0
5,1,207,1,1.00049524514635e-05,0
5,1,208,1,0,0
5,1,209,1,0,0
5,1,210,1,0,0
5,1,211,1,0.257462443909735,0
5,1,212,1,0.153641052320899,0
5,1,213,1,0.0807699811406646,0
5,1,214,1,0.0333365015682763,0
5,1,215,1,0.0108353635049349,0
5,1,216,1,0.00204601277632428,0
5,1,217,1,0.000215106477706465,0
5,1,218,1,3.50173335801222e-05,0
5,1,219,1,0,0
5,1,220,1,0,0
5,1,221,1,0.803292629851777,0
5,1,222,1,0.685194171114702,0
5,1,223,1,0.529682192685379,0
5,1,224,1,0.349943221894838,0
5,1,225,1,0.183871016152996,0
5,1,226,1,0.0667830576135187,0
5,1,227,1,0.0140369482894033,0
5,1,228,1,0.00137568096207623,0
5,1,229,1,6.00297147087808e-05,0
5,1,230,1,0,0
5,1,231,1,0.994337196912472,0
5,1,232,1,0.985317732277477,0
5,1,233,1,0.962136257447436,0
5,1,234,1,0.909495200124061,0
5,1,235,1,0.786699416211024,0
5,1,236,1,0.569807054491974,0
5,1,237,1,0.284700926958845,0
5,1,238,1,0.0761777079654429,0
5,1,239,1,0.00765879110159529,0
5,1,240,1,0.000205101525255001,0
5,1,241,1,1,1
5,1,242,1,0.999989995047548,1
5,1,243,1,0.999949975237743,1
5,1,244,1,0.999429717710267,0
5,1,245,1,0.996938484549852,0
5,1,246,1,0.983196682357767,0
5,1,247,1,0.916688760936664,0
5,1,248,1,0.69604954452454,0
5,1,249,1,0.302369672988129,0
5,1,250,1,0.0457626525129939,0
5,1,251,1,1,1
5,1,252,1,1,1
5,1,253,1,1,1
5,1,254,1,1,1
5,1,255,1,1,1
5,1,256,1,0.999994997523774,1
5,1,257,1,0.999834918284551,1
5,1,258,1,0.99641322454615,0
5,1,259,1,0.951826153946203,0
5,1,260,1,0.688705909425165,0
5,1,261,1,1,1
5,1,262,1,1,1
5,1,263,1,1,1
5,1,264,1,1,1
5,1,265,1,1,1
5,1,266,1,1,1
5,1,267,1,1,1
5,1,268,1,1,1
5,1,269,1,0.99996498266642,1
5,1,270,1,0.997593808935423,0
5,1,271,1,1,1
5,1,272,1,1,1
5,1,273,1,1,1
5,1,274,1,1,1
5,1,275,1,1,1
5,1,276,1,1,1
5,1,277,1,1,1
5,1,278,1,1,1
5,1,279,1,1,1
5,1,280,1,1,1
5,1,281,1,1,1
5,1,282,1,1,1
5,1,283,1,1,1
5,1,284,1,1,1
5,1,285,1,1,1
5,1,286,1,1,1
5,1,287,1,1,1
5,1,288,1,1,1
5,1,289,1,1,1
5,1,290,1,1,1
5,1,291,1,1,1
5,1,292,1,1,1
5,1,293,1,1,1
5,1,294,1,1,1
5,1,295,1,1,1
5,1,296,1,1,1
5,1,297,1,1,1
5,1,298,1,1,1
5,1,299,1,1,1
5,1,300,1,1,1
5,1,301,1,0.0241169378842527,0
5,1,302,1,0.0112655764603479,0
5,1,303,1,0.00425210479187198,0
5,1,304,1,0.00153576020129964,0
5,1,305,1,0.000315156002221099,0
5,1,306,1,3.50173335801222e-05,0
5,1,307,1,0,0
5,1,308,1,0,0
5,1,309,1,0,0
5,1,310,1,0,0
5,1,311,1,0.257302364670512,0
5,1,312,1,0.155567005667806,0
5,1,313,1,0.0798645329438072,0
5,1,314,1,0.0340268432874273,0
5,1,315,1,0.0110054476966098,0
5,1,316,1,0.00248623068418867,0
5,1,317,1,0.000250123811286587,0
5,1,318,1,1.00049524514635e-05,0
5,1,319,1,0,0
5,1,320,1,0,0
5,1,321,1,0.802237107368147,0
5,1,322,1,0.686159649026268,0
5,1,323,1,0.528981846013777,0
5,1,324,1,0.351744113336101,0
5,1,325,1,0.184281219203506,0
5,1,326,1,0.0678335776209224,0
5,1,327,1,0.0139018814313085,0
5,1,328,1,0.00142070324810781,0
5,1,329,1,2.00099049029269e-05,0
5,1,330,1,0,0
5,1,331,1,0.994657355390918,0
5,1,332,1,0.985707925423084,0
5,1,333,1,0.963136752692583,0
5,1,334,1,0.908619766784558,0
5,1,335,1,0.788915513179024,0
5,1,336,1,0.568646480007604,0
5,1,337,1,0.284911030960325,0
5,1,338,1,0.0766179258733073,0
5,1,339,1,0.00778885548346431,0
5,1,340,1,0.000210104001480733,0
5,1,341,1,0.999994997523774,1
5,1,342,1,0.999974987618871,1
5,1,343,1,0.999919960380388,1
5,1,344,1,0.999619811806844,1
5,1,345,1,0.997178603408687,0
5,1,346,1,0.983296731882282,0
5,1,347,1,0.917404115036943,0
5,1,348,1,0.694528791751917,0
5,1,349,1,0.299688345731137,0
5,1,350,1,0.0459327367046688,0
5,1,351,1,1,1
5,1,352,1,1,1
5,1,353,1,1,1
5,1,354,1,1,1
5,1,355,1,1,1
5,1,356,1,0.999994997523774,1
5,1,357,1,0.999799900950971,1
5,1,358,1,0.996458246832182,0
5,1,359,1,0.951871176232235,0
5,1,360,1,0.688385750946719,0
5,1,361,1,1,1
5,1,362,1,1,1
5,1,363,1,1,1
5,1,364,1,1,1
5,1,365,1,1,1
5,1,366,1,1,1
5,1,367,1,1,1
5,1,368,1,1,1
5,1,369,1,0.999974987618871,1
5,1,370,1,0.997713868364841,0
5,1,371,1,1,1
5,1,372,1,1,1
5,1,373,1,1,1
5,1,374,1,1,1
5,1,375,1,1,1
5,1,376,1,1,1
5,1,377,1,1,1
5,1,378,1,1,1
5,1,379,1,1,1
5,1,380,1,1,1
5,1,381,1,1,1
5,1,382,1,1,1
5,1,383,1,1,1
5,1,384,1,1,1
5,1,385,1,1,1
5,1,386,1,1,1
5,1,387,1,1,1
5,1,388,1,1,1
5,1,389,1,1,1
5,1,390,1,1,1
5,1,391,1,1,1
5,1,392,1,1,1
5,1,393,1,1,1
5,1,394,1,1,1
5,1,395,1,1,1
5,1,396,1,1,1
5,1,397,1,1,1
5,1,398,1,1,1
5,1,399,1,1,1
5,1,400,1,1,1
5,1,401,1,0.0257377401813898,0
5,1,402,1,0.0109754328392554,0
5,1,403,1,0.00465730536615625,0
5,1,404,1,0.00133065867604464,0
5,1,405,1,0.000355175812026953,0
5,1,406,1,7.00346671602443e-05,0
5,1,407,1,5.00247622573174e-06,0
5,1,408,1,0,0
5,1,409,1,0,0
5,1,410,1,0,0
5,1,411,1,0.259678540877734,0
5,1,412,1,0.157057743583074,0
5,1,413,1,0.0819705754348403,0
5,1,414,1,0.0344170364330343,0
5,1,415,1,0.0105602273125197,0
5,1,416,1,0.00248122820796294,0
5,1,417,1,0.000275136192415246,0
5,1,418,1,1.00049524514635e-05,0
5,1,419,1,0,0
5,1,420,1,0,0
5,1,421,1,0.805263605484715,0
5,1,422,1,0.687210169033672,0
5,1,423,1,0.531558121270029,0
5,1,424,1,0.351614048954232,0
5,1,425,1,0.184926538636625,0
5,1,426,1,0.0666830080890041,0
5,1,427,1,0.0140019309558231,0
5,1,428,1,0.00140569581943062,0
5,1,429,1,6.00297147087808e-05,0
5,1,430,1,0,0
5,1,431,1,0.994452253865663,0
5,1,432,1,0.986078108663789,0
5,1,433,1,0.964217287557341,0
5,1,434,1,0.909240073836549,0
5,1,435,1,0.788040079839521,0
5,1,436,1,0.571112700786889,0
5,1,437,1,0.287912516695764,0
5,1,438,1,0.0773332799735869,0
5,1,439,1,0.00791891986533334,0
5,1,440,1,0.000200099049029269,0
5,1,441,1,0.999994997523774,1
5,1,442,1,0.999979990095097,1
5,1,443,1,0.999934967809065,1
5,1,444,1,0.999614809330619,1
5,1,445,1,0.997153591027559,0
5,1,446,1,0.98294655854648,0
5,1,447,1,0.917714268562939,0
5,1,448,1,0.694593823942852,0
5,1,449,1,0.301194091075082,0
5,1,450,1,0.0451723603183576,0
5,1,451,1,1,1
5,1,452,1,1,1
5,1,453,1,1,1
5,1,454,1,1,1
5,1,455,1,1,1
5,1,456,1,0.999989995047548,1
5,1,457,1,0.999824913332099,1
5,1,458,1,0.996428231974828,0
5,1,459,1,0.952786629381544,0
5,1,460,1,0.689986543338953,0
5,1,461,1,1,1
5,1,462,1,1,1
5,1,463,1,1,1
5,1,464,1,1,1
5,1,465,1,1,1
5,1,466,1,1,1
5,1,467,1,1,1
5,1,468,1,1,1
5,1,469,1,0.99996498266642,1
5,1,470,1,0.997778900555775,0
5,1,471,1,1,1
5,1,472,1,1,1
5,1,473,1,1,1
5,1,474,1,1,1
5,1,475,1,1,1
5,1,476,1,1,1
5,1,477,1,1,1
5,1,478,1,1,1
5,1,479,1,1,1
5,1,480,1,1,1
5,1,481,1,1,1
5,1,482,1,1,1
5,1,483,1,1,1
5,1,484,1,1,1
5,1,485,1,1,1
5,1,486,1,1,1
5,1,487,1,1,1
5,1,488,1,1,1
5,1,489,1,1,1
5,1,490,1,1,1
5,1,491,1,1,1
5,1,492,1,1,1
5,1,493,1,1,1
5,1,494,1,1,1
5,1,495,1,1,1
5,1,496,1,1,1
5,1,497,1,1,1
5,1,498,1,1,1
5,1,499,1,1,1
5,1,500,1,1,1
5,1,501,1,0.0258477946583559,0
5,1,502,1,0.0116657745584064,0
5,1,503,1,0.00452223850806149,0
5,1,504,1,0.00137568096207623,0
5,1,505,1,0.000285141144866709,0
5,1,506,1,6.50321909345126e-05,0
5,1,507,1,0,0
5,1,508,1,0,0
5,1,509,1,0,0
5,1,510,1,0,0
5,1,511,1,0.260553974217238,0
5,1,512,1,0.156412424149954,0
5,1,513,1,0.0827559642022801,0
5,1,514,1,0.0358377396811422,0
5,1,515,1,0.0111655269358332,0
5,1,516,1,0.00224611182535355,0
5,1,517,1,0.000310153525995368,0
5,1,518,1,2.50123811286587e-05,0
5,1,519,1,0,0
5,1,520,1,0,0
5,1,521,1,0.804643298432724,0
5,1,522,1,0.688550832662168,0
5,1,523,1,0.533684173665965,0
5,1,524,1,0.357356891661372,0
5,1,525,1,0.186212175026638,0
5,1,526,1,0.0664578966588461,0
5,1,527,1,0.0138668640977284,0
5,1,528,1,0.00142570572433355,0
5,1,529,1,5.00247622573174e-05,0
5,1,530,1,5.00247622573174e-06,0
5,1,531,1,0.995157603013492,0
5,1,532,1,0.986153145807175,0
5,1,533,1,0.963757059744574,0
5,1,534,1,0.909220063931646,0
5,1,535,1,0.790246171855068,0
5,1,536,1,0.569737019824813,0
5,1,537,1,0.288592853462464,0
5,1,538,1,0.0779335771206747,0
5,1,539,1,0.00796394215136493,0
5,1,540,1,0.00026012876373805,0
5,1,541,1,1,1
5,1,542,1,0.999994997523774,1
5,1,543,1,0.999919960380388,1
5,1,544,1,0.999529767234781,1
5,1,545,1,0.99719861331359,0
5,1,546,1,0.983221694738896,0
5,1,547,1,0.917018924367562,0
5,1,548,1,0.696679856528982,0
5,1,549,1,0.301984482318748,0
5,1,550,1,0.0442919245026288,0
5,1,551,1,1,1
5,1,552,1,1,1
5,1,553,1,1,1
5,1,554,1,1,1
5,1,555,1,0.999994997523774,1
5,1,556,1,0.999994997523774,1
5,1,557,1,0.999844923237002,1
5,1,558,1,0.996533283975568,0
5,1,559,1,0.952226352044262,0
5,1,560,1,0.690361729055883,0
5,1,561,1,1,1
5,1,562,1,1,1
5,1,563,1,1,1
5,1,564,1,1,1
5,1,565,1,1,1
5,1,566,1,1,1
5,1,567,1,1,1
5,1,568,1,1,1
5,1,569,1,0.999969985142646,1
5,1,570,1,0.997903962461418,0
5,1,571,1,1,1
5,1,572,1,1,1
5,1,573,1,1,1
5,1,574,1,1,1
5,1,575,1,1,1
5,1,576,1,1,1
5,1,577,1,1,1
5,1,578,1,1,1
5,1,579,1,1,1
5,1,580,1,1,1
5,1,581,1,1,1
5,1,582,1,1,1
5,1,583,1,1,1
5,1,584,1,1,1
5,1,585,1,1,1
5,1,586,1,1,1
5,1,587,1,1,1
5,1,588,1,1,1
5,1,589,1,1,1
5,1,590,1,1,1
5,1,591,1,1,1
5,1,592,1,1,1
5,1,593,1,1,1
5,1,594,1,1,1
5,1,595,1,1,1
5,1,596,1,1,1
5,1,597,1,1,1
5,1,598,1,1,1
5,1,599,1,1,1
5,1,600,1,1,1
5,1,601,1,0.0255376411323605,0
5,1,602,1,0.0118558686549842,0
5,1,603,1,0.00451223355561003,0
5,1,604,1,0.00119559181794989,0
5,1,605,1,0.000315156002221099,0
5,1,606,1,2.50123811286587e-05,0
5,1,607,1,0,0
5,1,608,1,0,0
5,1,609,1,0,0
5,1,610,1,0,0
5,1,611,1,0.262389882992081,0
5,1,612,1,0.155171810045973,0
5,1,613,1,0.0823507636279959,0
5,1,614,1,0.0349973236752192,0
5,1,615,1,0.0108553734098379,0
5,1,616,1,0.00249623563664014,0
5,1,617,1,0.000280138668640977,0
5,1,618,1,5.00247622573174e-06,0
5,1,619,1,0,0
5,1,620,1,0,0
5,1,621,1,0.805818880345771,0
5,1,622,1,0.691817449637571,0
5,1,623,1,0.533469067188258,0
5,1,624,1,0.355841141364976,0
5,1,625,1,0.186482308742828,0
5,1,626,1,0.0680486840986288,0
5,1,627,1,0.0142070324810781,0
5,1,628,1,0.00137568096207623,0
5,1,629,1,3.50173335801222e-05,0
5,1,630,1,0,0
5,1,631,1,0.994727390058079,0
5,1,632,1,0.985807974947599,0
5,1,633,1,0.964287322224501,0
5,1,634,1,0.908634774213236,0
5,1,635,1,0.788180149173841,0
5,1,636,1,0.570227262494935,0
5,1,637,1,0.287037083356261,0
5,1,638,1,0.0766879605404675,0
5,1,639,1,0.00788890500797895,0
5,1,640,1,0.000265131239963782,0
5,1,641,1,1,1
5,1,642,1,0.999994997523774,1
5,1,643,1,0.999934967809065,1
5,1,644,1,0.999539772187233,1
5,1,645,1,0.997088558836624,0
5,1,646,1,0.983476821026408,0
5,1,647,1,0.917864342849711,0
5,1,648,1,0.696024532143411,0
5,1,649,1,0.301179083646405,0
5,1,650,1,0.0449622563168769,0
5,1,651,1,1,1
5,1,652,1,1,1
5,1,653,1,1,1
5,1,654,1,1,1
5,1,655,1,1,1
5,1,656,1,0.999994997523774,1
5,1,657,1,0.999844923237002,1
5,1,658,1,0.996478256737085,0
5,1,659,1,0.952686579857029,0
5,1,660,1,0.689191149619061,0
5,1,661,1,1,1
5,1,662,1,1,1
5,1,663,1,1,1
5,1,664,1,1,1
5,1,665,1,1,1
5,1,666,1,1,1
5,1,667,1,1,1
5,1,668,1,1,1
5,1,669,1,0.999984992571323,1
5,1,670,1,0.997673848555035,0
5,1,671,1,1,1
5,1,672,1,1,1
5,1,673,1,1,1
5,1,674,1,1,1
5,1,675,1,1,1
5,1,676,1,1,1
5,1,677,1,1,1
5,1,678,1,1,1
5,1,679,1,1,1
5,1,680,1,1,1
5,1,681,1,1,1
5,1,682,1,1,1
5,1,683,1,1,1
5,1,684,1,1,1
5,1,685,1,1,1
5,1,686,1,1,1
5,1,687,1,1,1
5,1,688,1,1,1
5,1,689,1,1,1
5,1,690,1,1,1
5,1,691,1,1,1
5,1,692,1,1,1
5,1,693,1,1,1
5,1,694,1,1,1
5,1,695,1,1,1
5,1,696,1,1,1
5,1,697,1,1,1
5,1,698,1,1,1
5,1,699,1,1,1
5,1,700,1,1,1
5,2,1,1,0.0562078228723218,0
5,2,2,1,0.024372064171765,0
5,2,3,1,0.0092996033036353,0
5,2,4,1,0.00255626535134892,0
5,2,5,1,0.000645319433119394,0
5,2,6,1,0.000105052000740366,0
5,2,7,1,1.00049524514635e-05,0
5,2,8,1,0,0
5,2,9,1,0,0
5,2,10,1,0,0
5,2,11,1,0.355030740216407,0
5,2,12,1,0.215411628756234,0
5,2,13,1,0.111120004402179,0
5,2,14,1,0.0458677045137343,0
5,2,15,1,0.0152625549647075,0
5,2,16,1,0.00278637925773258,0
5,2,17,1,0.000325160954672563,0
5,2,18,1,3.00148573543904e-05,0
5,2,19,1,0,0
5,2,20,1,0,0
5,2,21,1,0.852486981055622,0
5,2,22,1,0.743783172670472,0
5,2,23,1,0.582463319343075,0
5,2,24,1,0.396476255746595,0
5,2,25,1,0.20728260488942,0
5,2,26,1,0.0759125767254791,0
5,2,27,1,0.0160429412559217,0
5,2,28,1,0.00151074782017098,0
5,2,29,1,4.00198098058539e-05,0
5,2,30,1,0,0
5,2,31,1,0.996218127973347,0
5,2,32,1,0.989429767735029,0
5,2,33,1,0.970520407601763,0
5,2,34,1,0.921120954872662,0
5,2,35,1,0.806244090824958,0
5,2,36,1,0.592498286651893,0
5,2,37,1,0.298122570672483,0
5,2,38,1,0.0797044537045838,0
5,2,39,1,0.00811901891436261,0
5,2,40,1,0.000300148573543904,0
5,2,41,1,1,1
5,2,42,1,0.999984992571323,1
5,2,43,1,0.999904952951711,1
5,2,44,1,0.999579791997039,1
5,2,45,1,0.997523774268263,0
5,2,46,1,0.984922536655645,0
5,2,47,1,0.922501638310964,0
5,2,48,1,0.703818390103101,0
5,2,49,1,0.309022966368352,0
5,2,50,1,0.0458526970850571,0
5,2,51,1,1,1
5,2,52,1,1,1
5,2,53,1,1,1
5,2,54,1,1,1
5,2,55,1,1,1
5,2,56,1,1,1
5,2,57,1,0.999879940570582,1
5,2,58,1,0.996513274070665,0
5,2,59,1,0.953952206342139,0
5,2,60,1,0.694463759560983,0
5,2,61,1,1,1
5,2,62,1,1,1
5,2,63,1,1,1
5,2,64,1,1,1
5,2,65,1,1,1
5,2,66,1,1,1
5,2,67,1,1,1
5,2,68,1,0.999994997523774,1
5,2,69,1,0.999969985142646,1
5,2,70,1,0.997748885698421,0
5,2,71,1,1,1
5,2,72,1,1,1
5,2,73,1,1,1
5,2,74,1,1,1
5,2,75,1,1,1
5,2,76,1,1,1
5,2,77,1,1,1
5,2,78,1,1,1
5,2,79,1,1,1
5,2,80,1,1,1
5,2,81,1,1,1
5,2,82,1,1,1
5,2,83,1,1,1
5,2,84,1,1,1
5,2,85,1,1,1
5,2,86,1,1,1
5,2,87,1,1,1
5,2,88,1,1,1
5,2,89,1,1,1
5,2,90,1,1,1
5,2,91,1,1,1
5,2,92,1,1,1
5,2,93,1,1,1
5,2,94,1,1,1
5,2,95,1,1,1
5,2,96,1,1,1
5,2,97,1,1,1
5,2,98,1,1,1
5,2,99,1,1,1
5,2,100,1,1,1
5,2,101,1,0.0463879620412104,0
5,2,102,1,0.0190694393724894,0
5,2,103,1,0.00708350633563614,0
5,2,104,1,0.0018759285846494,0
5,2,105,1,0.000380188193155612,0
5,2,106,1,9.00445720631713e-05,0
5,2,107,1,5.00247622573174e-06,0
5,2,108,1,0,0
5,2,109,1,0,0
5,2,110,1,0,0
5,2,111,1,0.328262489932517,0
5,2,112,1,0.198073046157848,0
5,2,113,1,0.100694843947754,0
5,2,114,1,0.0411403644804178,0
5,2,115,1,0.0129714208533224,0
5,2,116,1,0.00265131239963782,0
5,2,117,1,0.000355175812026953,0
5,2,118,1,1.50074286771952e-05,0
5,2,119,1,0,0
5,2,120,1,0,0
5,2,121,1,0.84153155812127,0
5,2,122,1,0.728775743993277,0
5,2,123,1,0.570007153541003,0
5,2,124,1,0.378762487431278,0
5,2,125,1,0.198523269018164,0
5,2,126,1,0.0721156972701487,0
5,2,127,1,0.0149123816289063,0
5,2,128,1,0.00134566610472184,0
5,2,129,1,4.50222860315856e-05,0
5,2,130,1,0,0
5,2,131,1,0.996058048734123,0
5,2,132,1,0.988614364110235,0
5,2,133,1,0.968864587971046,0
5,2,134,1,0.916613723793278,0
5,2,135,1,0.799640822206993,0
5,2,136,1,0.584329242975273,0
5,2,137,1,0.294775914077468,0
5,2,138,1,0.0796744388472294,0
5,2,139,1,0.00770381338762688,0
5,2,140,1,0.000240118858835123,0
5,2,141,1,1,1
5,2,142,1,0.999989995047548,1
5,2,143,1,0.999884943046808,1
5,2,144,1,0.999609806854393,1
5,2,145,1,0.997383704933942,0
5,2,146,1,0.983546855693568,0
5,2,147,1,0.919785293720392,0
5,2,148,1,0.701527255991716,0
5,2,149,1,0.303980470332815,0
5,2,150,1,0.0451123306036488,0
5,2,151,1,1,1
5,2,152,1,1,1
5,2,153,1,1,1
5,2,154,1,1,1
5,2,155,1,1,1
5,2,156,1,0.999989995047548,1
5,2,157,1,0.999839920760777,1
5,2,158,1,0.996618326071405,0
5,2,159,1,0.952661567475901,0
5,2,160,1,0.69082195686865,0
5,2,161,1,1,1
5,2,162,1,1,1
5,2,163,1,1,1
5,2,164,1,1,1
5,2,165,1,1,1
5,2,166,1,1,1
5,2,167,1,1,1
5,2,168,1,1,1
5,2,169,1,0.999979990095097,1
5,2,170,1,0.99791396741387,0
5,2,171,1,1,1
5,2,172,1,1,1
5,2,173,1,1,1
5,2,174,1,1,1
5,2,175,1,1,1
5,2,176,1,1,1
5,2,177,1,1,1
5,2,178,1,1,1
5,2,179,1,1,1
5,2,180,1,1,1
5,2,181,1,1,1
5,2,182,1,1,1
5,2,183,1,1,1
5,2,184,1,1,1
5,2,185,1,1,1
5,2,186,1,1,1
5,2,187,1,1,1
5,2,188,1,1,1
5,2,189,1,1,1
5,2,190,1,1,1
5,2,191,1,1,1
5,2,192,1,1,1
5,2,193,1,1,1
5,2,194,1,1,1
5,2,195,1,1,1
5,2,196,1,1,1
5,2,197,1,1,1
5,2,198,1,1,1
5,2,199,1,1,1
5,2,200,1,1,1
5,2,201,1,0.0414305081015102,0
5,2,202,1,0.0172185231689686,0
5,2,203,1,0.00623808785348748,0
5,2,204,1,0.00188093106087513,0
5,2,205,1,0.000380188193155612,0
5,2,206,1,9.00445720631713e-05,0
5,2,207,1,0,0
5,2,208,1,0,0
5,2,209,1,0,0
5,2,210,1,0,0
5,2,211,1,0.320083441303445,0
5,2,212,1,0.187953036753193,0
5,2,213,1,0.0959224816284061,0
5,2,214,1,0.04012986428282,0
5,2,215,1,0.012661267327327,0
5,2,216,1,0.00270133716189514,0
5,2,217,1,0.000270133716189514,0
5,2,218,1,1.00049524514635e-05,0
5,2,219,1,0,0
5,2,220,1,0,0
5,2,221,1,0.837594609331619,0
5,2,222,1,0.720346571552919,0
5,2,223,1,0.560722557666045,0
5,2,224,1,0.376316276556896,0
5,2,225,1,0.193961010700297,0
5,2,226,1,0.0708250584039099,0
5,2,227,1,0.0149624063911636,0
5,2,228,1,0.00148573543904233,0
5,2,229,1,5.50272384830491e-05,0
5,2,230,1,0,0
5,2,231,1,0.995857949685094,0
5,2,232,1,0.987768945628086,0
5,2,233,1,0.968509412159019,0
5,2,234,1,0.916618726269503,0
5,2,235,1,0.800571282784979,0
5,2,236,1,0.578396306171555,0
5,2,237,1,0.291694388722418,0
5,2,238,1,0.0782237207417672,0
5,2,239,1,0.00791891986533334,0
5,2,240,1,0.000280138668640977,0
5,2,241,1,1,1
5,2,242,1,0.999994997523774,1
5,2,243,1,0.999919960380388,1
5,2,244,1,0.999639821711747,1
5,2,245,1,0.997388707410168,0
5,2,246,1,0.983771967123726,0
5,2,247,1,0.919790296196617,0
5,2,248,1,0.699226116927879,0
5,2,249,1,0.30534614634244,0
5,2,250,1,0.0454474965107728,0
5,2,251,1,1,1
5,2,252,1,1,1
5,2,253,1,1,1
5,2,254,1,1,1
5,2,255,1,1,1
5,2,256,1,1,1
5,2,257,1,0.999859930665679,1
5,2,258,1,0.996338187402764,0
5,2,259,1,0.953331899290149,0
5,2,260,1,0.688150634564109,0
5,2,261,1,1,1
5,2,262,1,1,1
5,2,263,1,1,1
5,2,264,1,1,1
5,2,265,1,1,1
5,2,266,1,1,1
5,2,267,1,1,1
5,2,268,1,1,1
5,2,269,1,0.999979990095097,1
5,2,270,1,0.997708865888615,0
5,2,271,1,1,1
5,2,272,1,1,1
5,2,273,1,1,1
5,2,274,1,1,1
5,2,275,1,1,1
5,2,276,1,1,1
5,2,277,1,1,1
5,2,278,1,1,1
5,2,279,1,1,1
5,2,280,1,1,1
5,2,281,1,1,1
5,2,282,1,1,1
5,2,283,1,1,1
5,2,284,1,1,1
5,2,285,1,1,1
5,2,286,1,1,1
5,2,287,1,1,1
5,2,288,1,1,1
5,2,289,1,1,1
5,2,290,1,1,1
5,2,291,1,1,1
5,2,292,1,1,1
5,2,293,1,1,1
5,2,294,1,1,1
5,2,295,1,1,1
5,2,296,1,1,1
5,2,297,1,1,1
5,2,298,1,1,1
5,2,299,1,1,1
5,2,300,1,1,1
5,2,301,1,0.0402899435220434,0
5,2,302,1,0.0162280328762738,0
5,2,303,1,0.00599296651842662,0
5,2,304,1,0.00177587906013477,0
5,2,305,1,0.000365180764478417,0
5,2,306,1,3.50173335801222e-05,0
5,2,307,1,0,0
5,2,308,1,0,0
5,2,309,1,0,0
5,2,310,1,0,0
5,2,311,1,0.309303105036993,0
5,2,312,1,0.183290728910811,0
5,2,313,1,0.0945367957138784,0
5,2,314,1,0.0404800376186212,0
5,2,315,1,0.0120909850375936,0
5,2,316,1,0.00257127278002611,0
5,2,317,1,0.000335165907124026,0
5,2,318,1,1.00049524514635e-05,0
5,2,319,1,0,0
5,2,320,1,0,0
5,2,321,1,0.834307982451313,0
5,2,322,1,0.71655969705004,0
5,2,323,1,0.555670056678056,0
5,2,324,1,0.372114196527281,0
5,2,325,1,0.194056057748586,0
5,2,326,1,0.0690591842962266,0
5,2,327,1,0.0146172355315881,0
5,2,328,1,0.00143070820055928,0
5,2,329,1,6.50321909345126e-05,0
5,2,330,1,0,0
5,2,331,1,0.995732887779451,0
5,2,332,1,0.987628876293765,0
5,2,333,1,0.967568946628581,0
5,2,334,1,0.915253050259879,0
5,2,335,1,0.798585299723363,0
5,2,336,1,0.577215721782282,0
5,2,337,1,0.292919995397722,0
5,2,338,1,0.0771381834007834,0
5,2,339,1,0.00749871186237187,0
5,2,340,1,0.000185091620352074,0
5,2,341,1,0.999994997523774,1
5,2,342,1,0.999989995047548,1
5,2,343,1,0.999944972761517,1
5,2,344,1,0.999504754853653,1
5,2,345,1,0.997363695029039,0
5,2,346,1,0.983872016648241,0
5,2,347,1,0.919184996573304,0
5,2,348,1,0.696649841671627,0
5,2,349,1,0.304110534714684,0
5,2,350,1,0.0445720631712698,0
5,2,351,1,1,1
5,2,352,1,1,1
5,2,353,1,1,1
5,2,354,1,1,1
5,2,355,1,0.999994997523774,1
5,2,356,1,0.999994997523774,1
5,2,357,1,0.999854928189454,1
5,2,358,1,0.99664834092876,0
5,2,359,1,0.952721597190609,0
5,2,360,1,0.690296696864948,0
5,2,361,1,1,1
5,2,362,1,1,1
5,2,363,1,1,1
5,2,364,1,1,1
5,2,365,1,1,1
5,2,366,1,1,1
5,2,367,1,1,1
5,2,368,1,1,1
5,2,369,1,0.999989995047548,1
5,2,370,1,0.99787895008029,0
5,2,371,1,1,1
5,2,372,1,1,1
5,2,373,1,1,1
5,2,374,1,1,1
5,2,375,1,1,1
5,2,376,1,1,1
5,2,377,1,1,1
5,2,378,1,1,1
5,2,379,1,1,1
5,2,380,1,1,1
5,2,381,1,1,1
5,2,382,1,1,1
5,2,383,1,1,1
5,2,384,1,1,1
5,2,385,1,1,1
5,2,386,1,1,1
5,2,387,1,1,1
5,2,388,1,1,1
5,2,389,1,1,1
5,2,390,1,1,1
5,2,391,1,1,1
5,2,392,1,1,1
5,2,393,1,1,1
5,2,394,1,1,1
5,2,395,1,1,1
5,2,396,1,1,1
5,2,397,1,1,1
5,2,398,1,1,1
5,2,399,1,1,1
5,2,400,1,1,1
5,2,401,1,0.0382039109359133,0
5,2,402,1,0.0154676564899625,0
5,2,403,1,0.00519757279853528,0
5,2,404,1,0.00166582458316867,0
5,2,405,1,0.000410203050510002,0
5,2,406,1,4.00198098058539e-05,0
5,2,407,1,0,0
5,2,408,1,0,0
5,2,409,1,0,0
5,2,410,1,0,0
5,2,411,1,0.303690326711722,0
5,2,412,1,0.180229213460663,0
5,2,413,1,0.0933762212295086,0
5,2,414,1,0.0387041585584865,0
5,2,415,1,0.0124161459922662,0
5,2,416,1,0.00230614154006233,0
5,2,417,1,0.000325160954672563,0
5,2,418,1,2.50123811286587e-05,0
5,2,419,1,0,0
5,2,420,1,0,0
5,2,421,1,0.833412539206907,0
5,2,422,1,0.715619231519602,0
5,2,423,1,0.554384420288043,0
5,2,424,1,0.36937283955558,0
5,2,425,1,0.193000535264956,0
5,2,426,1,0.0696544789670887,0
5,2,427,1,0.0146172355315881,0
5,2,428,1,0.00144571562923647,0
5,2,429,1,5.00247622573174e-05,0
5,2,430,1,0,0
5,2,431,1,0.995682863017194,0
5,2,432,1,0.987578851531508,0
5,2,433,1,0.966348342429503,0
5,2,434,1,0.913882371774028,0
5,2,435,1,0.794948499507256,0
5,2,436,1,0.576775503874418,0
5,2,437,1,0.290488791952016,0
5,2,438,1,0.0777584904527741,0
5,2,439,1,0.00806899415210529,0
5,2,440,1,0.000195096572803538,0
5,2,441,1,0.999994997523774,1
5,2,442,1,0.999989995047548,1
5,2,443,1,0.999914957904163,1
5,2,444,1,0.999614809330619,1
5,2,445,1,0.997303665314331,0
5,2,446,1,0.983982071125207,0
5,2,447,1,0.918749781141665,0
5,2,448,1,0.698045532538607,0
5,2,449,1,0.302414695274161,0
5,2,450,1,0.046302919945373,0
5,2,451,1,1,1
5,2,452,1,1,1
5,2,453,1,1,1
5,2,454,1,1,1
5,2,455,1,1,1
5,2,456,1,0.999989995047548,1
5,2,457,1,0.999839920760777,1
5,2,458,1,0.996473254260859,0
5,2,459,1,0.952516495665354,0
5,2,460,1,0.692162620497146,0
5,2,461,1,1,1
5,2,462,1,1,1
5,2,463,1,1,1
5,2,464,1,1,1
5,2,465,1,1,1
5,2,466,1,1,1
5,2,467,1,1,1
5,2,468,1,1,1
5,2,469,1,0.999984992571323,1
5,2,470,1,0.997893957508967,0
5,2,471,1,1,1
5,2,472,1,1,1
5,2,473,1,1,1
5,2,474,1,1,1
5,2,475,1,1,1
5,2,476,1,1,1
5,2,477,1,1,1
5,2,478,1,1,1
5,2,479,1,1,1
5,2,480,1,1,1
5,2,481,1,1,1
5,2,482,1,1,1
5,2,483,1,1,1
5,2,484,1,1,1
5,2,485,1,1,1
5,2,486,1,1,1
5,2,487,1,1,1
5,2,488,1,1,1
5,2,489,1,1,1
5,2,490,1,1,1
5,2,491,1,1,1
5,2,492,1,1,1
5,2,493,1,1,1
5,2,494,1,1,1
5,2,495,1,1,1
5,2,496,1,1,1
5,2,497,1,1,1
5,2,498,1,1,1
5,2,499,1,1,1
5,2,500,1,1,1
5,2,501,1,0.0366281309248078,0
5,2,502,1,0.0154926688710912,0
5,2,503,1,0.00544769660982186,0
5,2,504,1,0.00188093106087513,0
5,2,505,1,0.000450222860315856,0
5,2,506,1,9.00445720631713e-05,0
5,2,507,1,1.50074286771952e-05,0
5,2,508,1,0,0
5,2,509,1,0,0
5,2,510,1,0,0
5,2,511,1,0.297552288382749,0
5,2,512,1,0.176582408292105,0
5,2,513,1,0.0914052455965703,0
5,2,514,1,0.0384090124611683,0
5,2,515,1,0.0120109454179819,0
5,2,516,1,0.00251624554154306,0
5,2,517,1,0.000280138668640977,0
5,2,518,1,1.00049524514635e-05,0
5,2,519,1,0,0
5,2,520,1,0,0
5,2,521,1,0.828860285841492,0
5,2,522,1,0.710506700816904,0
5,2,523,1,0.550952721597191,0
5,2,524,1,0.368067193260664,0
5,2,525,1,0.192345210879385,0
5,2,526,1,0.0697645334440548,0
5,2,527,1,0.0141970275286267,0
5,2,528,1,0.00139569086697915,0
5,2,529,1,4.50222860315856e-05,0
5,2,530,1,0,0
5,2,531,1,0.995477761491939,0
5,2,532,1,0.987593858960185,0
5,2,533,1,0.966973651957719,0
5,2,534,1,0.91351719100955,0
5,2,535,1,0.792972521398092,0
5,2,536,1,0.577826023881821,0
5,2,537,1,0.291044066813072,0
5,2,538,1,0.0756224331043867,0
5,2,539,1,0.00774883567365846,0
5,2,540,1,0.00023011390638366,0
5,2,541,1,0.999994997523774,1
5,2,542,1,0.999974987618871,1
5,2,543,1,0.99996498266642,1
5,2,544,1,0.999499752377427,0
5,2,545,1,0.997463744553554,0
5,2,546,1,0.983516840836214,0
5,2,547,1,0.918629721712248,0
5,2,548,1,0.697965492918995,0
5,2,549,1,0.30439567585955,0
5,2,550,1,0.0450873182225201,0
5,2,551,1,1,1
5,2,552,1,1,1
5,2,553,1,1,1
5,2,554,1,1,1
5,2,555,1,1,1
5,2,556,1,0.999984992571323,1
5,2,557,1,0.999909955427937,1
5,2,558,1,0.996653343404985,0
5,2,559,1,0.951475980610402,0
5,2,560,1,0.690421758770591,0
5,2,561,1,1,1
5,2,562,1,1,1
5,2,563,1,1,1
5,2,564,1,1,1
5,2,565,1,1,1
5,2,566,1,1,1
5,2,567,1,1,1
5,2,568,1,1,1
5,2,569,1,0.999969985142646,1
5,2,570,1,0.997698860936163,0
5,2,571,1,1,1
5,2,572,1,1,1
5,2,573,1,1,1
5,2,574,1,1,1
5,2,575,1,1,1
5,2,576,1,1,1
5,2,577,1,1,1
5,2,578,1,1,1
5,2,579,1,1,1
5,2,580,1,1,1
5,2,581,1,1,1
5,2,582,1,1,1
5,2,583,1,1,1
5,2,584,1,1,1
5,2,585,1,1,1
5,2,586,1,1,1
5,2,587,1,1,1
5,2,588,1,1,1
5,2,589,1,1,1
5,2,590,1,1,1
5,2,591,1,1,1
5,2,592,1,1,1
5,2,593,1,1,1
5,2,594,1,1,1
5,2,595,1,1,1
5,2,596,1,1,1
5,2,597,1,1,1
5,2,598,1,1,1
5,2,599,1,1,1
5,2,600,1,1,1
5,2,601,1,0.0354375415830836,0
5,2,602,1,0.0152975722982877,0
5,2,603,1,0.0052325901321154,0
5,2,604,1,0.00171084686920025,0
5,2,605,1,0.000390193145607075,0
5,2,606,1,7.50371433859761e-05,0
5,2,607,1,0,0
5,2,608,1,0,0
5,2,609,1,0,0
5,2,610,1,0,0
5,2,611,1,0.297252139809206,0
5,2,612,1,0.178403309638271,0
5,2,613,1,0.0918004412184031,0
5,2,614,1,0.0378137177903062,0
5,2,615,1,0.0121009899900451,0
5,2,616,1,0.00266131735208928,0
5,2,617,1,0.000310153525995368,0
5,2,618,1,2.00099049029269e-05,0
5,2,619,1,0,0
5,2,620,1,0,0
5,2,621,1,0.828555134791722,0
5,2,622,1,0.709546225381564,0
5,2,623,1,0.549301904442699,0
5,2,624,1,0.366386361248818,0
5,2,625,1,0.192330203450708,0
5,2,626,1,0.069574439347477,0
5,2,627,1,0.0146722627700712,0
5,2,628,1,0.00150074286771952,0
5,2,629,1,7.50371433859761e-05,0
5,2,630,1,0,0
5,2,631,1,0.995477761491939,0
5,2,632,1,0.987553839150379,0
5,2,633,1,0.96653843652608,0
5,2,634,1,0.913967413869866,0
5,2,635,1,0.79364285321234,0
5,2,636,1,0.574524389572839,0
5,2,637,1,0.288577846033787,0
5,2,638,1,0.0777634929289999,0
5,2,639,1,0.00796894462759066,0
5,2,640,1,0.000235116382609392,0
5,2,641,1,1,1
5,2,642,1,0.999989995047548,1
5,2,643,1,0.999909955427937,1
5,2,644,1,0.999604804378167,1
5,2,645,1,0.997078553884173,0
5,2,646,1,0.983826994362209,0
5,2,647,1,0.919665234290974,0
5,2,648,1,0.697000015007429,0
5,2,649,1,0.30247472498887,0
5,2,650,1,0.0465180264230794,0
5,2,651,1,1,1
5,2,652,1,1,1
5,2,653,1,1,1
5,2,654,1,1,1
5,2,655,1,1,1
5,2,656,1,0.999994997523774,1
5,2,657,1,0.999849925713228,1
5,2,658,1,0.996383209688796,0
5,2,659,1,0.952701587285706,0
5,2,660,1,0.690221659721562,0
5,2,661,1,1,1
5,2,662,1,1,1
5,2,663,1,1,1
5,2,664,1,1,1
5,2,665,1,1,1
5,2,666,1,1,1
5,2,667,1,1,1
5,2,668,1,1,1
5,2,669,1,0.999974987618871,1
5,2,670,1,0.997683853507486,0
5,2,671,1,1,1
5,2,672,1,1,1
5,2,673,1,1,1
5,2,674,1,1,1
5,2,675,1,1,1
5,2,676,1,1,1
5,2,677,1,1,1
5,2,678,1,1,1
5,2,679,1,1,1
5,2,680,1,1,1
5,2,681,1,1,1
5,2,682,1,1,1
5,2,683,1,1,1
5,2,684,1,1,1
5,2,685,1,1,1
5,2,686,1,1,1
5,2,687,1,1,1
5,2,688,1,1,1
5,2,689,1,1,1
5,2,690,1,1,1
5,2,691,1,1,1
5,2,692,1,1,1
5,2,693,1,1,1
5,2,694,1,1,1
5,2,695,1,1,1
5,2,696,1,1,1
5,2,697,1,1,1
5,2,698,1,1,1
5,2,699,1,1,1
5,2,700,1,1,1
5,3,1,1,0.0040670131715199,0
5,3,2,1,0.00222109944422489,0
5,3,3,1,0.00101050019759781,0
5,3,4,1,0.000330163430898295,0
5,3,5,1,6.50321909345126e-05,0
5,3,6,1,2.50123811286587e-05,0
5,3,7,1,1.00049524514635e-05,0
5,3,8,1,0,0
5,3,9,1,0,0
5,3,10,1,0,0
5,3,11,1,0.139954277367297,0
5,3,12,1,0.0851921701242115,0
5,3,13,1,0.0444069814558206,0
5,3,14,1,0.0201899940470533,0
5,3,15,1,0.00688340728660687,0
5,3,16,1,0.00136067353339903,0
5,3,17,1,0.000185091620352074,0
5,3,18,1,1.00049524514635e-05,0
5,3,19,1,0,0
5,3,20,1,0,0
5,3,21,1,0.719050930210454,0
5,3,22,1,0.59384895523284,0
5,3,23,1,0.44542548561538,0
5,3,24,1,0.29153931195942,0
5,3,25,1,0.150054276867049,0
5,3,26,1,0.054582018098959,0
5,3,27,1,0.0117208017968895,0
5,3,28,1,0.00117558191304696,0
5,3,29,1,4.00198098058539e-05,0
5,3,30,1,0,0
5,3,31,1,0.991605844893222,0
5,3,32,1,0.978814513184026,0
5,3,33,1,0.950620557175802,0
5,3,34,1,0.885688415765804,0
5,3,35,1,0.754988719416111,0
5,3,36,1,0.537215921881331,0
5,3,37,1,0.266501918449633,0
5,3,38,1,0.0696044542048314,0
5,3,39,1,0.00718855833637651,0
5,3,40,1,0.000195096572803538,0
5,3,41,1,0.999994997523774,1
5,3,42,1,0.999979990095097,1
5,3,43,1,0.999919960380388,1
5,3,44,1,0.9993196632333,0
5,3,45,1,0.996123080925058,0
5,3,46,1,0.980795493769416,0
5,3,47,1,0.908619766784558,0
5,3,48,1,0.680291744413485,0
5,3,49,1,0.291654368912612,0
5,3,50,1,0.0433814738295456,0
5,3,51,1,1,1
5,3,52,1,1,1
5,3,53,1,1,1
5,3,54,1,1,1
5,3,55,1,1,1
5,3,56,1,0.999994997523774,1
5,3,57,1,0.999784893522293,1
5,3,58,1,0.996028033876769,0
5,3,59,1,0.949630066883107,0
5,3,60,1,0.683283225196472,0
5,3,61,1,1,1
5,3,62,1,1,1
5,3,63,1,1,1
5,3,64,1,1,1
5,3,65,1,1,1
5,3,66,1,1,1
5,3,67,1,1,1
5,3,68,1,1,1
5,3,69,1,0.999984992571323,1
5,3,70,1,0.997623823792777,0
5,3,71,1,1,1
5,3,72,1,1,1
5,3,73,1,1,1
5,3,74,1,1,1
5,3,75,1,1,1
5,3,76,1,1,1
5,3,77,1,1,1
5,3,78,1,1,1
5,3,79,1,1,1
5,3,80,1,1,1
5,3,81,1,1,1
5,3,82,1,1,1
5,3,83,1,1,1
5,3,84,1,1,1
5,3,85,1,1,1
5,3,86,1,1,1
5,3,87,1,1,1
5,3,88,1,1,1
5,3,89,1,1,1
5,3,90,1,1,1
5,3,91,1,1,1
5,3,92,1,1,1
5,3,93,1,1,1
5,3,94,1,1,1
5,3,95,1,1,1
5,3,96,1,1,1
5,3,97,1,1,1
5,3,98,1,1,1
5,3,99,1,1,1
5,3,100,1,1,1
5,3,101,1,0.00891441263425395,0
5,3,102,1,0.00438717164996673,0
5,3,103,1,0.00193595829935818,0
5,3,104,1,0.000695344195376711,0
5,3,105,1,0.000200099049029269,0
5,3,106,1,3.00148573543904e-05,0
5,3,107,1,0,0
5,3,108,1,0,0
5,3,109,1,0,0
5,3,110,1,0,0
5,3,111,1,0.176062150764628,0
5,3,112,1,0.108578746479507,0
5,3,113,1,0.05978459337372,0
5,3,114,1,0.0261579481843513,0
5,3,115,1,0.00882937053841652,0
5,3,116,1,0.00190094096577806,0
5,3,117,1,0.000250123811286587,0
5,3,118,1,1.00049524514635e-05,0
5,3,119,1,0,0
5,3,120,1,0,0
5,3,121,1,0.74900075537391,0
5,3,122,1,0.628691202145062,0
5,3,123,1,0.482628901306147,0
5,3,124,1,0.316756794613334,0
5,3,125,1,0.167893107088009,0
5,3,126,1,0.0604899425215482,0
5,3,127,1,0.0123361063726545,0
5,3,128,1,0.00133566115227037,0
5,3,129,1,3.50173335801222e-05,0
5,3,130,1,0,0
5,3,131,1,0.992596335185917,0
5,3,132,1,0.981590887489307,0
5,3,133,1,0.95491268177748,0
5,3,134,1,0.896243640602098,0
5,3,135,1,0.773162715544194,0
5,3,136,1,0.551733107888405,0
5,3,137,1,0.275911576230234,0
5,3,138,1,0.073471368327322,0
5,3,139,1,0.00718855833637651,0
5,3,140,1,0.000195096572803538,0
5,3,141,1,0.999984992571323,1
5,3,142,1,0.999974987618871,1
5,3,143,1,0.999879940570582,1
5,3,144,1,0.999374690471784,0
5,3,145,1,0.99671837559592,0
5,3,146,1,0.981105647295411,0
5,3,147,1,0.913432148913712,0
5,3,148,1,0.690626860295846,0
5,3,149,1,0.294805928934823,0
5,3,150,1,0.0447621572678476,0
5,3,151,1,1,1
5,3,152,1,1,1
5,3,153,1,1,1
5,3,154,1,1,1
5,3,155,1,1,1
5,3,156,1,0.999994997523774,1
5,3,157,1,0.999859930665679,1
5,3,158,1,0.996428231974828,0
5,3,159,1,0.95057553488977,0
5,3,160,1,0.68579446826179,0
5,3,161,1,1,1
5,3,162,1,1,1
5,3,163,1,1,1
5,3,164,1,1,1
5,3,165,1,1,1
5,3,166,1,1,1
5,3,167,1,1,1
5,3,168,1,1,1
5,3,169,1,0.999989995047548,1
5,3,170,1,0.997488756934683,0
5,3,171,1,1,1
5,3,172,1,1,1
5,3,173,1,1,1
5,3,174,1,1,1
5,3,175,1,1,1
5,3,176,1,1,1
5,3,177,1,1,1
5,3,178,1,1,1
5,3,179,1,1,1
5,3,180,1,1,1
5,3,181,1,1,1
5,3,182,1,1,1
5,3,183,1,1,1
5,3,184,1,1,1
5,3,185,1,1,1
5,3,186,1,1,1
5,3,187,1,1,1
5,3,188,1,1,1
5,3,189,1,1,1
5,3,190,1,1,1
5,3,191,1,1,1
5,3,192,1,1,1
5,3,193,1,1,1
5,3,194,1,1,1
5,3,195,1,1,1
5,3,196,1,1,1
5,3,197,1,1,1
5,3,198,1,1,1
5,3,199,1,1,1
5,3,200,1,1,1
5,3,201,1,0.0121510147523024,0
5,3,202,1,0.00615304575765004,0
5,3,203,1,0.00286141640111855,0
5,3,204,1,0.00109554229343525,0
5,3,205,1,0.000190094096577806,0
5,3,206,1,5.00247622573174e-05,0
5,3,207,1,0,0
5,3,208,1,0,0
5,3,209,1,0,0
5,3,210,1,0,0
5,3,211,1,0.196317177002616,0
5,3,212,1,0.120844818185002,0
5,3,213,1,0.0646419977889055,0
5,3,214,1,0.0278938074346802,0
5,3,215,1,0.00894942996783408,0
5,3,216,1,0.00177587906013477,0
5,3,217,1,0.000220108953932196,0
5,3,218,1,2.00099049029269e-05,0
5,3,219,1,0,0
5,3,220,1,0,0
5,3,221,1,0.762207292609842,0
5,3,222,1,0.645039294450753,0
5,3,223,1,0.495295171109699,0
5,3,224,1,0.330158428422069,0
5,3,225,1,0.173746004272115,0
5,3,226,1,0.063011190539317,0
5,3,227,1,0.0131765223785774,0
5,3,228,1,0.00122060419907854,0
5,3,229,1,4.00198098058539e-05,0
5,3,230,1,0,0
5,3,231,1,0.993086577856039,0
5,3,232,1,0.982401288637876,0
5,3,233,1,0.957003716839836,0
5,3,234,1,0.899050029764734,0
5,3,235,1,0.776934582618396,0
5,3,236,1,0.558306361649016,0
5,3,237,1,0.279103156062251,0
5,3,238,1,0.0732512593733898,0
5,3,239,1,0.00750371433859761,0
5,3,240,1,0.000245121335060855,0
5,3,241,1,1,1
5,3,242,1,0.999969985142646,1
5,3,243,1,0.999884943046808,1
5,3,244,1,0.999354680566881,0
5,3,245,1,0.996973501883432,0
5,3,246,1,0.982111145016783,0
5,3,247,1,0.915017933877269,0
5,3,248,1,0.689151129809256,0
5,3,249,1,0.29840771181735,0
5,3,250,1,0.0437366496415726,0
5,3,251,1,1,1
5,3,252,1,1,1
5,3,253,1,1,1
5,3,254,1,1,1
5,3,255,1,1,1
5,3,256,1,1,1
5,3,257,1,0.999814908379648,1
5,3,258,1,0.996298167592959,0
5,3,259,1,0.951200844417987,0
5,3,260,1,0.685294220639216,0
5,3,261,1,1,1
5,3,262,1,1,1
5,3,263,1,1,1
5,3,264,1,1,1
5,3,265,1,1,1
5,3,266,1,1,1
5,3,267,1,1,1
5,3,268,1,1,1
5,3,269,1,0.999974987618871,1
5,3,270,1,0.997678851031261,0
5,3,271,1,1,1
5,3,272,1,1,1
5,3,273,1,1,1
5,3,274,1,1,1
5,3,275,1,1,1
5,3,276,1,1,1
5,3,277,1,1,1
5,3,278,1,1,1
5,3,279,1,1,1
5,3,280,1,1,1
5,3,281,1,1,1
5,3,282,1,1,1
5,3,283,1,1,1
5,3,284,1,1,1
5,3,285,1,1,1
5,3,286,1,1,1
5,3,287,1,1,1
5,3,288,1,1,1
5,3,289,1,1,1
5,3,290,1,1,1
5,3,291,1,1,1
5,3,292,1,1,1
5,3,293,1,1,1
5,3,294,1,1,1
5,3,295,1,1,1
5,3,296,1,1,1
5,3,297,1,1,1
5,3,298,1,1,1
5,3,299,1,1,1
5,3,300,1,1,1
5,3,301,1,0.0141069829565635,0
5,3,302,1,0.00729361033711687,0
5,3,303,1,0.00325661202295136,0
5,3,304,1,0.00109554229343525,0
5,3,305,1,0.000280138668640977,0
5,3,306,1,6.00297147087808e-05,0
5,3,307,1,0,0
5,3,308,1,0,0
5,3,309,1,0,0
5,3,310,1,0,0
5,3,311,1,0.209213560712553,0
5,3,312,1,0.129989344725639,0
5,3,313,1,0.0685339242925248,0
5,3,314,1,0.0296596815423635,0
5,3,315,1,0.0092845958749581,0
5,3,316,1,0.00195596820426111,0
5,3,317,1,0.000270133716189514,0
5,3,318,1,5.00247622573174e-06,0
5,3,319,1,5.00247622573174e-06,0
5,3,320,1,0,0
5,3,321,1,0.773477871546415,0
5,3,322,1,0.653748605559752,0
5,3,323,1,0.505985462804088,0
5,3,324,1,0.336451543514039,0
5,3,325,1,0.174976613423645,0
5,3,326,1,0.0635564604479217,0
5,3,327,1,0.0140269433369518,0
5,3,328,1,0.00131064877114172,0
5,3,329,1,6.00297147087808e-05,0
5,3,330,1,0,0
5,3,331,1,0.99354180319258,0
5,3,332,1,0.983301734358507,0
5,3,333,1,0.959114761807095,0
5,3,334,1,0.901481233210439,0
5,3,335,1,0.778955583013592,0
5,3,336,1,0.560827609666785,0
5,3,337,1,0.282084631892787,0
5,3,338,1,0.0747269898599807,0
5,3,339,1,0.00780886538836724,0
5,3,340,1,0.000180089144126343,0
5,3,341,1,0.999994997523774,1
5,3,342,1,0.999994997523774,1
5,3,343,1,0.999849925713228,1
5,3,344,1,0.999474739996298,0
5,3,345,1,0.996898464740046,0
5,3,346,1,0.982271224256007,0
5,3,347,1,0.915323084927039,0
5,3,348,1,0.694258658035728,0
5,3,349,1,0.30134916783808,0
5,3,350,1,0.0432914292574825,0
5,3,351,1,1,1
5,3,352,1,1,1
5,3,353,1,1,1
5,3,354,1,1,1
5,3,355,1,0.999994997523774,1
5,3,356,1,0.999994997523774,1
5,3,357,1,0.999819910855874,1
5,3,358,1,0.996513274070665,0
5,3,359,1,0.951766124231495,0
5,3,360,1,0.689526315526185,0
5,3,361,1,1,1
5,3,362,1,1,1
5,3,363,1,1,1
5,3,364,1,1,1
5,3,365,1,1,1
5,3,366,1,1,1
5,3,367,1,1,1
5,3,368,1,1,1
5,3,369,1,0.99996498266642,1
5,3,370,1,0.997703863412389,0
5,3,371,1,1,1
5,3,372,1,1,1
5,3,373,1,1,1
5,3,374,1,1,1
5,3,375,1,1,1
5,3,376,1,1,1
5,3,377,1,1,1
5,3,378,1,1,1
5,3,379,1,1,1
5,3,380,1,1,1
5,3,381,1,1,1
5,3,382,1,1,1
5,3,383,1,1,1
5,3,384,1,1,1
5,3,385,1,1,1
5,3,386,1,1,1
5,3,387,1,1,1
5,3,388,1,1,1
5,3,389,1,1,1
5,3,390,1,1,1
5,3,391,1,1,1
5,3,392,1,1,1
5,3,393,1,1,1
5,3,394,1,1,1
5,3,395,1,1,1
5,3,396,1,1,1
5,3,397,1,1,1
5,3,398,1,1,1
5,3,399,1,1,1
5,3,400,1,1,1
5,3,401,1,0.0163130749721112,0
5,3,402,1,0.00801896938984797,0
5,3,403,1,0.00330163430898295,0
5,3,404,1,0.00116557696059549,0
5,3,405,1,0.000275136192415246,0
5,3,406,1,5.00247622573174e-05,0
5,3,407,1,5.00247622573174e-06,0
5,3,408,1,0,0
5,3,409,1,0,0
5,3,410,1,0,0
5,3,411,1,0.217242535054852,0
5,3,412,1,0.134696674854053,0
5,3,413,1,0.0712302589781942,0
5,3,414,1,0.0316956893662363,0
5,3,415,1,0.0101150069284296,0
5,3,416,1,0.0023011390638366,0
5,3,417,1,0.000245121335060855,0
5,3,418,1,3.00148573543904e-05,0
5,3,419,1,0,0
5,3,420,1,0,0
5,3,421,1,0.778340278437827,0
5,3,422,1,0.659886643888725,0
5,3,423,1,0.510107503214091,0
5,3,424,1,0.33915788315216,0
5,3,425,1,0.179473839550578,0
5,3,426,1,0.0654574014136998,0
5,3,427,1,0.0133466065702523,0
5,3,428,1,0.00141570077188208,0
5,3,429,1,4.00198098058539e-05,0
5,3,430,1,0,0
5,3,431,1,0.993446756144291,0
5,3,432,1,0.983706934932792,0
5,3,433,1,0.959334870761027,0
5,3,434,1,0.903217092460768,0
5,3,435,1,0.782107143035803,0
5,3,436,1,0.563143756159299,0
5,3,437,1,0.282824998374195,0
5,3,438,1,0.0751672077678451,0
5,3,439,1,0.00780386291214151,0
5,3,440,1,0.000280138668640977,0
5,3,441,1,0.999994997523774,1
5,3,442,1,0.999984992571323,1
5,3,443,1,0.999869935618131,1
5,3,444,1,0.999514759806104,1
5,3,445,1,0.996868449882692,0
5,3,446,1,0.982521348067293,0
5,3,447,1,0.914147503013992,0
5,3,448,1,0.693463264315836,0
5,3,449,1,0.298532773722993,0
5,3,450,1,0.0445970755523984,0
5,3,451,1,1,1
5,3,452,1,1,1
5,3,453,1,1,1
5,3,454,1,1,1
5,3,455,1,1,1
5,3,456,1,0.999994997523774,1
5,3,457,1,0.999869935618131,1
5,3,458,1,0.996573303785374,0
5,3,459,1,0.95136092365721,0
5,3,460,1,0.68754033246457,0
5,3,461,1,1,1
5,3,462,1,1,1
5,3,463,1,1,1
5,3,464,1,1,1
5,3,465,1,1,1
5,3,466,1,1,1
5,3,467,1,1,1
5,3,468,1,1,1
5,3,469,1,0.999979990095097,1
5,3,470,1,0.99784393274671,0
5,3,471,1,1,1
5,3,472,1,1,1
5,3,473,1,1,1
5,3,474,1,1,1
5,3,475,1,1,1
5,3,476,1,1,1
5,3,477,1,1,1
5,3,478,1,1,1
5,3,479,1,1,1
5,3,480,1,1,1
5,3,481,1,1,1
5,3,482,1,1,1
5,3,483,1,1,1
5,3,484,1,1,1
5,3,485,1,1,1
5,3,486,1,1,1
5,3,487,1,1,1
5,3,488,1,1,1
5,3,489,1,1,1
5,3,490,1,1,1
5,3,491,1,1,1
5,3,492,1,1,1
5,3,493,1,1,1
5,3,494,1,1,1
5,3,495,1,1,1
5,3,496,1,1,1
5,3,497,1,1,1
5,3,498,1,1,1
5,3,499,1,1,1
5,3,500,1,1,1
5,3,501,1,0.0181139664133746,0
5,3,502,1,0.00873932596635335,0
5,3,503,1,0.00352174326291514,0
5,3,504,1,0.00112555715078964,0
5,3,505,1,0.000285141144866709,0
5,3,506,1,6.50321909345126e-05,0
5,3,507,1,0,0
5,3,508,1,0,0
5,3,509,1,0,0
5,3,510,1,0,0
5,3,511,1,0.223220494144602,0
5,3,512,1,0.13970415355601,0
5,3,513,1,0.0741917249038274,0
5,3,514,1,0.0321809295601323,0
5,3,515,1,0.0104401678831021,0
5,3,516,1,0.00217607715819331,0
5,3,517,1,0.000250123811286587,0
5,3,518,1,1.00049524514635e-05,0
5,3,519,1,0,0
5,3,520,1,0,0
5,3,521,1,0.783802982476326,0
5,3,522,1,0.665559451928705,0
5,3,523,1,0.513374120189494,0
5,3,524,1,0.343455010230064,0
5,3,525,1,0.180204201079534,0
5,3,526,1,0.0649171339813207,0
5,3,527,1,0.0139569086697915,0
5,3,528,1,0.00132065372359318,0
5,3,529,1,5.50272384830491e-05,0
5,3,530,1,0,0
5,3,531,1,0.993646855193321,0
5,3,532,1,0.983796979504855,0
5,3,533,1,0.959820110954923,0
5,3,534,1,0.904852902186582,0
5,3,535,1,0.783777970095197,0
5,3,536,1,0.56629531618151,0
5,3,537,1,0.284996073056163,0
5,3,538,1,0.0749921210999445,0
5,3,539,1,0.00799395700871932,0
5,3,540,1,0.000245121335060855,0
5,3,541,1,0.999994997523774,1
5,3,542,1,0.999969985142646,1
5,3,543,1,0.999854928189454,1
5,3,544,1,0.999489747424975,0
5,3,545,1,0.996948489502304,0
5,3,546,1,0.983331749215862,0
5,3,547,1,0.915558201309648,0
5,3,548,1,0.691812447161345,0
5,3,549,1,0.301094041550568,0
5,3,550,1,0.0448972241259423,0
5,3,551,1,1,1
5,3,552,1,1,1
5,3,553,1,1,1
5,3,554,1,1,1
5,3,555,1,1,1
5,3,556,1,1,1
5,3,557,1,0.999839920760777,1
5,3,558,1,0.996498266641988,0
5,3,559,1,0.950685589366737,0
5,3,560,1,0.688420768280299,0
5,3,561,1,1,1
5,3,562,1,1,1
5,3,563,1,1,1
5,3,564,1,1,1
5,3,565,1,1,1
5,3,566,1,1,1
5,3,567,1,1,1
5,3,568,1,1,1
5,3,569,1,0.999979990095097,1
5,3,570,1,0.997748885698421,0
5,3,571,1,1,1
5,3,572,1,1,1
5,3,573,1,1,1
5,3,574,1,1,1
5,3,575,1,1,1
5,3,576,1,1,1
5,3,577,1,1,1
5,3,578,1,1,1
5,3,579,1,1,1
5,3,580,1,1,1
5,3,581,1,1,1
5,3,582,1,1,1
5,3,583,1,1,1
5,3,584,1,1,1
5,3,585,1,1,1
5,3,586,1,1,1
5,3,587,1,1,1
5,3,588,1,1,1
5,3,589,1,1,1
5,3,590,1,1,1
5,3,591,1,1,1
5,3,592,1,1,1
5,3,593,1,1,1
5,3,594,1,1,1
5,3,595,1,1,1
5,3,596,1,1,1
5,3,597,1,1,1
5,3,598,1,1,1
5,3,599,1,1,1
5,3,600,1,1,1
5,3,601,1,0.018219018414115,0
5,3,602,1,0.00856924177467847,0
5,3,603,1,0.00382689431268478,0
5,3,604,1,0.00130064381869025,0
5,3,605,1,0.00034517085957549,0
5,3,606,1,3.50173335801222e-05,0
5,3,607,1,5.00247622573174e-06,0
5,3,608,1,0,0
5,3,609,1,0,0
5,3,610,1,0,0
5,3,611,1,0.23096932981826,0
5,3,612,1,0.140369482894033,0
5,3,613,1,0.0740816704268613,0
5,3,614,1,0.0321158973691978,0
5,3,615,1,0.0102700836914273,0
5,3,616,1,0.00213105487216172,0
5,3,617,1,0.000265131239963782,0
5,3,618,1,2.00099049029269e-05,0
5,3,619,1,0,0
5,3,620,1,0,0
5,3,621,1,0.785874007633779,0
5,3,622,1,0.666695014031946,0
5,3,623,1,0.521132960815604,0
5,3,624,1,0.344775663953657,0
5,3,625,1,0.182135156902667,0
5,3,626,1,0.0656424930340519,0
5,3,627,1,0.0139869235271459,0
5,3,628,1,0.00130564629491598,0
5,3,629,1,4.50222860315856e-05,0
5,3,630,1,5.00247622573174e-06,0
5,3,631,1,0.993806934432544,0
5,3,632,1,0.984457306366652,0
5,3,633,1,0.961826103921441,0
5,3,634,1,0.905893417241535,0
5,3,635,1,0.780951571027659,0
5,3,636,1,0.566405370658476,0
5,3,637,1,0.284490822957364,0
5,3,638,1,0.0759626014877364,0
5,3,639,1,0.00787389757930175,0
5,3,640,1,0.000245121335060855,0
5,3,641,1,1,1
5,3,642,1,0.999984992571323,1
5,3,643,1,0.999889945523034,1
5,3,644,1,0.999534769711007,1
5,3,645,1,0.996853442454015,0
5,3,646,1,0.982751461973677,0
5,3,647,1,0.915738290453775,0
5,3,648,1,0.694308682797985,0
5,3,649,1,0.299248127823273,0
5,3,650,1,0.0448271894587821,0
5,3,651,1,1,1
5,3,652,1,1,1
5,3,653,1,1,1
5,3,654,1,1,1
5,3,655,1,1,1
5,3,656,1,0.999984992571323,1
5,3,657,1,0.999864933141905,1
5,3,658,1,0.99641322454615,0
5,3,659,1,0.951295891466276,0
5,3,660,1,0.688670892091585,0
5,3,661,1,1,1
5,3,662,1,1,1
5,3,663,1,1,1
5,3,664,1,1,1
5,3,665,1,1,1
5,3,666,1,1,1
5,3,667,1,1,1
5,3,668,1,1,1
5,3,669,1,0.999969985142646,1
5,3,670,1,0.997668846078809,0
5,3,671,1,1,1
5,3,672,1,1,1
5,3,673,1,1,1
5,3,674,1,1,1
5,3,675,1,1,1
5,3,676,1,1,1
5,3,677,1,1,1
5,3,678,1,1,1
5,3,679,1,1,1
5,3,680,1,1,1
5,3,681,1,1,1
5,3,682,1,1,1
5,3,683,1,1,1
5,3,684,1,1,1
5,3,685,1,1,1
5,3,686,1,1,1
5,3,687,1,1,1
5,3,688,1,1,1
5,3,689,1,1,1
5,3,690,1,1,1
5,3,691,1,1,1
5,3,692,1,1,1
5,3,693,1,1,1
5,3,694,1,1,1
5,3,695,1,1,1
5,3,696,1,1,1
5,3,697,1,1,1
5,3,698,1,1,1
5,3,699,1,1,1
5,3,700,1,1,1
