2,1,1,1,1,2,0.163634439979103,1
2,1,2,1,1,2,0.277276883711741,0
2,1,3,1,1,2,0.469157527278605,1
2,1,4,1,1,2,0.701226980294012,0
2,1,5,1,1,2,0.870339808879453,0
2,1,6,1,1,2,0.951411712070228,-1
2,1,7,1,1,2,0.979544976639624,0
2,1,8,1,1,2,0.987307248165369,0
2,1,9,1,1,2,0.989343098163768,0
2,1,10,1,1,2,0.989886726288663,-2
2,1,11,1,1,2,0.124270925999572,0
2,1,12,1,1,2,0.205221896423268,-1
2,1,13,1,1,2,0.383858384343522,0
2,1,14,1,1,2,0.622241986686784,0
2,1,15,1,1,2,0.822540336221322,0
2,1,16,1,1,2,0.931277236888174,0
2,1,17,1,1,2,0.973200288333251,0
2,1,18,1,1,2,0.985532390801903,0
2,1,19,1,1,2,0.988810899507033,0
2,1,20,1,1,2,0.989788470384285,3
2,1,21,1,1,2,0.0951518299560897,0
2,1,22,1,1,2,0.165383578664755,0
2,1,23,1,1,2,0.308177286727755,0
2,1,24,1,1,2,0.53281350071552,0
2,1,25,1,1,2,0.767944494917716,0
2,1,26,1,1,2,0.90601934328698,0
2,1,27,1,1,2,0.963705681310089,0
2,1,28,1,1,2,0.982786167916588,1
2,1,29,1,1,2,0.988102491388227,1
2,1,30,1,1,2,0.989485038863684,1
2,1,31,1,1,2,0.0742803463389125,0
2,1,32,1,1,2,0.141957921113864,-1
2,1,33,1,1,2,0.231663264893185,0
2,1,34,1,1,2,0.44498528908415,0
2,1,35,1,1,2,0.707819725494881,0
2,1,36,1,1,2,0.873966704756288,0
2,1,37,1,1,2,0.951163264030219,0
2,1,38,1,1,2,0.978491501464737,0
2,1,39,1,1,2,0.98686554849577,0
2,1,40,1,1,2,0.989060022364739,-1
2,1,41,1,1,2,0.0599613689576412,0
2,1,42,1,1,2,0.103459047352936,0
2,1,43,1,1,2,0.184267568917568,0
2,1,44,1,1,2,0.365680038912571,0
2,1,45,1,1,2,0.634086337848099,0
2,1,46,1,1,2,0.836079671071337,0
2,1,47,1,1,2,0.934325145142505,0
2,1,48,1,1,2,0.972429463340584,0
2,1,49,1,1,2,0.984935064666473,0
2,1,50,1,1,2,0.98851418353995,1
2,1,51,1,1,2,0.0472457529486171,0
2,1,52,1,1,2,0.0801620686036983,0
2,1,53,1,1,2,0.136094105338605,0
2,1,54,1,1,2,0.271438750540783,0
2,1,55,1,1,2,0.524730095731356,0
2,1,56,1,1,2,0.787164980947282,0
2,1,57,1,1,2,0.913287773714483,0
2,1,58,1,1,2,0.963925439304927,0
2,1,59,1,1,2,0.98171085982693,0
2,1,60,1,1,2,0.98741931984796,0
2,1,61,1,1,2,0.0467824382824778,0
2,1,62,1,1,2,0.0597632015884832,0
2,1,63,1,1,2,0.0930315579231409,0
2,1,64,1,1,2,0.197636882428308,0
2,1,65,1,1,2,0.399436119201297,0
2,1,66,1,1,2,0.712844373146213,0
2,1,67,1,1,2,0.886116060320179,0
2,1,68,1,1,2,0.952082228405169,0
2,1,69,1,1,2,0.97732472255577,0
2,1,70,1,1,2,0.985824277091118,0
2,1,71,1,1,2,0.0349773295990417,-1
2,1,72,1,1,2,0.0533904901387214,0
2,1,73,1,1,2,0.073917638491993,0
2,1,74,1,1,2,0.123782759581917,0
2,1,75,1,1,2,0.269886396516291,0
2,1,76,1,1,2,0.567511241981365,0
2,1,77,1,1,2,0.842931358957204,0
2,1,78,1,1,2,0.936225338780691,0
2,1,79,1,1,2,0.970696917194107,0
2,1,80,1,1,2,0.983167064540109,0
2,1,81,1,1,2,0.0308124120782745,1
2,1,82,1,1,2,0.0362599058991994,0
2,1,83,1,1,2,0.0543732710769884,0
2,1,84,1,1,2,0.094259082848124,0
2,1,85,1,1,2,0.185433244405911,0
2,1,86,1,1,2,0.371086395850519,0
2,1,87,1,1,2,0.748438532315245,0
2,1,88,1,1,2,0.911496141124461,0
2,1,89,1,1,2,0.961291483031385,0
2,1,90,1,1,2,0.979281140180995,0
2,1,91,1,1,2,0.0277884976001309,-1
2,1,92,1,1,2,0.0262609864236056,1
2,1,93,1,1,2,0.0367344271139948,-1
2,1,94,1,1,2,0.0628060562386297,0
2,1,95,1,1,2,0.117206051094167,0
2,1,96,1,1,2,0.22554958411723,0
2,1,97,1,1,2,0.537816681437011,0
2,1,98,1,1,2,0.862060644752953,0
2,1,99,1,1,2,0.945976207809376,0
2,1,100,1,1,2,0.973117988289622,0
2,1,101,1,1,2,0.13442350051775,1
2,1,102,1,1,2,0.218930091132666,-1
2,1,103,1,1,2,0.387292628362584,-1
2,1,104,1,1,2,0.632853194217192,0
2,1,105,1,1,2,0.83886883486781,0
2,1,106,1,1,2,0.941649771191005,0
2,1,107,1,1,2,0.976467064428061,0
2,1,108,1,1,2,0.986611690407079,0
2,1,109,1,1,2,0.989146428794231,-1
2,1,110,1,1,2,0.989827412030619,10
2,1,111,1,1,2,0.0947831203763003,-1
2,1,112,1,1,2,0.161421591665048,0
2,1,113,1,1,2,0.297903059347925,0
2,1,114,1,1,2,0.527311837762167,0
2,1,115,1,1,2,0.774413842173802,0
2,1,116,1,1,2,0.915359304300466,0
2,1,117,1,1,2,0.968259639238839,0
2,1,118,1,1,2,0.984292869450825,0
2,1,119,1,1,2,0.988614743618368,0
2,1,120,1,1,2,0.989667792447334,-2
2,1,121,1,1,2,0.070632918546504,0
2,1,122,1,1,2,0.120101531698151,0
2,1,123,1,1,2,0.213018054909626,0
2,1,124,1,1,2,0.404896016203644,0
2,1,125,1,1,2,0.689370991083981,0
2,1,126,1,1,2,0.880083585941025,0
2,1,127,1,1,2,0.956356212345678,0
2,1,128,1,1,2,0.980861913276568,-1
2,1,129,1,1,2,0.987599902922902,-1
2,1,130,1,1,2,0.989433706723362,-10
2,1,131,1,1,2,0.0572439448360917,1
2,1,132,1,1,2,0.0901194929838218,0
2,1,133,1,1,2,0.142672858232461,0
2,1,134,1,1,2,0.300294787244229,0
2,1,135,1,1,2,0.572060189046528,0
2,1,136,1,1,2,0.832471028865854,0
2,1,137,1,1,2,0.939564201385512,0
2,1,138,1,1,2,0.97538006908364,0
2,1,139,1,1,2,0.986120160602783,0
2,1,140,1,1,2,0.988997408332707,0
2,1,141,1,1,2,0.0487514102478982,0
2,1,142,1,1,2,0.0619443892158026,0
2,1,143,1,1,2,0.115352677890735,0
2,1,144,1,1,2,0.201076987285993,0
2,1,145,1,1,2,0.441402203900856,0
2,1,146,1,1,2,0.757225362228777,0
2,1,147,1,1,2,0.914539659371269,0
2,1,148,1,1,2,0.967327635905251,0
2,1,149,1,1,2,0.983487864600022,0
2,1,150,1,1,2,0.988166315951465,0
2,1,151,1,1,2,0.039463564399023,0
2,1,152,1,1,2,0.0550820087071506,0
2,1,153,1,1,2,0.0800009047327587,0
2,1,154,1,1,2,0.149538149377248,0
2,1,155,1,1,2,0.296841311890357,0
2,1,156,1,1,2,0.631860670395926,0
2,1,157,1,1,2,0.878190941425974,0
2,1,158,1,1,2,0.955744292929685,0
2,1,159,1,1,2,0.979693773037518,0
2,1,160,1,1,2,0.986843748499985,0
2,1,161,1,1,2,0.0376431602508575,0
2,1,162,1,1,2,0.0402239391165925,0
2,1,163,1,1,2,0.0642454763393809,0
2,1,164,1,1,2,0.0984404807081872,0
2,1,165,1,1,2,0.188490212394651,0
2,1,166,1,1,2,0.424487001656307,0
2,1,167,1,1,2,0.80754056566179,0
2,1,168,1,1,2,0.937945345305009,0
2,1,169,1,1,2,0.973911662140209,0
2,1,170,1,1,2,0.984929276236198,0
2,1,171,1,1,2,0.0325886888620198,-7
2,1,172,1,1,2,0.0372604723227001,0
2,1,173,1,1,2,0.0483129238856925,0
2,1,174,1,1,2,0.077858421398025,0
2,1,175,1,1,2,0.124213425500986,0
2,1,176,1,1,2,0.276412382067735,0
2,1,177,1,1,2,0.615267224024493,0
2,1,178,1,1,2,0.906200125461559,0
2,1,179,1,1,2,0.964679678286928,0
2,1,180,1,1,2,0.981709410700276,0
2,1,181,1,1,2,0.0280735760066317,0
2,1,182,1,1,2,0.0281452996733571,0
2,1,183,1,1,2,0.0305587700812055,0
2,1,184,1,1,2,0.0596236309863937,0
2,1,185,1,1,2,0.0882082109538991,0
2,1,186,1,1,2,0.179464121315538,0
2,1,187,1,1,2,0.364993161508751,0
2,1,188,1,1,2,0.815046712349308,0
2,1,189,1,1,2,0.948619749614238,0
2,1,190,1,1,2,0.976504974309195,0
2,1,191,1,1,2,0.0243996683846452,-4
2,1,192,1,1,2,0.0258582772225288,-1
2,1,193,1,1,2,0.0288472918288296,1
2,1,194,1,1,2,0.0380790491103453,0
2,1,195,1,1,2,0.0613352096661037,0
2,1,196,1,1,2,0.104315992121126,0
2,1,197,1,1,2,0.218213163429897,0
2,1,198,1,1,2,0.520424502403119,0
2,1,199,1,1,2,0.912339161995439,0
2,1,200,1,1,2,0.967718323801103,0
2,1,201,1,1,2,0.111857460475293,1
2,1,202,1,1,2,0.184124953829614,0
2,1,203,1,1,2,0.326594800609747,0
2,1,204,1,1,2,0.563172977555744,0
2,1,205,1,1,2,0.803892724710564,0
2,1,206,1,1,2,0.92967782833832,0
2,1,207,1,1,2,0.973342444302732,0
2,1,208,1,1,2,0.985781715542077,1
2,1,209,1,1,2,0.988984218891159,-1
2,1,210,1,1,2,0.989819812420373,-10
2,1,211,1,1,2,0.084027160867479,-1
2,1,212,1,1,2,0.13204978886512,-1
2,1,213,1,1,2,0.237718967804769,0
2,1,214,1,1,2,0.441731359400792,0
2,1,215,1,1,2,0.716206445654181,0
2,1,216,1,1,2,0.896200192239646,0
2,1,217,1,1,2,0.963513304259506,0
2,1,218,1,1,2,0.983118433835872,0
2,1,219,1,1,2,0.988256944662189,0
2,1,220,1,1,2,0.989572566633022,0
2,1,221,1,1,2,0.0598022164291046,0
2,1,222,1,1,2,0.0957007915294453,0
2,1,223,1,1,2,0.171723217933929,0
2,1,224,1,1,2,0.322532090448563,0
2,1,225,1,1,2,0.60086013273144,0
2,1,226,1,1,2,0.848612397341547,0
2,1,227,1,1,2,0.94811213748242,0
2,1,228,1,1,2,0.978752806056086,0
2,1,229,1,1,2,0.987040628747748,1
2,1,230,1,1,2,0.989266111972556,0
2,1,231,1,1,2,0.0494213675586173,0
2,1,232,1,1,2,0.0763829491732642,0
2,1,233,1,1,2,0.12497860886131,0
2,1,234,1,1,2,0.225164221440187,0
2,1,235,1,1,2,0.458131376804179,0
2,1,236,1,1,2,0.773485537948465,0
2,1,237,1,1,2,0.924944962223259,0
2,1,238,1,1,2,0.971809706942884,0
2,1,239,1,1,2,0.985136408824737,0
2,1,240,1,1,2,0.988626343871442,-1
2,1,241,1,1,2,0.0389458898796827,-1
2,1,242,1,1,2,0.062936961668684,0
2,1,243,1,1,2,0.086138943813286,0
2,1,244,1,1,2,0.157546884572363,0
2,1,245,1,1,2,0.316275341976446,0
2,1,246,1,1,2,0.648364442714216,0
2,1,247,1,1,2,0.88917237753581,0
2,1,248,1,1,2,0.961345861212125,0
2,1,249,1,1,2,0.982130029561403,0
2,1,250,1,1,2,0.987811872274494,0
2,1,251,1,1,2,0.0331422103531055,0
2,1,252,1,1,2,0.0422058048091399,0
2,1,253,1,1,2,0.0709398170583712,-1
2,1,254,1,1,2,0.113765821709623,0
2,1,255,1,1,2,0.204059130583217,0
2,1,256,1,1,2,0.439873595935271,0
2,1,257,1,1,2,0.820396844678029,0
2,1,258,1,1,2,0.945307449582077,0
2,1,259,1,1,2,0.977112494347271,0
2,1,260,1,1,2,0.986380648773837,0
2,1,261,1,1,2,0.0281341751154237,0
2,1,262,1,1,2,0.0353676694495875,0
2,1,263,1,1,2,0.0442881683804475,0
2,1,264,1,1,2,0.0753610686276073,0
2,1,265,1,1,2,0.140420480192123,0
2,1,266,1,1,2,0.281868199448714,0
2,1,267,1,1,2,0.645208383870505,0
2,1,268,1,1,2,0.916051692218465,0
2,1,269,1,1,2,0.969572756038522,0
2,1,270,1,1,2,0.983757216313155,0
2,1,271,1,1,2,0.027979989392558,-8
2,1,272,1,1,2,0.0321393680353348,0
2,1,273,1,1,2,0.0359936932056595,1
2,1,274,1,1,2,0.0540397828096805,0
2,1,275,1,1,2,0.0925028346243956,0
2,1,276,1,1,2,0.174973585769859,0
2,1,277,1,1,2,0.408440714194673,0
2,1,278,1,1,2,0.838292605214969,0
2,1,279,1,1,2,0.956198375212927,0
2,1,280,1,1,2,0.979927301269285,0
2,1,281,1,1,2,0.0277652274008421,10
2,1,282,1,1,2,0.0263653155024289,-4
2,1,283,1,1,2,0.033370980718748,1
2,1,284,1,1,2,0.0584233482712978,0
2,1,285,1,1,2,0.0613941381155261,0
2,1,286,1,1,2,0.128083432928576,0
2,1,287,1,1,2,0.239594519301326,0
2,1,288,1,1,2,0.559724270917945,0
2,1,289,1,1,2,0.926333703723183,0
2,1,290,1,1,2,0.973249457924359,0
2,1,291,1,1,2,0.0242994281795325,-7
2,1,292,1,1,2,0.0260133938478584,3
2,1,293,1,1,2,0.0309560117357761,0
2,1,294,1,1,2,0.0346745563938467,0
2,1,295,1,1,2,0.042847478587891,0
2,1,296,1,1,2,0.07353320992454,0
2,1,297,1,1,2,0.146951127223441,0
2,1,298,1,1,2,0.326794955364122,0
2,1,299,1,1,2,0.790612064254036,0
2,1,300,1,1,2,0.959220059180336,0
2,1,301,1,1,2,0.0976333745902978,0
2,1,302,1,1,2,0.174142870334726,0
2,1,303,1,1,2,0.282024741335651,0
2,1,304,1,1,2,0.502320459412444,0
2,1,305,1,1,2,0.765606380843019,0
2,1,306,1,1,2,0.916600711008708,0
2,1,307,1,1,2,0.969688396625856,0
2,1,308,1,1,2,0.984903829343888,0
2,1,309,1,1,2,0.988788126674719,-2
2,1,310,1,1,2,0.989748769133395,0
2,1,311,1,1,2,0.0700166981528797,1
2,1,312,1,1,2,0.117838038075757,0
2,1,313,1,1,2,0.210270664230568,0
2,1,314,1,1,2,0.366727947412561,0
2,1,315,1,1,2,0.656422293123184,0
2,1,316,1,1,2,0.875612221798396,0
2,1,317,1,1,2,0.957464714396647,0
2,1,318,1,1,2,0.981701606863141,0
2,1,319,1,1,2,0.98802811834755,0
2,1,320,1,1,2,0.989475891354166,1
2,1,321,1,1,2,0.0556300732749743,0
2,1,322,1,1,2,0.0864857525714445,0
2,1,323,1,1,2,0.134575386043322,0
2,1,324,1,1,2,0.264229475126025,0
2,1,325,1,1,2,0.516788970145951,0
2,1,326,1,1,2,0.810349060556269,0
2,1,327,1,1,2,0.938572858335886,0
2,1,328,1,1,2,0.976179431594013,0
2,1,329,1,1,2,0.986532458055814,0
2,1,330,1,1,2,0.989124963828151,-1
2,1,331,1,1,2,0.04236383555312,-1
2,1,332,1,1,2,0.0628852073819596,0
2,1,333,1,1,2,0.0986011471577549,1
2,1,334,1,1,2,0.183657930325361,0
2,1,335,1,1,2,0.359367569840129,0
2,1,336,1,1,2,0.701946522499572,0
2,1,337,1,1,2,0.907703130287629,0
2,1,338,1,1,2,0.967732307410925,0
2,1,339,1,1,2,0.984218565684353,0
2,1,340,1,1,2,0.988477261650857,0
2,1,341,1,1,2,0.0370994885198936,-3
2,1,342,1,1,2,0.0518508664872252,0
2,1,343,1,1,2,0.0691793636707609,0
2,1,344,1,1,2,0.126031287399375,0
2,1,345,1,1,2,0.252016510284281,0
2,1,346,1,1,2,0.52122243444082,0
2,1,347,1,1,2,0.85430845153567,0
2,1,348,1,1,2,0.954326742244748,0
2,1,349,1,1,2,0.980431431528973,0
2,1,350,1,1,2,0.987396810382954,0
2,1,351,1,1,2,0.0309201816837127,-2
2,1,352,1,1,2,0.0400039892780715,0
2,1,353,1,1,2,0.0516063388006082,-1
2,1,354,1,1,2,0.0878595920764774,0
2,1,355,1,1,2,0.157938921184087,0
2,1,356,1,1,2,0.334403046617788,0
2,1,357,1,1,2,0.730242600221355,0
2,1,358,1,1,2,0.931351967313297,0
2,1,359,1,1,2,0.974411140222379,0
2,1,360,1,1,2,0.985613446126244,0
2,1,361,1,1,2,0.0318886672836743,0
2,1,362,1,1,2,0.0309114310405924,0
2,1,363,1,1,2,0.0389206271407559,0
2,1,364,1,1,2,0.059288422111335,0
2,1,365,1,1,2,0.109309375697485,0
2,1,366,1,1,2,0.217090633610419,0
2,1,367,1,1,2,0.486558204418055,0
2,1,368,1,1,2,0.880290505523698,0
2,1,369,1,1,2,0.964132787365031,0
2,1,370,1,1,2,0.98266266357621,0
2,1,371,1,1,2,0.02745101454903,-9
2,1,372,1,1,2,0.0271273037409371,10
2,1,373,1,1,2,0.0328888657917904,-1
2,1,374,1,1,2,0.0554646320135593,0
2,1,375,1,1,2,0.0816864709453791,0
2,1,376,1,1,2,0.132515707912884,0
2,1,377,1,1,2,0.276632793468491,0
2,1,378,1,1,2,0.691225559571808,0
2,1,379,1,1,2,0.944027208929596,0
2,1,380,1,1,2,0.977691894113293,0
2,1,381,1,1,2,0.0249082879975315,5
2,1,382,1,1,2,0.0281685380285603,-5
2,1,383,1,1,2,0.0285479734854995,0
2,1,384,1,1,2,0.0361828744330591,0
2,1,385,1,1,2,0.054892911411538,0
2,1,386,1,1,2,0.0860685277339589,0
2,1,387,1,1,2,0.173677885029361,0
2,1,388,1,1,2,0.402985221688574,0
2,1,389,1,1,2,0.877870450971278,0
2,1,390,1,1,2,0.968705787028561,0
2,1,391,1,1,2,0.0234778836980558,-2
2,1,392,1,1,2,0.0283554253008547,4
2,1,393,1,1,2,0.0258242246514254,-9
2,1,394,1,1,2,0.0282174733953425,6
2,1,395,1,1,2,0.0415215240009166,1
2,1,396,1,1,2,0.0616614483710762,0
2,1,397,1,1,2,0.102150298606236,0
2,1,398,1,1,2,0.218216994385347,0
2,1,399,1,1,2,0.560926886524438,0
2,1,400,1,1,2,0.944781864529034,0
2,1,401,1,1,2,0.0918525911837477,1
2,1,402,1,1,2,0.137905455902629,0
2,1,403,1,1,2,0.2583697293741,0
2,1,404,1,1,2,0.447007714595125,0
2,1,405,1,1,2,0.725943747679059,0
2,1,406,1,1,2,0.902769552699702,0
2,1,407,1,1,2,0.965839213265175,0
2,1,408,1,1,2,0.984016454252962,0
2,1,409,1,1,2,0.988475780379497,1
2,1,410,1,1,2,0.989661490682093,1
2,1,411,1,1,2,0.0746527615031355,0
2,1,412,1,1,2,0.103219144759438,-1
2,1,413,1,1,2,0.169960220309567,0
2,1,414,1,1,2,0.321830870984798,0
2,1,415,1,1,2,0.600557679575202,0
2,1,416,1,1,2,0.85162080394354,0
2,1,417,1,1,2,0.950950602562327,0
2,1,418,1,1,2,0.980045667451499,0
2,1,419,1,1,2,0.987487138039372,0
2,1,420,1,1,2,0.989443390672751,0
2,1,421,1,1,2,0.0528209549544534,1
2,1,422,1,1,2,0.0728108682918079,0
2,1,423,1,1,2,0.122740702343572,0
2,1,424,1,1,2,0.218580821914471,0
2,1,425,1,1,2,0.440814990046314,0
2,1,426,1,1,2,0.767925878290617,0
2,1,427,1,1,2,0.927307606589856,0
2,1,428,1,1,2,0.973697541405236,0
2,1,429,1,1,2,0.985876226571027,0
2,1,430,1,1,2,0.989013623291103,0
2,1,431,1,1,2,0.0411073514138099,0
2,1,432,1,1,2,0.054952735683621,1
2,1,433,1,1,2,0.0890040850067939,0
2,1,434,1,1,2,0.162543589757438,0
2,1,435,1,1,2,0.298987702968535,0
2,1,436,1,1,2,0.624587956183762,0
2,1,437,1,1,2,0.88713150395091,0
2,1,438,1,1,2,0.963319111298332,0
2,1,439,1,1,2,0.98309070386815,0
2,1,440,1,1,2,0.988223213376565,0
2,1,441,1,1,2,0.0366967118631229,-1
2,1,442,1,1,2,0.0434313057063484,-1
2,1,443,1,1,2,0.0614632662998385,0
2,1,444,1,1,2,0.100959228136153,0
2,1,445,1,1,2,0.193529664089891,0
2,1,446,1,1,2,0.434112919779337,0
2,1,447,1,1,2,0.80681532865908,0
2,1,448,1,1,2,0.945880934653303,0
2,1,449,1,1,2,0.978557939298553,0
2,1,450,1,1,2,0.986989927099321,0
2,1,451,1,1,2,0.0326525611728004,0
2,1,452,1,1,2,0.0411545802524119,1
2,1,453,1,1,2,0.0555990285701773,0
2,1,454,1,1,2,0.0731543893937889,0
2,1,455,1,1,2,0.137310009017247,0
2,1,456,1,1,2,0.284354851049271,0
2,1,457,1,1,2,0.609202257548993,0
2,1,458,1,1,2,0.912888976167983,0
2,1,459,1,1,2,0.971136789885596,0
2,1,460,1,1,2,0.984849052145442,0
2,1,461,1,1,2,0.0284920146669815,6
2,1,462,1,1,2,0.0298118831225363,-6
2,1,463,1,1,2,0.0339431646874494,-1
2,1,464,1,1,2,0.0538273136988945,0
2,1,465,1,1,2,0.0879022267351829,0
2,1,466,1,1,2,0.175398374014337,0
2,1,467,1,1,2,0.381576177272217,0
2,1,468,1,1,2,0.822612239802218,0
2,1,469,1,1,2,0.95750297008929,0
2,1,470,1,1,2,0.981444025145162,0
2,1,471,1,1,2,0.0268191565824087,0
2,1,472,1,1,2,0.0321789707577646,-2
2,1,473,1,1,2,0.0387779732802845,0
2,1,474,1,1,2,0.0455402212411685,0
2,1,475,1,1,2,0.0680235998681214,0
2,1,476,1,1,2,0.108247854060424,0
2,1,477,1,1,2,0.218979191854567,0
2,1,478,1,1,2,0.531283138002416,0
2,1,479,1,1,2,0.925814437232027,0
2,1,480,1,1,2,0.975179495618154,0
2,1,481,1,1,2,0.0256160083649586,10
2,1,482,1,1,2,0.0282238936835685,-7
2,1,483,1,1,2,0.0283478855909948,-1
2,1,484,1,1,2,0.0328172093988551,0
2,1,485,1,1,2,0.0481668792003995,0
2,1,486,1,1,2,0.0811560333331958,0
2,1,487,1,1,2,0.145285881011012,0
2,1,488,1,1,2,0.29357565166224,0
2,1,489,1,1,2,0.765649458064792,0
2,1,490,1,1,2,0.962172596136975,0
2,1,491,1,1,2,0.0258033524991542,3
2,1,492,1,1,2,0.0269388385042509,-10
2,1,493,1,1,2,0.0239979220872737,0
2,1,494,1,1,2,0.0272474932510525,4
2,1,495,1,1,2,0.0344044650273409,0
2,1,496,1,1,2,0.0447061491532851,0
2,1,497,1,1,2,0.0937284868806959,0
2,1,498,1,1,2,0.184784037266357,0
2,1,499,1,1,2,0.403307588883306,0
2,1,500,1,1,2,0.917404408554394,0
2,1,501,1,1,2,0.0944931991940631,-1
2,1,502,1,1,2,0.126316983479686,-1
2,1,503,1,1,2,0.224569186723853,-1
2,1,504,1,1,2,0.400515845014548,0
2,1,505,1,1,2,0.687010065634068,0
2,1,506,1,1,2,0.887468815393914,0
2,1,507,1,1,2,0.961701312625094,0
2,1,508,1,1,2,0.982963782597438,0
2,1,509,1,1,2,0.988312090209793,0
2,1,510,1,1,2,0.989704909923837,0
2,1,511,1,1,2,0.0640737052160401,-1
2,1,512,1,1,2,0.0868567521022545,1
2,1,513,1,1,2,0.167371215062256,0
2,1,514,1,1,2,0.291231819515047,0
2,1,515,1,1,2,0.538645460848735,0
2,1,516,1,1,2,0.823529678910539,0
2,1,517,1,1,2,0.944314599638723,0
2,1,518,1,1,2,0.978307067422208,0
2,1,519,1,1,2,0.987185968550897,0
2,1,520,1,1,2,0.989276672203208,-2
2,1,521,1,1,2,0.0449708328654972,-1
2,1,522,1,1,2,0.0715652266300183,0
2,1,523,1,1,2,0.106662670867239,0
2,1,524,1,1,2,0.200988283312811,0
2,1,525,1,1,2,0.391590592361332,0
2,1,526,1,1,2,0.717865603508899,0
2,1,527,1,1,2,0.914625882012464,0
2,1,528,1,1,2,0.970632926193028,0
2,1,529,1,1,2,0.98521733832889,0
2,1,530,1,1,2,0.988780522360335,0
2,1,531,1,1,2,0.0419273591298162,0
2,1,532,1,1,2,0.0458793976954195,0
2,1,533,1,1,2,0.0786860045846727,0
2,1,534,1,1,2,0.137896942013655,0
2,1,535,1,1,2,0.258207315815168,0
2,1,536,1,1,2,0.544030669268581,0
2,1,537,1,1,2,0.861876147151531,0
2,1,538,1,1,2,0.958163667635224,0
2,1,539,1,1,2,0.981871324222303,0
2,1,540,1,1,2,0.987850261823891,0
2,1,541,1,1,2,0.0368604246000482,-1
2,1,542,1,1,2,0.0389329531721354,0
2,1,543,1,1,2,0.0632345894660897,0
2,1,544,1,1,2,0.100133956065434,0
2,1,545,1,1,2,0.177788026569068,0
2,1,546,1,1,2,0.359148781962092,0
2,1,547,1,1,2,0.747375289435928,0
2,1,548,1,1,2,0.936177193268925,0
2,1,549,1,1,2,0.976705064705806,0
2,1,550,1,1,2,0.98647964176671,0
2,1,551,1,1,2,0.031895694841495,1
2,1,552,1,1,2,0.0372656256105705,0
2,1,553,1,1,2,0.0393152373977168,0
2,1,554,1,1,2,0.0759469085541333,0
2,1,555,1,1,2,0.105717425655565,0
2,1,556,1,1,2,0.239441839362914,0
2,1,557,1,1,2,0.509950514586005,0
2,1,558,1,1,2,0.889193121040531,0
2,1,559,1,1,2,0.967280447434549,0
2,1,560,1,1,2,0.984062782338654,0
2,1,561,1,1,2,0.0314986703377648,5
2,1,562,1,1,2,0.0307121454077363,-1
2,1,563,1,1,2,0.0379917722958896,-1
2,1,564,1,1,2,0.046032015439776,0
2,1,565,1,1,2,0.0809530285763646,0
2,1,566,1,1,2,0.140049404029688,0
2,1,567,1,1,2,0.310125998168911,0
2,1,568,1,1,2,0.729556741609422,0
2,1,569,1,1,2,0.949383010442676,0
2,1,570,1,1,2,0.979833219393239,0
2,1,571,1,1,2,0.0298979039251758,7
2,1,572,1,1,2,0.0319536772792301,0
2,1,573,1,1,2,0.034508782650417,0
2,1,574,1,1,2,0.0380552466720087,1
2,1,575,1,1,2,0.0571729895275581,0
2,1,576,1,1,2,0.0867921118328991,0
2,1,577,1,1,2,0.180478572353237,0
2,1,578,1,1,2,0.429557153893656,0
2,1,579,1,1,2,0.896713087937811,0
2,1,580,1,1,2,0.972037949631381,0
2,1,581,1,1,2,0.0250942292716571,2
2,1,582,1,1,2,0.0271320588034636,-1
2,1,583,1,1,2,0.0253876309678298,-5
2,1,584,1,1,2,0.0420734419894473,0
2,1,585,1,1,2,0.0370198547030217,1
2,1,586,1,1,2,0.069422477573178,0
2,1,587,1,1,2,0.116700887098814,0
2,1,588,1,1,2,0.255894424373392,0
2,1,589,1,1,2,0.619263159992933,0
2,1,590,1,1,2,0.953707567103951,0
2,1,591,1,1,2,0.0240948757382402,7
2,1,592,1,1,2,0.0260834476967407,-1
2,1,593,1,1,2,0.0306579925654663,7
2,1,594,1,1,2,0.0245045570801603,-9
2,1,595,1,1,2,0.0405939967254517,0
2,1,596,1,1,2,0.0470725132303854,0
2,1,597,1,1,2,0.0811778719777338,0
2,1,598,1,1,2,0.152917455153498,0
2,1,599,1,1,2,0.3233055679021,0
2,1,600,1,1,2,0.852354482117053,0
2,1,601,1,1,2,0.0864962668256922,1
2,1,602,1,1,2,0.124508922765978,-1
2,1,603,1,1,2,0.212349836166931,0
2,1,604,1,1,2,0.36825606252438,0
2,1,605,1,1,2,0.649713975850463,0
2,1,606,1,1,2,0.870922603740176,0
2,1,607,1,1,2,0.957364068581505,0
2,1,608,1,1,2,0.98167333412312,0
2,1,609,1,1,2,0.98805760194432,0
2,1,610,1,1,2,0.989551701762934,0
2,1,611,1,1,2,0.0621567979301569,0
2,1,612,1,1,2,0.0866686761103877,-1
2,1,613,1,1,2,0.146878169176796,0
2,1,614,1,1,2,0.258698379364981,0
2,1,615,1,1,2,0.49840754226859,0
2,1,616,1,1,2,0.795145635523065,0
2,1,617,1,1,2,0.935929758014728,0
2,1,618,1,1,2,0.976379056302979,0
2,1,619,1,1,2,0.986713837463026,0
2,1,620,1,1,2,0.989201720314128,0
2,1,621,1,1,2,0.0474248208192487,-1
2,1,622,1,1,2,0.059314104444962,0
2,1,623,1,1,2,0.0971786710343251,0
2,1,624,1,1,2,0.174364815443407,0
2,1,625,1,1,2,0.347591274760472,0
2,1,626,1,1,2,0.665728592169354,0
2,1,627,1,1,2,0.900206509811688,0
2,1,628,1,1,2,0.967410429670865,0
2,1,629,1,1,2,0.984547590167752,0
2,1,630,1,1,2,0.988593846310187,0
2,1,631,1,1,2,0.0457760775766856,-1
2,1,632,1,1,2,0.0441031759218676,0
2,1,633,1,1,2,0.075453208651313,0
2,1,634,1,1,2,0.123858359472642,0
2,1,635,1,1,2,0.218819330832964,0
2,1,636,1,1,2,0.489920223213629,0
2,1,637,1,1,2,0.833208933934025,0
2,1,638,1,1,2,0.952080802461796,0
2,1,639,1,1,2,0.980750168034313,0
2,1,640,1,1,2,0.987630101639906,0
2,1,641,1,1,2,0.0342626546166711,0
2,1,642,1,1,2,0.0376802545411578,0
2,1,643,1,1,2,0.0617982961629862,0
2,1,644,1,1,2,0.0865493154654292,0
2,1,645,1,1,2,0.159591360187319,0
2,1,646,1,1,2,0.321041829444626,0
2,1,647,1,1,2,0.676208782966774,0
2,1,648,1,1,2,0.924517764483523,0
2,1,649,1,1,2,0.974314106759122,0
2,1,650,1,1,2,0.985972406230537,0
2,1,651,1,1,2,0.0286860264252453,2
2,1,652,1,1,2,0.0367549033450862,-1
2,1,653,1,1,2,0.0482010203296812,0
2,1,654,1,1,2,0.0555065652512971,0
2,1,655,1,1,2,0.0970841450029118,0
2,1,656,1,1,2,0.193576177218379,0
2,1,657,1,1,2,0.445867529562145,0
2,1,658,1,1,2,0.858377772763806,0
2,1,659,1,1,2,0.963026382167746,0
2,1,660,1,1,2,0.983289141589974,0
2,1,661,1,1,2,0.0339529042509137,1
2,1,662,1,1,2,0.0319560312498166,1
2,1,663,1,1,2,0.0357556664081887,1
2,1,664,1,1,2,0.0446284176429013,0
2,1,665,1,1,2,0.0745376629215232,0
2,1,666,1,1,2,0.125327061665224,0
2,1,667,1,1,2,0.256197405850017,0
2,1,668,1,1,2,0.635405100330275,0
2,1,669,1,1,2,0.938628785964932,0
2,1,670,1,1,2,0.978199903224549,0
2,1,671,1,1,2,0.0278179739496558,7
2,1,672,1,1,2,0.0281538750830963,2
2,1,673,1,1,2,0.032217091330621,0
2,1,674,1,1,2,0.0332563236841615,0
2,1,675,1,1,2,0.052215487596147,1
2,1,676,1,1,2,0.0794384353201754,0
2,1,677,1,1,2,0.162258933405779,0
2,1,678,1,1,2,0.354097298780177,0
2,1,679,1,1,2,0.847819744366683,0
2,1,680,1,1,2,0.968397862281375,0
2,1,681,1,1,2,0.02618609878855,1
2,1,682,1,1,2,0.0256571622795767,1
2,1,683,1,1,2,0.0280326639864363,-1
2,1,684,1,1,2,0.0329296582477123,0
2,1,685,1,1,2,0.0375466685953759,0
2,1,686,1,1,2,0.0627020575613901,0
2,1,687,1,1,2,0.0983427786794418,0
2,1,688,1,1,2,0.202825767371187,0
2,1,689,1,1,2,0.501609580944415,0
2,1,690,1,1,2,0.94071083384233,0
2,1,691,1,1,2,0.0250557284589858,-9
2,1,692,1,1,2,0.0249955264131996,3
2,1,693,1,1,2,0.0282246615383631,-1
2,1,694,1,1,2,0.0261607984950165,1
2,1,695,1,1,2,0.0302778611456896,1
2,1,696,1,1,2,0.0447178666925116,0
2,1,697,1,1,2,0.0712787476740796,0
2,1,698,1,1,2,0.128390381968973,0
2,1,699,1,1,2,0.278895284075086,0
2,1,700,1,1,2,0.729698039485731,0
2,2,1,1,1,2,0.204341750489025,-1
2,2,2,1,1,2,0.384790246934818,0
2,2,3,1,1,2,0.654479442847911,0
2,2,4,1,1,2,0.852207152575158,-1
2,2,5,1,1,2,0.945204540966678,0
2,2,6,1,1,2,0.977740912512618,0
2,2,7,1,1,2,0.986873541574864,-2
2,2,8,1,1,2,0.989305575152661,-2
2,2,9,1,1,2,0.989853660868701,1
2,2,10,1,1,2,0.990024327662975,-2
2,2,11,1,1,2,0.147150356896201,0
2,2,12,1,1,2,0.29007338632531,0
2,2,13,1,1,2,0.556574830025574,0
2,2,14,1,1,2,0.794537402919787,1
2,2,15,1,1,2,0.922262613128387,1
2,2,16,1,1,2,0.970459762958008,1
2,2,17,1,1,2,0.984889948182119,-5
2,2,18,1,1,2,0.988692287139679,1
2,2,19,1,1,2,0.98973396202327,-3
2,2,20,1,1,2,0.989968838503294,-2
2,2,21,1,1,2,0.106445601994316,-1
2,2,22,1,1,2,0.214188470103245,0
2,2,23,1,1,2,0.451540635874824,0
2,2,24,1,1,2,0.728387684137775,0
2,2,25,1,1,2,0.892667411996065,-1
2,2,26,1,1,2,0.959922623477276,-3
2,2,27,1,1,2,0.981696131342766,-1
2,2,28,1,1,2,0.987746384856004,0
2,2,29,1,1,2,0.989449328105415,-2
2,2,30,1,1,2,0.989869472047416,2
2,2,31,1,1,2,0.078735805735848,0
2,2,32,1,1,2,0.151705843748819,0
2,2,33,1,1,2,0.34461906054353,0
2,2,34,1,1,2,0.650650583612375,0
2,2,35,1,1,2,0.853551592218623,0
2,2,36,1,1,2,0.944718943875429,0
2,2,37,1,1,2,0.976776143902117,0
2,2,38,1,1,2,0.986353397115621,0
2,2,39,1,1,2,0.988985772186489,0
2,2,40,1,1,2,0.989686944168111,9
2,2,41,1,1,2,0.0637646182950554,-1
2,2,42,1,1,2,0.114239104807688,0
2,2,43,1,1,2,0.245844516214365,0
2,2,44,1,1,2,0.543182971588665,0
2,2,45,1,1,2,0.805937390598323,0
2,2,46,1,1,2,0.924722371659793,0
2,2,47,1,1,2,0.969504017962434,0
2,2,48,1,1,2,0.983956412974166,-6
2,2,49,1,1,2,0.988268695653962,-2
2,2,50,1,1,2,0.989493256266442,3
2,2,51,1,1,2,0.0498805751945937,0
2,2,52,1,1,2,0.0878846405720333,0
2,2,53,1,1,2,0.16792398863105,0
2,2,54,1,1,2,0.405745990598429,0
2,2,55,1,1,2,0.742248018311403,0
2,2,56,1,1,2,0.89878877942271,0
2,2,57,1,1,2,0.959529260111123,0
2,2,58,1,1,2,0.980470855987161,0
2,2,59,1,1,2,0.987032154500004,0
2,2,60,1,1,2,0.989026813545202,-3
2,2,61,1,1,2,0.0389230554203231,0
2,2,62,1,1,2,0.0653810496848459,0
2,2,63,1,1,2,0.125534986354727,0
2,2,64,1,1,2,0.272326569480337,0
2,2,65,1,1,2,0.626214043646232,0
2,2,66,1,1,2,0.862414369426285,0
2,2,67,1,1,2,0.945577308664965,0
2,2,68,1,1,2,0.975019117952938,0
2,2,69,1,1,2,0.985194207078188,0
2,2,70,1,1,2,0.988327068927925,-2
2,2,71,1,1,2,0.0317570573769017,0
2,2,72,1,1,2,0.0485568209309499,1
2,2,73,1,1,2,0.0841675410246811,0
2,2,74,1,1,2,0.170839906932176,0
2,2,75,1,1,2,0.448164230885587,0
2,2,76,1,1,2,0.799791501885435,0
2,2,77,1,1,2,0.925138294119351,0
2,2,78,1,1,2,0.967433765403686,0
2,2,79,1,1,2,0.982072041640252,0
2,2,80,1,1,2,0.987227054294664,-1
2,2,81,1,1,2,0.031629833621293,0
2,2,82,1,1,2,0.0349935979708965,0
2,2,83,1,1,2,0.0532037848288825,0
2,2,84,1,1,2,0.112912237659708,0
2,2,85,1,1,2,0.254751482925268,0
2,2,86,1,1,2,0.650870358673152,0
2,2,87,1,1,2,0.891460967042432,0
2,2,88,1,1,2,0.955647355497718,0
2,2,89,1,1,2,0.977437479183827,0
2,2,90,1,1,2,0.985396195787451,0
2,2,91,1,1,2,0.0312960885449727,4
2,2,92,1,1,2,0.0339748266871408,-1
2,2,93,1,1,2,0.0407623816366275,-1
2,2,94,1,1,2,0.0690118732212211,0
2,2,95,1,1,2,0.149018124172324,0
2,2,96,1,1,2,0.393616093025988,0
2,2,97,1,1,2,0.815433079597892,0
2,2,98,1,1,2,0.935690991395438,0
2,2,99,1,1,2,0.970154227355405,0
2,2,100,1,1,2,0.982444144070099,0
2,2,101,1,1,2,0.14940919533557,0
2,2,102,1,1,2,0.292318892252004,0
2,2,103,1,1,2,0.544869208220459,-1
2,2,104,1,1,2,0.807148678906849,-1
2,2,105,1,1,2,0.931132795438055,0
2,2,106,1,1,2,0.973839521978596,0
2,2,107,1,1,2,0.986002746630854,-2
2,2,108,1,1,2,0.989011998932592,0
2,2,109,1,1,2,0.989769130229948,-1
2,2,110,1,1,2,0.990074985522461,0
2,2,111,1,1,2,0.105768987029444,-1
2,2,112,1,1,2,0.201872243289427,-1
2,2,113,1,1,2,0.41497197422537,0
2,2,114,1,1,2,0.722494672928615,0
2,2,115,1,1,2,0.900798264728922,0
2,2,116,1,1,2,0.964144419153008,1
2,2,117,1,1,2,0.983457391904905,0
2,2,118,1,1,2,0.988391663996572,0
2,2,119,1,1,2,0.989601954051041,0
2,2,120,1,1,2,0.989959645541106,-2
2,2,121,1,1,2,0.0732089571799606,-1
2,2,122,1,1,2,0.140823701213889,0
2,2,123,1,1,2,0.286080760837458,0
2,2,124,1,1,2,0.611248903529322,0
2,2,125,1,1,2,0.855316737330385,0
2,2,126,1,1,2,0.949984541819727,0
2,2,127,1,1,2,0.979220685661093,0
2,2,128,1,1,2,0.987196531395987,0
2,2,129,1,1,2,0.9892847378064,0
2,2,130,1,1,2,0.989852143654753,3
2,2,131,1,1,2,0.0548314255728148,1
2,2,132,1,1,2,0.100230523118743,0
2,2,133,1,1,2,0.205709001409823,0
2,2,134,1,1,2,0.464428774765569,0
2,2,135,1,1,2,0.790132183466148,0
2,2,136,1,1,2,0.928558751254017,0
2,2,137,1,1,2,0.972722270416094,0
2,2,138,1,1,2,0.985367054817721,0
2,2,139,1,1,2,0.98860312711092,1
2,2,140,1,1,2,0.98963357931807,0
2,2,141,1,1,2,0.0436443616619442,0
2,2,142,1,1,2,0.0727929810968558,0
2,2,143,1,1,2,0.128181912471853,0
2,2,144,1,1,2,0.31840148101895,0
2,2,145,1,1,2,0.688537205171331,0
2,2,146,1,1,2,0.897152858994012,0
2,2,147,1,1,2,0.962479794726638,0
2,2,148,1,1,2,0.982319502031647,1
2,2,149,1,1,2,0.987799216614363,0
2,2,150,1,1,2,0.989317923582761,0
2,2,151,1,1,2,0.0365235966618549,1
2,2,152,1,1,2,0.0527123706255793,0
2,2,153,1,1,2,0.0874769494716035,0
2,2,154,1,1,2,0.189668726647006,0
2,2,155,1,1,2,0.506068495879761,0
2,2,156,1,1,2,0.844806429514236,0
2,2,157,1,1,2,0.947880807715505,0
2,2,158,1,1,2,0.977601773643781,0
2,2,159,1,1,2,0.986258054233505,0
2,2,160,1,1,2,0.988985687185749,1
2,2,161,1,1,2,0.0356687355411521,0
2,2,162,1,1,2,0.0383112974608556,0
2,2,163,1,1,2,0.0682397329700455,0
2,2,164,1,1,2,0.12712599854627,0
2,2,165,1,1,2,0.322863626148174,0
2,2,166,1,1,2,0.734973791987341,0
2,2,167,1,1,2,0.923403960389314,0
2,2,168,1,1,2,0.970246844308886,0
2,2,169,1,1,2,0.983901562986459,0
2,2,170,1,1,2,0.9880190971362,0
2,2,171,1,1,2,0.027780252893428,-4
2,2,172,1,1,2,0.0332495261703722,-1
2,2,173,1,1,2,0.0472507472586194,0
2,2,174,1,1,2,0.0816009565170301,0
2,2,175,1,1,2,0.172229855605213,0
2,2,176,1,1,2,0.484803625997442,0
2,2,177,1,1,2,0.875053663195887,0
2,2,178,1,1,2,0.957625362311851,0
2,2,179,1,1,2,0.97991421038928,0
2,2,180,1,1,2,0.98665643426797,0
2,2,181,1,1,2,0.0281115128835356,-8
2,2,182,1,1,2,0.0324339839241974,0
2,2,183,1,1,2,0.0294897775001617,0
2,2,184,1,1,2,0.0603835642037823,0
2,2,185,1,1,2,0.103638311637181,0
2,2,186,1,1,2,0.255786439229441,0
2,2,187,1,1,2,0.726136158204333,0
2,2,188,1,1,2,0.935458760082711,0
2,2,189,1,1,2,0.973346773017525,0
2,2,190,1,1,2,0.984279319258084,0
2,2,191,1,1,2,0.0225250863988263,-2
2,2,192,1,1,2,0.0271815844008199,-5
2,2,193,1,1,2,0.0306789480191706,0
2,2,194,1,1,2,0.0391605715871913,1
2,2,195,1,1,2,0.0679853314135476,0
2,2,196,1,1,2,0.130890900723731,0
2,2,197,1,1,2,0.385252977272159,0
2,2,198,1,1,2,0.876084059564363,0
2,2,199,1,1,2,0.961160300809361,0
2,2,200,1,1,2,0.980206647415775,0
2,2,201,1,1,2,0.118831945773853,-1
2,2,202,1,1,2,0.232322972394964,0
2,2,203,1,1,2,0.462160435688017,0
2,2,204,1,1,2,0.755576226758307,0
2,2,205,1,1,2,0.916209585145719,0
2,2,206,1,1,2,0.970000946145886,0
2,2,207,1,1,2,0.985059195866411,-1
2,2,208,1,1,2,0.988797923792877,-1
2,2,209,1,1,2,0.989794006032365,-1
2,2,210,1,1,2,0.990015364413919,0
2,2,211,1,1,2,0.0921036281839188,-1
2,2,212,1,1,2,0.169959804038053,0
2,2,213,1,1,2,0.33242666751496,1
2,2,214,1,1,2,0.639905791982638,0
2,2,215,1,1,2,0.874837558596892,0
2,2,216,1,1,2,0.957550687969942,0
2,2,217,1,1,2,0.981784408020887,0
2,2,218,1,1,2,0.987930204837141,-1
2,2,219,1,1,2,0.989510471898582,-2
2,2,220,1,1,2,0.989912941201351,-1
2,2,221,1,1,2,0.0663649391023547,0
2,2,222,1,1,2,0.100889260162637,0
2,2,223,1,1,2,0.216755259790932,0
2,2,224,1,1,2,0.493739970651742,0
2,2,225,1,1,2,0.809916840496256,0
2,2,226,1,1,2,0.93843285968911,0
2,2,227,1,1,2,0.976421206574511,-1
2,2,228,1,1,2,0.986448912878777,-1
2,2,229,1,1,2,0.989090780346436,0
2,2,230,1,1,2,0.989789250250207,0
2,2,231,1,1,2,0.0532488280842807,1
2,2,232,1,1,2,0.0762003890541011,0
2,2,233,1,1,2,0.148655061508482,0
2,2,234,1,1,2,0.330722902847399,0
2,2,235,1,1,2,0.70318143583482,0
2,2,236,1,1,2,0.908587825248125,0
2,2,237,1,1,2,0.967828529320063,0
2,2,238,1,1,2,0.984237624725509,0
2,2,239,1,1,2,0.988452526110166,0
2,2,240,1,1,2,0.989558766817653,0
2,2,241,1,1,2,0.0418601024290631,0
2,2,242,1,1,2,0.0584713462053873,1
2,2,243,1,1,2,0.10957800686735,0
2,2,244,1,1,2,0.219203898138795,0
2,2,245,1,1,2,0.522457950170166,0
2,2,246,1,1,2,0.857343799025128,0
2,2,247,1,1,2,0.954357673533445,0
2,2,248,1,1,2,0.980352323244169,0
2,2,249,1,1,2,0.987211189499043,1
2,2,250,1,1,2,0.989194178981286,2
2,2,251,1,1,2,0.0335602870199405,-8
2,2,252,1,1,2,0.0449573861279471,0
2,2,253,1,1,2,0.0710362787646905,0
2,2,254,1,1,2,0.131370544192021,0
2,2,255,1,1,2,0.315451172488318,0
2,2,256,1,1,2,0.75514545802334,0
2,2,257,1,1,2,0.932124365343419,0
2,2,258,1,1,2,0.974228483422542,0
2,2,259,1,1,2,0.985481031218212,0
2,2,260,1,1,2,0.988555756564141,0
2,2,261,1,1,2,0.0338281158897474,-1
2,2,262,1,1,2,0.0374022863599464,-1
2,2,263,1,1,2,0.053844479689063,0
2,2,264,1,1,2,0.0856130946789405,0
2,2,265,1,1,2,0.190824202924975,0
2,2,266,1,1,2,0.513108816748989,0
2,2,267,1,1,2,0.888618132669735,0
2,2,268,1,1,2,0.963766535082598,0
2,2,269,1,1,2,0.982403116620006,0
2,2,270,1,1,2,0.987602402162123,0
2,2,271,1,1,2,0.0279535432065553,0
2,2,272,1,1,2,0.0366108498063322,0
2,2,273,1,1,2,0.0444689583516895,0
2,2,274,1,1,2,0.0603242490383041,0
2,2,275,1,1,2,0.121692791142205,0
2,2,276,1,1,2,0.274973217205815,0
2,2,277,1,1,2,0.760147654905239,0
2,2,278,1,1,2,0.944456209272887,0
2,2,279,1,1,2,0.977099057429253,0
2,2,280,1,1,2,0.985831742443141,0
2,2,281,1,1,2,0.0269599225486791,7
2,2,282,1,1,2,0.0260459279855149,-1
2,2,283,1,1,2,0.0297216219240112,-9
2,2,284,1,1,2,0.0426311675813028,0
2,2,285,1,1,2,0.0719149099398042,0
2,2,286,1,1,2,0.160070076897701,0
2,2,287,1,1,2,0.427161107781758,0
2,2,288,1,1,2,0.897474129038563,0
2,2,289,1,1,2,0.967786484598854,0
2,2,290,1,1,2,0.982926397720423,0
2,2,291,1,1,2,0.0256314057215784,3
2,2,292,1,1,2,0.0291262299715558,-3
2,2,293,1,1,2,0.0250339468506132,-10
2,2,294,1,1,2,0.0282671867622948,0
2,2,295,1,1,2,0.0432791767464053,0
2,2,296,1,1,2,0.0884405746635901,0
2,2,297,1,1,2,0.208888777040165,0
2,2,298,1,1,2,0.661862233400166,0
2,2,299,1,1,2,0.946842449414744,0
2,2,300,1,1,2,0.977710261890482,0
2,2,301,1,1,2,0.113496123500791,0
2,2,302,1,1,2,0.196310320739972,-1
2,2,303,1,1,2,0.391772648416594,0
2,2,304,1,1,2,0.701906462369442,0
2,2,305,1,1,2,0.898495962515058,0
2,2,306,1,1,2,0.965373907632864,1
2,2,307,1,1,2,0.983834004397764,1
2,2,308,1,1,2,0.988561666226928,0
2,2,309,1,1,2,0.989681675079367,0
2,2,310,1,1,2,0.990016681810253,2
2,2,311,1,1,2,0.0809827060285108,0
2,2,312,1,1,2,0.143250878470144,0
2,2,313,1,1,2,0.26459462121643,0
2,2,314,1,1,2,0.562384706738801,0
2,2,315,1,1,2,0.84317972398506,0
2,2,316,1,1,2,0.949998777230906,0
2,2,317,1,1,2,0.979751591095077,1
2,2,318,1,1,2,0.987506806717085,0
2,2,319,1,1,2,0.989362661701312,-1
2,2,320,1,1,2,0.989919501689664,-2
2,2,321,1,1,2,0.0614449763396947,0
2,2,322,1,1,2,0.0904041006674223,0
2,2,323,1,1,2,0.169624223577472,0
2,2,324,1,1,2,0.398978660113406,0
2,2,325,1,1,2,0.753281165450575,0
2,2,326,1,1,2,0.924024409444492,0
2,2,327,1,1,2,0.973179406374315,0
2,2,328,1,1,2,0.985745198583639,0
2,2,329,1,1,2,0.988911427950222,0
2,2,330,1,1,2,0.98978295938052,0
2,2,331,1,1,2,0.0500324603927517,1
2,2,332,1,1,2,0.0705616857031575,0
2,2,333,1,1,2,0.108655193614515,0
2,2,334,1,1,2,0.261042060217256,0
2,2,335,1,1,2,0.606368420778767,0
2,2,336,1,1,2,0.884347617720901,0
2,2,337,1,1,2,0.96235090459825,0
2,2,338,1,1,2,0.982936988967687,0
2,2,339,1,1,2,0.988185788659628,0
2,2,340,1,1,2,0.989460021094593,2
2,2,341,1,1,2,0.0401344515310569,0
2,2,342,1,1,2,0.0531388543973163,0
2,2,343,1,1,2,0.0815403502559625,-1
2,2,344,1,1,2,0.161231325196504,0
2,2,345,1,1,2,0.381948205720157,0
2,2,346,1,1,2,0.802912461939186,0
2,2,347,1,1,2,0.944042644519096,0
2,2,348,1,1,2,0.9780395641847,0
2,2,349,1,1,2,0.986645517382799,0
2,2,350,1,1,2,0.989070739110118,0
2,2,351,1,1,2,0.0317879109843322,0
2,2,352,1,1,2,0.0386276197395643,0
2,2,353,1,1,2,0.0600951055851242,0
2,2,354,1,1,2,0.102997694930634,0
2,2,355,1,1,2,0.220940902326035,0
2,2,356,1,1,2,0.620247029544772,0
2,2,357,1,1,2,0.910974647122148,0
2,2,358,1,1,2,0.970178055180632,0
2,2,359,1,1,2,0.984574740046979,0
2,2,360,1,1,2,0.98840086416987,0
2,2,361,1,1,2,0.0315169154942823,-4
2,2,362,1,1,2,0.0362262659149725,0
2,2,363,1,1,2,0.0422048438443071,0
2,2,364,1,1,2,0.068179894365642,0
2,2,365,1,1,2,0.153301956832143,0
2,2,366,1,1,2,0.346354384621823,0
2,2,367,1,1,2,0.829935292557844,0
2,2,368,1,1,2,0.955771213505309,0
2,2,369,1,1,2,0.980772420806475,0
2,2,370,1,1,2,0.987066355820372,0
2,2,371,1,1,2,0.0290858276010069,7
2,2,372,1,1,2,0.0315687211041434,0
2,2,373,1,1,2,0.0334875745233411,0
2,2,374,1,1,2,0.0551370194918122,0
2,2,375,1,1,2,0.0874076059688616,0
2,2,376,1,1,2,0.186364279523353,0
2,2,377,1,1,2,0.563601461834168,0
2,2,378,1,1,2,0.925425442153534,0
2,2,379,1,1,2,0.973807789055485,0
2,2,380,1,1,2,0.985046793440843,0
2,2,381,1,1,2,0.0266288770361382,0
2,2,382,1,1,2,0.0314197633393142,0
2,2,383,1,1,2,0.0259773088906317,9
2,2,384,1,1,2,0.0367844675150672,0
2,2,385,1,1,2,0.0660262902444243,0
2,2,386,1,1,2,0.101896286094812,0
2,2,387,1,1,2,0.265299952599986,0
2,2,388,1,1,2,0.809176673151089,0
2,2,389,1,1,2,0.960226421123932,0
2,2,390,1,1,2,0.981497803524968,0
2,2,391,1,1,2,0.0249016972832835,2
2,2,392,1,1,2,0.0246903164836184,0
2,2,393,1,1,2,0.0275028524859623,0
2,2,394,1,1,2,0.0333420504572164,0
2,2,395,1,1,2,0.0377977325118918,0
2,2,396,1,1,2,0.0740550115655702,0
2,2,397,1,1,2,0.138059033132975,0
2,2,398,1,1,2,0.42244834443338,0
2,2,399,1,1,2,0.921800131954019,0
2,2,400,1,1,2,0.974435752257428,0
2,2,401,1,1,2,0.106652887619954,0
2,2,402,1,1,2,0.17584325063353,0
2,2,403,1,1,2,0.33170918667823,1
2,2,404,1,1,2,0.645967768733546,0
2,2,405,1,1,2,0.878905593711051,0
2,2,406,1,1,2,0.960449215849381,-1
2,2,407,1,1,2,0.982619593409344,0
2,2,408,1,1,2,0.988175226386781,2
2,2,409,1,1,2,0.98964748487843,0
2,2,410,1,1,2,0.990001867287692,-3
2,2,411,1,1,2,0.0763356326872432,1
2,2,412,1,1,2,0.111754002046018,-1
2,2,413,1,1,2,0.22139299025091,-1
2,2,414,1,1,2,0.490918076270623,0
2,2,415,1,1,2,0.809758551551426,0
2,2,416,1,1,2,0.941177898202934,0
2,2,417,1,1,2,0.977672219390747,0
2,2,418,1,1,2,0.986991355660995,0
2,2,419,1,1,2,0.989298406515165,1
2,2,420,1,1,2,0.989791129563182,0
2,2,421,1,1,2,0.0572435159865428,-1
2,2,422,1,1,2,0.0804172584666653,0
2,2,423,1,1,2,0.146493955640524,0
2,2,424,1,1,2,0.331815865719172,0
2,2,425,1,1,2,0.691839132882366,0
2,2,426,1,1,2,0.909089827328628,0
2,2,427,1,1,2,0.96960140473504,0
2,2,428,1,1,2,0.984928216022483,0
2,2,429,1,1,2,0.988691819538042,0
2,2,430,1,1,2,0.98965481986553,-1
2,2,431,1,1,2,0.041211487575364,1
2,2,432,1,1,2,0.0601052694154935,0
2,2,433,1,1,2,0.0923195487074008,0
2,2,434,1,1,2,0.199842760314952,0
2,2,435,1,1,2,0.504099639263513,0
2,2,436,1,1,2,0.85127558318133,0
2,2,437,1,1,2,0.956342144474669,0
2,2,438,1,1,2,0.98134694081809,0
2,2,439,1,1,2,0.987725333529376,0
2,2,440,1,1,2,0.989404884109869,0
2,2,441,1,1,2,0.0334946380171215,-1
2,2,442,1,1,2,0.0494581355378087,0
2,2,443,1,1,2,0.0715105737752152,0
2,2,444,1,1,2,0.123778325142932,0
2,2,445,1,1,2,0.317576077880991,0
2,2,446,1,1,2,0.732091508646928,0
2,2,447,1,1,2,0.931799308481246,0
2,2,448,1,1,2,0.975684626953232,0
2,2,449,1,1,2,0.986218010884088,0
2,2,450,1,1,2,0.988977394677805,0
2,2,451,1,1,2,0.0343923749729621,-7
2,2,452,1,1,2,0.0376046060703228,-1
2,2,453,1,1,2,0.0502112042171421,0
2,2,454,1,1,2,0.0825469998767185,0
2,2,455,1,1,2,0.178402676194533,0
2,2,456,1,1,2,0.481271725631451,0
2,2,457,1,1,2,0.883011789924729,0
2,2,458,1,1,2,0.96560554047765,0
2,2,459,1,1,2,0.983515588938449,0
2,2,460,1,1,2,0.988134853432615,0
2,2,461,1,1,2,0.0306671503326784,-5
2,2,462,1,1,2,0.0309299540564856,1
2,2,463,1,1,2,0.0322415683927429,-1
2,2,464,1,1,2,0.0628004406851605,0
2,2,465,1,1,2,0.102515866692667,0
2,2,466,1,1,2,0.260613246503592,0
2,2,467,1,1,2,0.73230371569344,0
2,2,468,1,1,2,0.945521477012698,0
2,2,469,1,1,2,0.978777644629604,0
2,2,470,1,1,2,0.986602201902481,0
2,2,471,1,1,2,0.0273240047722429,-3
2,2,472,1,1,2,0.031221307900364,0
2,2,473,1,1,2,0.0316452590390959,1
2,2,474,1,1,2,0.044557581659659,0
2,2,475,1,1,2,0.0768906825767354,0
2,2,476,1,1,2,0.150158747468396,0
2,2,477,1,1,2,0.405310510617275,0
2,2,478,1,1,2,0.894130492121999,0
2,2,479,1,1,2,0.970018656152529,0
2,2,480,1,1,2,0.984240636258162,0
2,2,481,1,1,2,0.0257922049411367,6
2,2,482,1,1,2,0.0282676491249613,4
2,2,483,1,1,2,0.0271083817052603,0
2,2,484,1,1,2,0.035813473533689,-1
2,2,485,1,1,2,0.0513079489423779,0
2,2,486,1,1,2,0.0923420634894753,0
2,2,487,1,1,2,0.204491087202674,0
2,2,488,1,1,2,0.641406579388887,0
2,2,489,1,1,2,0.949904344618174,0
2,2,490,1,1,2,0.979940275820376,0
2,2,491,1,1,2,0.0252379506338648,4
2,2,492,1,1,2,0.0243152519825208,9
2,2,493,1,1,2,0.026371054437366,3
2,2,494,1,1,2,0.0320812092105497,0
2,2,495,1,1,2,0.0356961449006176,0
2,2,496,1,1,2,0.0626768882584705,0
2,2,497,1,1,2,0.117848187373655,0
2,2,498,1,1,2,0.281203588179161,0
2,2,499,1,1,2,0.868020616616733,0
2,2,500,1,1,2,0.970340751798257,0
2,2,501,1,1,2,0.0868195144367444,0
2,2,502,1,1,2,0.1580495249409,1
2,2,503,1,1,2,0.305286663094856,0
2,2,504,1,1,2,0.588658388189855,0
2,2,505,1,1,2,0.855433950047045,0
2,2,506,1,1,2,0.954662095922613,0
2,2,507,1,1,2,0.981395158670284,0
2,2,508,1,1,2,0.987972165208132,0
2,2,509,1,1,2,0.989512945044749,0
2,2,510,1,1,2,0.989884912822304,0
2,2,511,1,1,2,0.0708050494462264,1
2,2,512,1,1,2,0.104860742417061,-1
2,2,513,1,1,2,0.188245859676238,0
2,2,514,1,1,2,0.42066673271425,0
2,2,515,1,1,2,0.768972835578691,0
2,2,516,1,1,2,0.931322407863643,0
2,2,517,1,1,2,0.975291149748759,0
2,2,518,1,1,2,0.986463557358514,0
2,2,519,1,1,2,0.989095916640668,-2
2,2,520,1,1,2,0.989815413445027,-2
2,2,521,1,1,2,0.04742338134408,0
2,2,522,1,1,2,0.0714585911506166,1
2,2,523,1,1,2,0.123574325147781,0
2,2,524,1,1,2,0.272968253218193,0
2,2,525,1,1,2,0.623055971104819,0
2,2,526,1,1,2,0.890696353139569,0
2,2,527,1,1,2,0.965622194867336,0
2,2,528,1,1,2,0.984045474013436,0
2,2,529,1,1,2,0.988494455809112,0
2,2,530,1,1,2,0.989583282217733,0
2,2,531,1,1,2,0.0433810779849621,0
2,2,532,1,1,2,0.0478582933369383,-1
2,2,533,1,1,2,0.0884130208002499,0
2,2,534,1,1,2,0.16947506076923,0
2,2,535,1,1,2,0.421914836439568,0
2,2,536,1,1,2,0.813992025773668,0
2,2,537,1,1,2,0.948899581932463,0
2,2,538,1,1,2,0.979924256472066,0
2,2,539,1,1,2,0.987345578505533,0
2,2,540,1,1,2,0.989287177829421,0
2,2,541,1,1,2,0.0414555009260423,0
2,2,542,1,1,2,0.0436520002039298,0
2,2,543,1,1,2,0.0685169985902051,0
2,2,544,1,1,2,0.111956104477196,0
2,2,545,1,1,2,0.250143015430241,0
2,2,546,1,1,2,0.641906093514149,0
2,2,547,1,1,2,0.917731766606354,0
2,2,548,1,1,2,0.972546458063367,0
2,2,549,1,1,2,0.985445129521274,0
2,2,550,1,1,2,0.988759830323901,0
2,2,551,1,1,2,0.0341320664345021,-6
2,2,552,1,1,2,0.0394032358743289,0
2,2,553,1,1,2,0.0500966093013435,0
2,2,554,1,1,2,0.0639933309653598,0
2,2,555,1,1,2,0.153664775823236,0
2,2,556,1,1,2,0.3709219824828,0
2,2,557,1,1,2,0.845150249457321,0
2,2,558,1,1,2,0.959708164042753,0
2,2,559,1,1,2,0.982315675417683,0
2,2,560,1,1,2,0.987805280951218,0
2,2,561,1,1,2,0.0308802201956108,-3
2,2,562,1,1,2,0.0325186629696609,-8
2,2,563,1,1,2,0.0352243255276001,0
2,2,564,1,1,2,0.0478375841700451,0
2,2,565,1,1,2,0.0965085486898669,0
2,2,566,1,1,2,0.205400825253592,0
2,2,567,1,1,2,0.608793032812185,0
2,2,568,1,1,2,0.933123591655758,0
2,2,569,1,1,2,0.976629900324779,0
2,2,570,1,1,2,0.986153412201342,0
2,2,571,1,1,2,0.0310016366512899,4
2,2,572,1,1,2,0.0280897271829891,-10
2,2,573,1,1,2,0.028149892353335,0
2,2,574,1,1,2,0.0416016445193641,0
2,2,575,1,1,2,0.0585701521024808,0
2,2,576,1,1,2,0.129637446757837,0
2,2,577,1,1,2,0.301296187162144,0
2,2,578,1,1,2,0.841156086465405,0
2,2,579,1,1,2,0.96509625312045,0
2,2,580,1,1,2,0.98320537878117,0
2,2,581,1,1,2,0.0260742411550304,-10
2,2,582,1,1,2,0.0240151916533224,8
2,2,583,1,1,2,0.0269930710641439,1
2,2,584,1,1,2,0.0348554477058364,0
2,2,585,1,1,2,0.0452715403066168,0
2,2,586,1,1,2,0.0857070733467543,0
2,2,587,1,1,2,0.15102123935952,0
2,2,588,1,1,2,0.455371774300506,0
2,2,589,1,1,2,0.935216221814646,0
2,2,590,1,1,2,0.977990830383556,0
2,2,591,1,1,2,0.0242468200807307,-3
2,2,592,1,1,2,0.022772290327331,-2
2,2,593,1,1,2,0.0257491497944622,1
2,2,594,1,1,2,0.0259134902076393,3
2,2,595,1,1,2,0.0337474500875932,-1
2,2,596,1,1,2,0.0491466081616915,0
2,2,597,1,1,2,0.0921705037803324,0
2,2,598,1,1,2,0.214344385397871,0
2,2,599,1,1,2,0.75264670868648,0
2,2,600,1,1,2,0.965097775164006,0
2,2,601,1,1,2,0.0934546008655726,-1
2,2,602,1,1,2,0.139089822769901,1
2,2,603,1,1,2,0.263483635373116,1
2,2,604,1,1,2,0.547195347351343,0
2,2,605,1,1,2,0.83423769043022,0
2,2,606,1,1,2,0.948754784767455,0
2,2,607,1,1,2,0.979962220599528,0
2,2,608,1,1,2,0.987634330259647,0
2,2,609,1,1,2,0.989388938565158,-2
2,2,610,1,1,2,0.989976437742396,1
2,2,611,1,1,2,0.068129483104951,1
2,2,612,1,1,2,0.0988521635369932,0
2,2,613,1,1,2,0.177495293809687,1
2,2,614,1,1,2,0.380654427520671,0
2,2,615,1,1,2,0.72908587909179,0
2,2,616,1,1,2,0.920919357034751,0
2,2,617,1,1,2,0.972980545152388,0
2,2,618,1,1,2,0.985855477435116,1
2,2,619,1,1,2,0.989007251922054,-5
2,2,620,1,1,2,0.989783024197606,-6
2,2,621,1,1,2,0.0510472653970514,-2
2,2,622,1,1,2,0.0657982637399434,0
2,2,623,1,1,2,0.117257659386116,0
2,2,624,1,1,2,0.247731625041511,0
2,2,625,1,1,2,0.564834323260441,0
2,2,626,1,1,2,0.871025089750273,0
2,2,627,1,1,2,0.961287291297199,0
2,2,628,1,1,2,0.983145690943915,0
2,2,629,1,1,2,0.988316994593884,0
2,2,630,1,1,2,0.989543765396169,-2
2,2,631,1,1,2,0.0389358868189809,0
2,2,632,1,1,2,0.0510526507073482,0
2,2,633,1,1,2,0.0798230588781027,0
2,2,634,1,1,2,0.144701923833594,0
2,2,635,1,1,2,0.355762115904302,0
2,2,636,1,1,2,0.768829483894872,0
2,2,637,1,1,2,0.940574311622839,0
2,2,638,1,1,2,0.978187232863059,0
2,2,639,1,1,2,0.98694471860325,0
2,2,640,1,1,2,0.989245380081822,0
2,2,641,1,1,2,0.0327202333942611,1
2,2,642,1,1,2,0.041549055164384,0
2,2,643,1,1,2,0.0551319125700228,0
2,2,644,1,1,2,0.0922821377756985,0
2,2,645,1,1,2,0.211384534250649,0
2,2,646,1,1,2,0.557654260653884,0
2,2,647,1,1,2,0.900066427025181,0
2,2,648,1,1,2,0.969337360890631,0
2,2,649,1,1,2,0.984903083014147,0
2,2,650,1,1,2,0.988538834893998,5
2,2,651,1,1,2,0.0316459735717214,2
2,2,652,1,1,2,0.0313311459917731,0
2,2,653,1,1,2,0.0443706601454964,-1
2,2,654,1,1,2,0.0699898948192963,0
2,2,655,1,1,2,0.128072886190466,0
2,2,656,1,1,2,0.31253214539924,0
2,2,657,1,1,2,0.792793437451562,0
2,2,658,1,1,2,0.953437446729133,0
2,2,659,1,1,2,0.981022185927675,0
2,2,660,1,1,2,0.987441361237608,0
2,2,661,1,1,2,0.030678871528918,-9
2,2,662,1,1,2,0.0290017271163994,0
2,2,663,1,1,2,0.0341726653505705,0
2,2,664,1,1,2,0.049645001263563,-1
2,2,665,1,1,2,0.0890263261047942,0
2,2,666,1,1,2,0.177309353132888,0
2,2,667,1,1,2,0.482582846765867,0
2,2,668,1,1,2,0.916264322905928,0
2,2,669,1,1,2,0.974112787126491,0
2,2,670,1,1,2,0.985542852336517,0
2,2,671,1,1,2,0.0269424293655805,3
2,2,672,1,1,2,0.0250921614474467,10
2,2,673,1,1,2,0.0313315091973436,0
2,2,674,1,1,2,0.0326207268617497,0
2,2,675,1,1,2,0.0503222185560405,0
2,2,676,1,1,2,0.0985482455244857,0
2,2,677,1,1,2,0.244177851438945,0
2,2,678,1,1,2,0.756730030337591,0
2,2,679,1,1,2,0.959274702890192,0
2,2,680,1,1,2,0.982213877026248,0
2,2,681,1,1,2,0.0256622943716285,-4
2,2,682,1,1,2,0.0250319182475167,-10
2,2,683,1,1,2,0.0266649688864752,2
2,2,684,1,1,2,0.03427160783007,0
2,2,685,1,1,2,0.0427026354141351,0
2,2,686,1,1,2,0.0573059298480163,0
2,2,687,1,1,2,0.131877856267598,0
2,2,688,1,1,2,0.363970034675298,0
2,2,689,1,1,2,0.91350774667407,0
2,2,690,1,1,2,0.975506707844795,0
2,2,691,1,1,2,0.0242393882451778,-6
2,2,692,1,1,2,0.0254602873218145,-1
2,2,693,1,1,2,0.0246543542405173,0
2,2,694,1,1,2,0.0278407645250422,0
2,2,695,1,1,2,0.0255337265841239,0
2,2,696,1,1,2,0.0439113895768086,0
2,2,697,1,1,2,0.0891142181286782,0
2,2,698,1,1,2,0.179494011449892,0
2,2,699,1,1,2,0.581491803976576,0
2,2,700,1,1,2,0.958403101381455,0
