2,1,1,1,1,0.0915092747370493,-1
2,1,1,1,2,0.0945969660731302,1
2,1,2,1,1,0.181666828455209,-2
2,1,2,1,2,0.184191252595764,-1
2,1,3,1,1,0.402351444406926,1
2,1,3,1,2,0.397409727351283,1
2,1,4,1,1,0.680472679982612,-2
2,1,4,1,2,0.679448006821695,-1
2,1,5,1,1,0.867565498428885,2
2,1,5,1,2,0.866982196616534,4
2,1,6,1,1,0.950934208014855,-10
2,1,6,1,2,0.95085492296024,-3
2,1,7,1,1,0.979347273841787,10
2,1,7,1,2,0.979326501160321,0
2,1,8,1,1,0.987290016139226,2
2,1,8,1,2,0.987271099775178,-10
2,1,9,1,1,0.989365870497955,0
2,1,9,1,2,0.989369192495668,0
2,1,10,1,1,0.989952684564513,-1
2,1,10,1,2,0.989932791381809,-1
2,1,11,1,1,0.0670888118294689,2
2,1,11,1,2,0.0635141831053263,-3
2,1,12,1,1,0.121817262461326,0
2,1,12,1,2,0.127504612324952,1
2,1,13,1,1,0.292584425607825,0
2,1,13,1,2,0.291067141078704,1
2,1,14,1,1,0.583552500221683,-1
2,1,14,1,2,0.579652509575775,1
2,1,15,1,1,0.815144738163407,-5
2,1,15,1,2,0.814617175295871,0
2,1,16,1,1,0.930082833354291,4
2,1,16,1,2,0.930616832930799,3
2,1,17,1,1,0.972894275189146,7
2,1,17,1,2,0.972987462447562,1
2,1,18,1,1,0.985501995835791,0
2,1,18,1,2,0.985454239965224,4
2,1,19,1,1,0.98882011681587,-7
2,1,19,1,2,0.988820907902136,-6
2,1,20,1,1,0.989801089148398,0
2,1,20,1,2,0.989801003420742,2
2,1,21,1,1,0.0474250325974728,0
2,1,21,1,2,0.0502369849539334,5
2,1,22,1,1,0.0855851311554289,-2
2,1,22,1,2,0.08428769548499,-1
2,1,23,1,1,0.206162212755622,1
2,1,23,1,2,0.206096714974504,-1
2,1,24,1,1,0.469686469201333,1
2,1,24,1,2,0.471955339002274,1
2,1,25,1,1,0.750369894662829,0
2,1,25,1,2,0.74978490224075,-1
2,1,26,1,1,0.902819515688653,-10
2,1,26,1,2,0.902653857817229,4
2,1,27,1,1,0.963310284384501,0
2,1,27,1,2,0.963415576684304,6
2,1,28,1,1,0.982688976471579,0
2,1,28,1,2,0.982694484636197,3
2,1,29,1,1,0.988073411599548,-4
2,1,29,1,2,0.988074524015534,-2
2,1,30,1,1,0.989469461563746,0
2,1,30,1,2,0.989520620524569,-2
2,1,31,1,1,0.0414768951676589,-2
2,1,31,1,2,0.0439386536477436,-2
2,1,32,1,1,0.0577001890543444,1
2,1,32,1,2,0.0607137910344373,2
2,1,33,1,1,0.134120213506877,0
2,1,33,1,2,0.130014985232214,0
2,1,34,1,1,0.359583183199709,-1
2,1,34,1,2,0.35753286103444,0
2,1,35,1,1,0.673918357985522,0
2,1,35,1,2,0.675322502776343,1
2,1,36,1,1,0.867959000686001,0
2,1,36,1,2,0.866920707919261,1
2,1,37,1,1,0.949738175724709,-8
2,1,37,1,2,0.950129352045291,7
2,1,38,1,1,0.978335943244249,1
2,1,38,1,2,0.978519722307802,2
2,1,39,1,1,0.986698236510156,9
2,1,39,1,2,0.986747165004149,3
2,1,40,1,1,0.989066242191158,-2
2,1,40,1,2,0.989131252114274,-2
2,1,41,1,1,0.0361708980577733,-1
2,1,41,1,2,0.0432251393796976,-2
2,1,42,1,1,0.0466963737930911,1
2,1,42,1,2,0.0443689729419687,-2
2,1,43,1,1,0.0847698376577594,0
2,1,43,1,2,0.0876121389117747,-1
2,1,44,1,1,0.248794371476402,0
2,1,44,1,2,0.246919717548766,0
2,1,45,1,1,0.573522853724729,0
2,1,45,1,2,0.570449329416547,-1
2,1,46,1,1,0.822442385870901,1
2,1,46,1,2,0.822976974086654,-1
2,1,47,1,1,0.932024719869767,-1
2,1,47,1,2,0.931851518312988,-3
2,1,48,1,1,0.971947949828616,0
2,1,48,1,2,0.972040454823102,6
2,1,49,1,1,0.984775859516926,-1
2,1,49,1,2,0.98479480638597,-2
2,1,50,1,1,0.988479651210114,-2
2,1,50,1,2,0.988446316281242,-4
2,1,51,1,1,0.0293287967409969,-2
2,1,51,1,2,0.0332668554468502,9
2,1,52,1,1,0.0389339809898441,2
2,1,52,1,2,0.0378138944202487,0
2,1,53,1,1,0.053126039143089,0
2,1,53,1,2,0.0610259856416547,-1
2,1,54,1,1,0.15043709681476,-1
2,1,54,1,2,0.146764718356731,0
2,1,55,1,1,0.430465765173852,0
2,1,55,1,2,0.429892550944397,0
2,1,56,1,1,0.76030977147448,-1
2,1,56,1,2,0.760775980138519,0
2,1,57,1,1,0.907245903343011,0
2,1,57,1,2,0.90820018254689,-2
2,1,58,1,1,0.962830632517626,-1
2,1,58,1,2,0.962925938212258,-10
2,1,59,1,1,0.981472727771252,-1
2,1,59,1,2,0.981540617654885,-6
2,1,60,1,1,0.987428471427775,2
2,1,60,1,2,0.987342860243663,-6
2,1,61,1,1,0.0316618190898226,1
2,1,61,1,2,0.0276067063965548,1
2,1,62,1,1,0.0316019181016901,1
2,1,62,1,2,0.0315754245807459,-7
2,1,63,1,1,0.0402154976316708,1
2,1,63,1,2,0.0349320454195175,-4
2,1,64,1,1,0.0960823995848103,0
2,1,64,1,2,0.0914483947728265,1
2,1,65,1,1,0.271234730140001,0
2,1,65,1,2,0.260726633908605,0
2,1,66,1,1,0.659005716747191,0
2,1,66,1,2,0.661105122065906,0
2,1,67,1,1,0.874482840374745,0
2,1,67,1,2,0.874583686398749,0
2,1,68,1,1,0.949832010419433,-1
2,1,68,1,2,0.949781159754428,-1
2,1,69,1,1,0.976683032424149,0
2,1,69,1,2,0.97670445795664,-2
2,1,70,1,1,0.985714273736356,0
2,1,70,1,2,0.985646780439415,-4
2,1,71,1,1,0.0256286634249834,0
2,1,71,1,2,0.0264992213581956,-10
2,1,72,1,1,0.0328471974862171,-8
2,1,72,1,2,0.0298884845808478,0
2,1,73,1,1,0.0305553117008854,-3
2,1,73,1,2,0.0318435853308928,-1
2,1,74,1,1,0.0509201350091082,-1
2,1,74,1,2,0.0515321033341393,1
2,1,75,1,1,0.139984361374264,0
2,1,75,1,2,0.143068421367305,0
2,1,76,1,1,0.458174717076473,0
2,1,76,1,2,0.463961807429581,0
2,1,77,1,1,0.818585461558025,0
2,1,77,1,2,0.818670526486384,0
2,1,78,1,1,0.931147430762389,0
2,1,78,1,2,0.931288849479053,0
2,1,79,1,1,0.969539837978312,2
2,1,79,1,2,0.969550494634814,2
2,1,80,1,1,0.98286442821685,1
2,1,80,1,2,0.982965493736611,2
2,1,81,1,1,0.0292498853409893,1
2,1,81,1,2,0.0260760691645053,8
2,1,82,1,1,0.0250530105761112,7
2,1,82,1,2,0.0257502366607628,7
2,1,83,1,1,0.0285731967473601,-4
2,1,83,1,2,0.0269379121243987,3
2,1,84,1,1,0.0345401593706773,0
2,1,84,1,2,0.0340029471808724,-1
2,1,85,1,1,0.0721790612101942,-1
2,1,85,1,2,0.0762798746528301,0
2,1,86,1,1,0.243495523675498,0
2,1,86,1,2,0.249067272926391,0
2,1,87,1,1,0.691844858499824,0
2,1,87,1,2,0.689878681200453,0
2,1,88,1,1,0.900513473628539,0
2,1,88,1,2,0.901022070674173,0
2,1,89,1,1,0.958670073673976,1
2,1,89,1,2,0.958852952049363,-1
2,1,90,1,1,0.978724791527508,-1
2,1,90,1,2,0.978806997676286,4
2,1,91,1,1,0.025544755176309,9
2,1,91,1,2,0.0226246470048689,10
2,1,92,1,1,0.0279755791754381,7
2,1,92,1,2,0.023365420342324,1
2,1,93,1,1,0.0260300898678725,-6
2,1,93,1,2,0.0229834898713744,-8
2,1,94,1,1,0.0293364563953404,1
2,1,94,1,2,0.0290628667215195,-2
2,1,95,1,1,0.0364114402812751,0
2,1,95,1,2,0.0425292599230822,0
2,1,96,1,1,0.118137239440014,-1
2,1,96,1,2,0.116148688021206,0
2,1,97,1,1,0.410692084419628,0
2,1,97,1,2,0.411655281768721,0
2,1,98,1,1,0.836011296694328,0
2,1,98,1,2,0.836294096503371,0
2,1,99,1,1,0.940740983168794,0
2,1,99,1,2,0.94063781162393,0
2,1,100,1,1,0.971931770564296,7
2,1,100,1,2,0.971785069092689,-5
2,1,101,1,1,0.068975548464661,4
2,1,101,1,2,0.0724054593356262,-3
2,1,102,1,1,0.127900982017967,-1
2,1,102,1,2,0.124127986504885,-3
2,1,103,1,1,0.280505678745513,-1
2,1,103,1,2,0.286808055574498,-1
2,1,104,1,1,0.576525995661212,0
2,1,104,1,2,0.583246785026275,-1
2,1,105,1,1,0.828363796914384,-2
2,1,105,1,2,0.827602602042867,-1
2,1,106,1,1,0.939523568787898,0
2,1,106,1,2,0.939769819224586,-5
2,1,107,1,1,0.976199208150885,0
2,1,107,1,2,0.97620474188605,0
2,1,108,1,1,0.986560479968547,3
2,1,108,1,2,0.986571114752851,-1
2,1,109,1,1,0.989179060466065,-2
2,1,109,1,2,0.989160455117662,-1
2,1,110,1,1,0.989791352232766,6
2,1,110,1,2,0.989848113877261,0
2,1,111,1,1,0.0539538523265854,-9
2,1,111,1,2,0.0540852817871068,7
2,1,112,1,1,0.077004685003305,-2
2,1,112,1,2,0.0774701994647034,1
2,1,113,1,1,0.194459990668238,-2
2,1,113,1,2,0.181483980738427,2
2,1,114,1,1,0.43839889987956,0
2,1,114,1,2,0.44149432793907,1
2,1,115,1,1,0.749297834868509,-1
2,1,115,1,2,0.749006092816318,-1
2,1,116,1,1,0.911244210856922,0
2,1,116,1,2,0.911104301466335,1
2,1,117,1,1,0.967819680381477,0
2,1,117,1,2,0.967824390344726,6
2,1,118,1,1,0.984176663130618,-6
2,1,118,1,2,0.984297538370304,-1
2,1,119,1,1,0.988579924645338,0
2,1,119,1,2,0.988598783589597,8
2,1,120,1,1,0.989653453465915,4
2,1,120,1,2,0.989662803875072,0
2,1,121,1,1,0.0413936657977207,6
2,1,121,1,2,0.0400398449460608,-10
2,1,122,1,1,0.0597536791812686,1
2,1,122,1,2,0.0553076619791694,1
2,1,123,1,1,0.116036199376582,-1
2,1,123,1,2,0.11810599812862,-1
2,1,124,1,1,0.296724091856249,-1
2,1,124,1,2,0.299299562767571,1
2,1,125,1,1,0.641827078442705,1
2,1,125,1,2,0.639216336436273,1
2,1,126,1,1,0.87080837455289,1
2,1,126,1,2,0.871137255060246,-1
2,1,127,1,1,0.95507962387909,-4
2,1,127,1,2,0.95503902871225,-1
2,1,128,1,1,0.980571374836913,-1
2,1,128,1,2,0.98059713672751,0
2,1,129,1,1,0.987520511789896,6
2,1,129,1,2,0.987505820833507,-1
2,1,130,1,1,0.989412833202175,-2
2,1,130,1,2,0.989353864581984,7
2,1,131,1,1,0.0332039632638454,-2
2,1,131,1,2,0.0353309450824692,0
2,1,132,1,1,0.0386913290252442,1
2,1,132,1,2,0.0393380884439997,0
2,1,133,1,1,0.0712611399863322,-1
2,1,133,1,2,0.0705455742910008,-1
2,1,134,1,1,0.18789493868829,1
2,1,134,1,2,0.188321725303727,1
2,1,135,1,1,0.492326281636756,1
2,1,135,1,2,0.495126142081838,0
2,1,136,1,1,0.810838828370337,-1
2,1,136,1,2,0.812233688754106,-1
2,1,137,1,1,0.935741477045705,1
2,1,137,1,2,0.936010278592452,-1
2,1,138,1,1,0.974946464262474,-6
2,1,138,1,2,0.974991757152857,2
2,1,139,1,1,0.985924466817317,0
2,1,139,1,2,0.98589430112718,-1
2,1,140,1,1,0.988922771533134,3
2,1,140,1,2,0.988952658127281,5
2,1,141,1,1,0.0361515518175502,-6
2,1,141,1,2,0.0303410179987553,8
2,1,142,1,1,0.0339823022761514,-1
2,1,142,1,2,0.0403532303969676,-8
2,1,143,1,1,0.0477367284284322,-2
2,1,143,1,2,0.0461910499579037,0
2,1,144,1,1,0.102511718182623,1
2,1,144,1,2,0.104569294486117,-1
2,1,145,1,1,0.316154839997137,0
2,1,145,1,2,0.324431321023252,0
2,1,146,1,1,0.714024681329306,0
2,1,146,1,2,0.714579586962577,1
2,1,147,1,1,0.907019676672733,0
2,1,147,1,2,0.907012048151096,0
2,1,148,1,1,0.966049720797156,0
2,1,148,1,2,0.965941631042232,0
2,1,149,1,1,0.983211787166426,-1
2,1,149,1,2,0.983193590038886,1
2,1,150,1,1,0.988081296259788,-1
2,1,150,1,2,0.988104902138982,3
2,1,151,1,1,0.0295440455043499,-8
2,1,151,1,2,0.0296934084323418,2
2,1,152,1,1,0.0306830210721026,4
2,1,152,1,2,0.0295446331941015,0
2,1,153,1,1,0.0358494701374636,1
2,1,153,1,2,0.0401414094100954,-1
2,1,154,1,1,0.0654567035745439,1
2,1,154,1,2,0.0658076226035907,-1
2,1,155,1,1,0.180396605002264,1
2,1,155,1,2,0.173352961486832,-1
2,1,156,1,1,0.543380167122605,0
2,1,156,1,2,0.542218305312403,0
2,1,157,1,1,0.86123613549366,0
2,1,157,1,2,0.861181016524388,0
2,1,158,1,1,0.952638107247192,1
2,1,158,1,2,0.952890397928628,0
2,1,159,1,1,0.979138298334208,7
2,1,159,1,2,0.979113908038972,1
2,1,160,1,1,0.986642596279231,1
2,1,160,1,2,0.986670166551553,1
2,1,161,1,1,0.0273396021729556,4
2,1,161,1,2,0.0297784593501464,3
2,1,162,1,1,0.0269007785457585,-1
2,1,162,1,2,0.027484156419912,2
2,1,163,1,1,0.0327860912080677,2
2,1,163,1,2,0.0323221141439984,-5
2,1,164,1,1,0.0483514060329616,1
2,1,164,1,2,0.041805435774812,0
2,1,165,1,1,0.0899705346208096,-1
2,1,165,1,2,0.0822409019828407,0
2,1,166,1,1,0.298709696020857,0
2,1,166,1,2,0.29988926636466,0
2,1,167,1,1,0.765758782102515,0
2,1,167,1,2,0.766386759747874,0
2,1,168,1,1,0.930976261906759,0
2,1,168,1,2,0.930503099187591,0
2,1,169,1,1,0.972215977583938,-1
2,1,169,1,2,0.97231108429454,1
2,1,170,1,1,0.984540804939014,3
2,1,170,1,2,0.984596636383731,-1
2,1,171,1,1,0.024899637832264,2
2,1,171,1,2,0.0272982478647195,-6
2,1,172,1,1,0.0267163126510152,1
2,1,172,1,2,0.0257080782937968,9
2,1,173,1,1,0.0339272750176526,2
2,1,173,1,2,0.0322427995619791,6
2,1,174,1,1,0.0308209779146802,4
2,1,174,1,2,0.030288273141052,4
2,1,175,1,1,0.0499567832005636,-1
2,1,175,1,2,0.0461068364835706,-1
2,1,176,1,1,0.141251338852348,0
2,1,176,1,2,0.141184194328149,0
2,1,177,1,1,0.510970536962713,0
2,1,177,1,2,0.510324043202005,0
2,1,178,1,1,0.889961707774829,0
2,1,178,1,2,0.890114964353526,0
2,1,179,1,1,0.961483665355454,0
2,1,179,1,2,0.961387203092187,1
2,1,180,1,1,0.980943845097777,0
2,1,180,1,2,0.980919358648554,1
2,1,181,1,1,0.0282066543602084,-1
2,1,181,1,2,0.0267775791643612,6
2,1,182,1,1,0.0275157852346925,-7
2,1,182,1,2,0.0272943558261663,4
2,1,183,1,1,0.0252209289743094,3
2,1,183,1,2,0.0234516799702523,-2
2,1,184,1,1,0.0274677682577302,-8
2,1,184,1,2,0.029439530122088,7
2,1,185,1,1,0.0317618524312868,-1
2,1,185,1,2,0.0344104355522047,0
2,1,186,1,1,0.0711006760766739,0
2,1,186,1,2,0.0744117770431012,0
2,1,187,1,1,0.234817209226031,0
2,1,187,1,2,0.23390948223539,0
2,1,188,1,1,0.76749671960675,0
2,1,188,1,2,0.767969535071335,0
2,1,189,1,1,0.941761177062427,0
2,1,189,1,2,0.941672887130238,0
2,1,190,1,1,0.974996044693165,-1
2,1,190,1,2,0.97485508653841,1
2,1,191,1,1,0.0257025015457391,8
2,1,191,1,2,0.028928667702942,-2
2,1,192,1,1,0.0242287075375416,-6
2,1,192,1,2,0.0237446520102247,0
2,1,193,1,1,0.0256127533360698,2
2,1,193,1,2,0.0233569303910027,-10
2,1,194,1,1,0.0234005756474232,-3
2,1,194,1,2,0.0238878429440644,-1
2,1,195,1,1,0.0262478215847791,4
2,1,195,1,2,0.0254334516083053,7
2,1,196,1,1,0.0324863952118487,1
2,1,196,1,2,0.0350235845509462,-1
2,1,197,1,1,0.0993808056889962,0
2,1,197,1,2,0.105633099976397,0
2,1,198,1,1,0.398896414117569,0
2,1,198,1,2,0.391556961587281,0
2,1,199,1,1,0.892836290001646,0
2,1,199,1,2,0.89266963693588,0
2,1,200,1,1,0.964210630469772,0
2,1,200,1,2,0.964358110651636,0
2,1,201,1,1,0.071256468185237,-4
2,1,201,1,2,0.0657104543535688,3
2,1,202,1,1,0.114694316125165,-2
2,1,202,1,2,0.0996450887544047,2
2,1,203,1,1,0.216437296152558,-1
2,1,203,1,2,0.21123886769564,1
2,1,204,1,1,0.486452690862703,1
2,1,204,1,2,0.484850291651617,1
2,1,205,1,1,0.782864448163509,1
2,1,205,1,2,0.782077152635026,1
2,1,206,1,1,0.926165148845351,-5
2,1,206,1,2,0.926991136634421,1
2,1,207,1,1,0.972844598365037,-6
2,1,207,1,2,0.972810123883346,3
2,1,208,1,1,0.98575807923507,-8
2,1,208,1,2,0.985747287960882,-2
2,1,209,1,1,0.988983162557683,-3
2,1,209,1,2,0.98893908242498,-3
2,1,210,1,1,0.98983006656573,4
2,1,210,1,2,0.989813425384292,4
2,1,211,1,1,0.0532786166091342,-5
2,1,211,1,2,0.0465095116280902,-10
2,1,212,1,1,0.0608121019247845,3
2,1,212,1,2,0.0678015012315669,-3
2,1,213,1,1,0.133150869601555,0
2,1,213,1,2,0.132201267846074,-2
2,1,214,1,1,0.32650466827771,-1
2,1,214,1,2,0.331443726251446,-1
2,1,215,1,1,0.672293550471895,-1
2,1,215,1,2,0.67250101214733,1
2,1,216,1,1,0.888537004634149,-2
2,1,216,1,2,0.888687053622667,0
2,1,217,1,1,0.962139651817033,2
2,1,217,1,2,0.96232955481714,0
2,1,218,1,1,0.982925541499516,1
2,1,218,1,2,0.982814741131041,1
2,1,219,1,1,0.988178363702757,-4
2,1,219,1,2,0.988196604182415,5
2,1,220,1,1,0.989593517954449,-4
2,1,220,1,2,0.989562988656362,-3
2,1,221,1,1,0.0414525854869225,5
2,1,221,1,2,0.0460341087501127,-10
2,1,222,1,1,0.0449462307284338,2
2,1,222,1,2,0.0510047938633355,-1
2,1,223,1,1,0.0843159089209302,-2
2,1,223,1,2,0.081250501379537,0
2,1,224,1,1,0.20079361288332,1
2,1,224,1,2,0.199117550373221,1
2,1,225,1,1,0.515761155176784,1
2,1,225,1,2,0.523152282415125,0
2,1,226,1,1,0.831354020999805,0
2,1,226,1,2,0.830208332919645,1
2,1,227,1,1,0.945099592383603,-1
2,1,227,1,2,0.945281572248932,-2
2,1,228,1,1,0.978164155724282,2
2,1,228,1,2,0.978303414212591,1
2,1,229,1,1,0.98694849755949,0
2,1,229,1,2,0.986938968044783,-1
2,1,230,1,1,0.989209725998773,-2
2,1,230,1,2,0.989241398841957,-4
2,1,231,1,1,0.0347690373579673,2
2,1,231,1,2,0.036559420570157,4
2,1,232,1,1,0.0365974592006842,3
2,1,232,1,2,0.0396096370197712,-2
2,1,233,1,1,0.0559998461612039,-1
2,1,233,1,2,0.0555719835403349,1
2,1,234,1,1,0.115153949942705,1
2,1,234,1,2,0.110864006025864,1
2,1,235,1,1,0.334715809811341,1
2,1,235,1,2,0.340914292295307,1
2,1,236,1,1,0.732778151733954,1
2,1,236,1,2,0.735695601601781,1
2,1,237,1,1,0.918361215179082,1
2,1,237,1,2,0.918599465813379,0
2,1,238,1,1,0.970737724452204,4
2,1,238,1,2,0.970686775047625,1
2,1,239,1,1,0.984951955492874,1
2,1,239,1,2,0.9848031182235,-5
2,1,240,1,1,0.988595288972074,-4
2,1,240,1,2,0.988519801216724,0
2,1,241,1,1,0.0337479552949771,9
2,1,241,1,2,0.0283913141828698,2
2,1,242,1,1,0.0334908363779964,1
2,1,242,1,2,0.032633797514936,2
2,1,243,1,1,0.0396305765896027,-3
2,1,243,1,2,0.0437266439095356,1
2,1,244,1,1,0.0733142330655529,1
2,1,244,1,2,0.0702319445086703,0
2,1,245,1,1,0.186102050404489,1
2,1,245,1,2,0.189384296689609,0
2,1,246,1,1,0.56351292946023,0
2,1,246,1,2,0.565280746404885,0
2,1,247,1,1,0.874156680770411,0
2,1,247,1,2,0.874087057049494,0
2,1,248,1,1,0.958777288974051,0
2,1,248,1,2,0.958910221456978,0
2,1,249,1,1,0.981552272291177,8
2,1,249,1,2,0.981571061941277,-1
2,1,250,1,1,0.987600659111093,2
2,1,250,1,2,0.987644154617998,-5
2,1,251,1,1,0.0278997131393959,-2
2,1,251,1,2,0.0322570960757916,-3
2,1,252,1,1,0.0285872170201647,2
2,1,252,1,2,0.0284641618708528,4
2,1,253,1,1,0.0327160191790088,-5
2,1,253,1,2,0.0307687609490901,7
2,1,254,1,1,0.0399713383404376,-1
2,1,254,1,2,0.0451137628842929,-1
2,1,255,1,1,0.0922107266968429,0
2,1,255,1,2,0.096631496695246,0
2,1,256,1,1,0.322691686760293,0
2,1,256,1,2,0.314416875306674,0
2,1,257,1,1,0.783046109584178,0
2,1,257,1,2,0.783443648804477,0
2,1,258,1,1,0.938724782445891,0
2,1,258,1,2,0.939279943577201,1
2,1,259,1,1,0.976075958615157,0
2,1,259,1,2,0.976167503914866,0
2,1,260,1,1,0.986004263028597,0
2,1,260,1,2,0.986031550410729,-1
2,1,261,1,1,0.028099128257112,-4
2,1,261,1,2,0.0299385899705848,8
2,1,262,1,1,0.03113456451916,-1
2,1,262,1,2,0.0290078765999651,-7
2,1,263,1,1,0.0282118319365374,0
2,1,263,1,2,0.0275640585210055,-7
2,1,264,1,1,0.0317129193580139,-1
2,1,264,1,2,0.0333351916899057,1
2,1,265,1,1,0.0540119113452311,0
2,1,265,1,2,0.0537609859485599,-1
2,1,266,1,1,0.153300490886607,0
2,1,266,1,2,0.15629517802236,0
2,1,267,1,1,0.555375154758618,0
2,1,267,1,2,0.556827330148064,0
2,1,268,1,1,0.901320014535319,0
2,1,268,1,2,0.90168900326263,0
2,1,269,1,1,0.967015141395424,-1
2,1,269,1,2,0.966919362253772,0
2,1,270,1,1,0.983131081662044,2
2,1,270,1,2,0.983190443228586,-6
2,1,271,1,1,0.0279200500735096,5
2,1,271,1,2,0.0293992768135509,-8
2,1,272,1,1,0.0260873521950836,5
2,1,272,1,2,0.0299720018573865,-1
2,1,273,1,1,0.0283285831977619,8
2,1,273,1,2,0.0277135518925844,0
2,1,274,1,1,0.0296206363032238,5
2,1,274,1,2,0.0282481940530908,-9
2,1,275,1,1,0.0345710346887694,1
2,1,275,1,2,0.0369299533254132,-1
2,1,276,1,1,0.074273489224361,0
2,1,276,1,2,0.0739338809031819,1
2,1,277,1,1,0.254107738681306,0
2,1,277,1,2,0.252046835406487,0
2,1,278,1,1,0.797698061677196,0
2,1,278,1,2,0.797012798883986,0
2,1,279,1,1,0.950174460337833,0
2,1,279,1,2,0.950215461355879,0
2,1,280,1,1,0.978547240657247,0
2,1,280,1,2,0.978565531564558,-2
2,1,281,1,1,0.0293439964282917,10
2,1,281,1,2,0.0305723165525415,-5
2,1,282,1,1,0.0258429412443155,-4
2,1,282,1,2,0.0257887326791343,5
2,1,283,1,1,0.0277776705942981,0
2,1,283,1,2,0.027336563610259,-9
2,1,284,1,1,0.0278892589678436,-3
2,1,284,1,2,0.0283349649336267,-2
2,1,285,1,1,0.0270332875872383,-5
2,1,285,1,2,0.0266869383276539,10
2,1,286,1,1,0.0443461402875297,-1
2,1,286,1,2,0.0432288248082716,-1
2,1,287,1,1,0.109318030429553,0
2,1,287,1,2,0.107170567442769,0
2,1,288,1,1,0.443293063936236,0
2,1,288,1,2,0.431814148666755,-1
2,1,289,1,1,0.911060780824976,0
2,1,289,1,2,0.911456465670412,0
2,1,290,1,1,0.970326119873646,0
2,1,290,1,2,0.970266377405613,0
2,1,291,1,1,0.0280015220375797,-2
2,1,291,1,2,0.0291009501570507,10
2,1,292,1,1,0.025982764105203,-2
2,1,292,1,2,0.0254333091729235,-6
2,1,293,1,1,0.0237777194295816,-10
2,1,293,1,2,0.024050255202725,-1
2,1,294,1,1,0.0235796029691116,-10
2,1,294,1,2,0.0253028404342449,-9
2,1,295,1,1,0.0268102348693954,2
2,1,295,1,2,0.0269746858997967,9
2,1,296,1,1,0.0256551048091889,-6
2,1,296,1,2,0.0286718875965392,-4
2,1,297,1,1,0.0559972240742137,-1
2,1,297,1,2,0.0557472305150347,1
2,1,298,1,1,0.18032775126232,0
2,1,298,1,2,0.167561573052207,0
2,1,299,1,1,0.729801848289639,0
2,1,299,1,2,0.726967679187915,0
2,1,300,1,1,0.952494102732815,1
2,1,300,1,2,0.952265278263318,0
2,1,301,1,1,0.0581481297181007,-8
2,1,301,1,2,0.0654383300297682,-5
2,1,302,1,1,0.085572663910657,1
2,1,302,1,2,0.0888213989667931,-2
2,1,303,1,1,0.171784992328056,1
2,1,303,1,2,0.175766681489741,0
2,1,304,1,1,0.408132709152123,1
2,1,304,1,2,0.403310901622035,-1
2,1,305,1,1,0.73238294520517,-1
2,1,305,1,2,0.733027621966241,-1
2,1,306,1,1,0.911134077704557,-1
2,1,306,1,2,0.911137567535131,1
2,1,307,1,1,0.969149010873557,2
2,1,307,1,2,0.969126431447589,-2
2,1,308,1,1,0.984855311136968,2
2,1,308,1,2,0.984781979376339,4
2,1,309,1,1,0.988796419561894,1
2,1,309,1,2,0.988721628853601,2
2,1,310,1,1,0.989743708447495,-10
2,1,310,1,2,0.989718263649377,4
2,1,311,1,1,0.0462806989739644,5
2,1,311,1,2,0.0432040095518008,2
2,1,312,1,1,0.0605714378238544,1
2,1,312,1,2,0.0631526983654074,2
2,1,313,1,1,0.108723214993251,1
2,1,313,1,2,0.111223170640164,0
2,1,314,1,1,0.253315069495462,0
2,1,314,1,2,0.253354554601452,-1
2,1,315,1,1,0.592950453885458,1
2,1,315,1,2,0.5936581509346,1
2,1,316,1,1,0.862499852467813,-1
2,1,316,1,2,0.863087402700488,1
2,1,317,1,1,0.955639528434898,0
2,1,317,1,2,0.95583990604625,-1
2,1,318,1,1,0.981238670351301,3
2,1,318,1,2,0.981263293772979,1
2,1,319,1,1,0.987834416016042,1
2,1,319,1,2,0.98787035339939,0
2,1,320,1,1,0.989460537684651,2
2,1,320,1,2,0.989503192409933,0
2,1,321,1,1,0.040326325487268,-9
2,1,321,1,2,0.0444810344086407,-2
2,1,322,1,1,0.0437891619177502,-2
2,1,322,1,2,0.0436807583469245,10
2,1,323,1,1,0.0593535751172164,1
2,1,323,1,2,0.0632309191862925,0
2,1,324,1,1,0.149464233730119,0
2,1,324,1,2,0.143884705483258,1
2,1,325,1,1,0.41420568182426,-1
2,1,325,1,2,0.413354176788539,1
2,1,326,1,1,0.780934945129355,0
2,1,326,1,2,0.781414698974116,0
2,1,327,1,1,0.933874994146655,-1
2,1,327,1,2,0.933807446648534,1
2,1,328,1,1,0.9754218515917,-3
2,1,328,1,2,0.97546357215164,-4
2,1,329,1,1,0.986311326364831,0
2,1,329,1,2,0.986349002962991,0
2,1,330,1,1,0.989051208545725,-2
2,1,330,1,2,0.98907132917356,2
2,1,331,1,1,0.0351655495250567,0
2,1,331,1,2,0.0345986000907847,3
2,1,332,1,1,0.0374354658361349,-1
2,1,332,1,2,0.0386427111360924,-4
2,1,333,1,1,0.0441342017544165,-1
2,1,333,1,2,0.0458211329527782,2
2,1,334,1,1,0.0917923306449955,-1
2,1,334,1,2,0.0781992075197105,-1
2,1,335,1,1,0.240348616472798,0
2,1,335,1,2,0.232350206136567,0
2,1,336,1,1,0.638883951918832,0
2,1,336,1,2,0.636471586342601,1
2,1,337,1,1,0.896589215291972,0
2,1,337,1,2,0.896630287679821,-1
2,1,338,1,1,0.966047212499393,1
2,1,338,1,2,0.966161039563245,1
2,1,339,1,1,0.983762493536048,8
2,1,339,1,2,0.983797237364343,-10
2,1,340,1,1,0.988341767313447,-4
2,1,340,1,2,0.988353652609544,1
2,1,341,1,1,0.0315864063330714,-10
2,1,341,1,2,0.0305693561799545,5
2,1,342,1,1,0.0357618716113951,9
2,1,342,1,2,0.0313283370198358,4
2,1,343,1,1,0.0330805447734402,-1
2,1,343,1,2,0.0324601453550257,-10
2,1,344,1,1,0.0490918998540407,1
2,1,344,1,2,0.0480617073196701,0
2,1,345,1,1,0.128834237745153,1
2,1,345,1,2,0.12630264721057,-1
2,1,346,1,1,0.403671832588013,0
2,1,346,1,2,0.411915009195575,0
2,1,347,1,1,0.827238134513846,0
2,1,347,1,2,0.828207763019829,0
2,1,348,1,1,0.95013060236702,-1
2,1,348,1,2,0.950415842429441,0
2,1,349,1,1,0.979568138572404,0
2,1,349,1,2,0.979564480490885,-2
2,1,350,1,1,0.987148402538305,0
2,1,350,1,2,0.987144869944994,0
2,1,351,1,1,0.0307137410103037,-9
2,1,351,1,2,0.0341884149954096,3
2,1,352,1,1,0.0310589056053727,0
2,1,352,1,2,0.0291278137923979,-8
2,1,353,1,1,0.0301931626149778,8
2,1,353,1,2,0.0301333798911658,5
2,1,354,1,1,0.0345358311494117,-2
2,1,354,1,2,0.0405345626464612,-1
2,1,355,1,1,0.0665394704877273,1
2,1,355,1,2,0.0693005963014345,-1
2,1,356,1,1,0.204029794284537,0
2,1,356,1,2,0.195198629670374,0
2,1,357,1,1,0.664495218800708,0
2,1,357,1,2,0.661309695914725,0
2,1,358,1,1,0.921715337022101,1
2,1,358,1,2,0.92201391272674,0
2,1,359,1,1,0.972625658370646,0
2,1,359,1,2,0.972397709779323,0
2,1,360,1,1,0.98527763201985,0
2,1,360,1,2,0.985156346670886,5
2,1,361,1,1,0.0327994322676603,6
2,1,361,1,2,0.0304609707864036,2
2,1,362,1,1,0.0304973321055899,9
2,1,362,1,2,0.0261622145020144,-3
2,1,363,1,1,0.0323374481119564,-10
2,1,363,1,2,0.0306577771688165,7
2,1,364,1,1,0.0349877220934442,2
2,1,364,1,2,0.0326714117065723,-1
2,1,365,1,1,0.0444914565154815,-1
2,1,365,1,2,0.0395599487256759,-1
2,1,366,1,1,0.0936818344707727,1
2,1,366,1,2,0.0980505876383377,0
2,1,367,1,1,0.353014249621151,0
2,1,367,1,2,0.347914672740326,0
2,1,368,1,1,0.854708918875556,0
2,1,368,1,2,0.854553758550335,0
2,1,369,1,1,0.959842457104341,0
2,1,369,1,2,0.960186071705769,0
2,1,370,1,1,0.98183076729072,-2
2,1,370,1,2,0.981709955265705,0
2,1,371,1,1,0.0293554887799488,-6
2,1,371,1,2,0.0270541788611514,-9
2,1,372,1,1,0.0257126028295012,9
2,1,372,1,2,0.0259825065675627,-2
2,1,373,1,1,0.0300714994254275,-10
2,1,373,1,2,0.0258228316337329,-10
2,1,374,1,1,0.0267722096720335,-10
2,1,374,1,2,0.0272460928585586,0
2,1,375,1,1,0.0334782854438944,2
2,1,375,1,2,0.0308226050991244,0
2,1,376,1,1,0.0517611188073026,0
2,1,376,1,2,0.0542203204548795,-1
2,1,377,1,1,0.159205875628618,-1
2,1,377,1,2,0.153837160302187,0
2,1,378,1,1,0.603890144067872,0
2,1,378,1,2,0.605617253534724,0
2,1,379,1,1,0.93411570819594,0
2,1,379,1,2,0.934417641124689,0
2,1,380,1,1,0.975712296048262,0
2,1,380,1,2,0.97586911089645,0
2,1,381,1,1,0.0248299378639139,8
2,1,381,1,2,0.0267458705991407,3
2,1,382,1,1,0.0237745230255114,8
2,1,382,1,2,0.0257528253009806,3
2,1,383,1,1,0.0265606996416099,-8
2,1,383,1,2,0.0284013072494667,-5
2,1,384,1,1,0.0314469677196268,1
2,1,384,1,2,0.0253482464162936,-9
2,1,385,1,1,0.0278066610420777,-1
2,1,385,1,2,0.0248107693010411,7
2,1,386,1,1,0.0375956295962045,1
2,1,386,1,2,0.0370301965784875,2
2,1,387,1,1,0.0715426798993803,0
2,1,387,1,2,0.070886522865773,0
2,1,388,1,1,0.253269601177697,-1
2,1,388,1,2,0.256980425427222,0
2,1,389,1,1,0.845661657970021,0
2,1,389,1,2,0.846166401450235,0
2,1,390,1,1,0.963746745687473,0
2,1,390,1,2,0.963881375471704,0
2,1,391,1,1,0.020767711145355,9
2,1,391,1,2,0.0251616775161839,10
2,1,392,1,1,0.0273251705817033,-6
2,1,392,1,2,0.0238811113966733,-10
2,1,393,1,1,0.0229151134561391,-10
2,1,393,1,2,0.0244851806218513,-5
2,1,394,1,1,0.0239989238808805,1
2,1,394,1,2,0.0245830126044922,-4
2,1,395,1,1,0.0256065482891591,2
2,1,395,1,2,0.0255023918081521,6
2,1,396,1,1,0.0268189690590957,-2
2,1,396,1,2,0.0279025028335465,0
2,1,397,1,1,0.0407829913398827,-1
2,1,397,1,2,0.0390821375045088,-1
2,1,398,1,1,0.106397170280309,0
2,1,398,1,2,0.101500048191048,1
2,1,399,1,1,0.455780475187655,0
2,1,399,1,2,0.452628153833676,0
2,1,400,1,1,0.93300329420543,0
2,1,400,1,2,0.933067266310811,0
2,1,401,1,1,0.0642405842066036,1
2,1,401,1,2,0.0600364036494871,2
2,1,402,1,1,0.0784220305787913,-2
2,1,402,1,2,0.0754280905855447,1
2,1,403,1,1,0.15431854195303,-1
2,1,403,1,2,0.140365664218408,-2
2,1,404,1,1,0.340943220890363,1
2,1,404,1,2,0.345633617822811,-1
2,1,405,1,1,0.679709487914676,-1
2,1,405,1,2,0.680210910065617,1
2,1,406,1,1,0.894558502569295,2
2,1,406,1,2,0.895190490957314,1
2,1,407,1,1,0.964683798717982,1
2,1,407,1,2,0.964850827188729,1
2,1,408,1,1,0.983791404683261,2
2,1,408,1,2,0.983753330149158,0
2,1,409,1,1,0.988446239223892,6
2,1,409,1,2,0.988432189827411,0
2,1,410,1,1,0.989670493435794,1
2,1,410,1,2,0.989617202693908,0
2,1,411,1,1,0.0439636044748009,0
2,1,411,1,2,0.0494845007875471,-4
2,1,412,1,1,0.0573108092978956,-1
2,1,412,1,2,0.0549589027264164,1
2,1,413,1,1,0.0818796595398962,1
2,1,413,1,2,0.0836989781987037,-2
2,1,414,1,1,0.19881727195961,-2
2,1,414,1,2,0.207245452092837,1
2,1,415,1,1,0.51395529950373,1
2,1,415,1,2,0.517497122854371,-1
2,1,416,1,1,0.832082950219588,-1
2,1,416,1,2,0.831945131618782,-1
2,1,417,1,1,0.948059602885299,-1
2,1,417,1,2,0.948358345337808,1
2,1,418,1,1,0.979502095716271,7
2,1,418,1,2,0.979625996010861,-2
2,1,419,1,1,0.987362939302675,4
2,1,419,1,2,0.987412905716647,8
2,1,420,1,1,0.989377042395542,-3
2,1,420,1,2,0.9894035525404,-1
2,1,421,1,1,0.0392329031435054,2
2,1,421,1,2,0.0372758247807536,-8
2,1,422,1,1,0.0401695232430192,0
2,1,422,1,2,0.0404082329619207,-2
2,1,423,1,1,0.0554938341196249,-1
2,1,423,1,2,0.0609765865776161,-1
2,1,424,1,1,0.110664341003374,0
2,1,424,1,2,0.113118330596286,0
2,1,425,1,1,0.324977093927625,0
2,1,425,1,2,0.329472556301512,0
2,1,426,1,1,0.723864394524332,1
2,1,426,1,2,0.7233422599586,0
2,1,427,1,1,0.920428233975215,0
2,1,427,1,2,0.920233035753128,-1
2,1,428,1,1,0.972653673392318,0
2,1,428,1,2,0.972579638716329,-1
2,1,429,1,1,0.985610487722552,6
2,1,429,1,2,0.985506207355916,-7
2,1,430,1,1,0.988862834265241,-4
2,1,430,1,2,0.988951443578414,8
2,1,431,1,1,0.0377448358880953,3
2,1,431,1,2,0.0353564731122277,7
2,1,432,1,1,0.0355729150667122,-10
2,1,432,1,2,0.0374926186600516,-9
2,1,433,1,1,0.0454051514499153,-2
2,1,433,1,2,0.0419078034134008,4
2,1,434,1,1,0.0647341922591571,1
2,1,434,1,2,0.0745152993454179,0
2,1,435,1,1,0.18293100790334,-1
2,1,435,1,2,0.180021757340613,1
2,1,436,1,1,0.534075573341684,1
2,1,436,1,2,0.535018746685661,0
2,1,437,1,1,0.871576133835509,0
2,1,437,1,2,0.870251761067779,0
2,1,438,1,1,0.960710478290487,0
2,1,438,1,2,0.960746940854049,1
2,1,439,1,1,0.982518107225132,0
2,1,439,1,2,0.982579068839477,-2
2,1,440,1,1,0.988081294066155,3
2,1,440,1,2,0.988086899023436,-2
2,1,441,1,1,0.0330208702361767,-3
2,1,441,1,2,0.0344826104613402,-3
2,1,442,1,1,0.032249382567357,3
2,1,442,1,2,0.0291425827893061,-1
2,1,443,1,1,0.0301879758658485,-2
2,1,443,1,2,0.0362581086470893,-9
2,1,444,1,1,0.0456480232460534,-1
2,1,444,1,2,0.0444253367952289,-1
2,1,445,1,1,0.102466472972659,-1
2,1,445,1,2,0.0883070145406866,-1
2,1,446,1,1,0.302031601244581,-1
2,1,446,1,2,0.295042712232172,0
2,1,447,1,1,0.765121432295906,0
2,1,447,1,2,0.7635825290443,0
2,1,448,1,1,0.940267380885945,0
2,1,448,1,2,0.939895093876299,1
2,1,449,1,1,0.977485662899448,-1
2,1,449,1,2,0.977457885108843,0
2,1,450,1,1,0.986657508448808,-1
2,1,450,1,2,0.986694517711841,-1
2,1,451,1,1,0.0320821252988179,7
2,1,451,1,2,0.0308583471731874,7
2,1,452,1,1,0.0301886796132545,-5
2,1,452,1,2,0.0282032281895632,-10
2,1,453,1,1,0.0297341800466402,-5
2,1,453,1,2,0.0286419994004024,-8
2,1,454,1,1,0.0348611870867136,8
2,1,454,1,2,0.0318142785343257,-10
2,1,455,1,1,0.0619774149100556,-1
2,1,455,1,2,0.0566802286072197,0
2,1,456,1,1,0.148739044996656,0
2,1,456,1,2,0.149619998608451,1
2,1,457,1,1,0.510555579568588,1
2,1,457,1,2,0.512214224714008,0
2,1,458,1,1,0.897978302169238,0
2,1,458,1,2,0.898342572322417,0
2,1,459,1,1,0.968576141499093,0
2,1,459,1,2,0.968795695554289,0
2,1,460,1,1,0.984218542615344,0
2,1,460,1,2,0.984337428722233,1
2,1,461,1,1,0.028694263967313,2
2,1,461,1,2,0.0309664788550686,0
2,1,462,1,1,0.02930289815838,7
2,1,462,1,2,0.0271637521515084,-4
2,1,463,1,1,0.028269916468256,-2
2,1,463,1,2,0.0309118652571097,1
2,1,464,1,1,0.0324192467135583,6
2,1,464,1,2,0.0310966178437639,1
2,1,465,1,1,0.0380430739362947,-2
2,1,465,1,2,0.0386584288204912,-2
2,1,466,1,1,0.0719793962285971,1
2,1,466,1,2,0.0716751790785327,-1
2,1,467,1,1,0.235636674344591,0
2,1,467,1,2,0.233402181252243,-1
2,1,468,1,1,0.778272538864097,0
2,1,468,1,2,0.776569889238194,0
2,1,469,1,1,0.951481457892819,0
2,1,469,1,2,0.951486518778281,1
2,1,470,1,1,0.980065023534458,0
2,1,470,1,2,0.980180615574149,-1
2,1,471,1,1,0.0294526994177753,-1
2,1,471,1,2,0.0275569458719693,-9
2,1,472,1,1,0.0296193992061959,10
2,1,472,1,2,0.026069043660223,7
2,1,473,1,1,0.0266619412494517,5
2,1,473,1,2,0.0283128738584837,9
2,1,474,1,1,0.0286923940625259,2
2,1,474,1,2,0.0288593302817766,-7
2,1,475,1,1,0.030996482206944,-1
2,1,475,1,2,0.0275921475305734,1
2,1,476,1,1,0.0439882956941737,0
2,1,476,1,2,0.045568327093747,0
2,1,477,1,1,0.103295924055892,0
2,1,477,1,2,0.103548449725175,-1
2,1,478,1,1,0.414546910063591,0
2,1,478,1,2,0.411232733246073,0
2,1,479,1,1,0.909816458974684,0
2,1,479,1,2,0.909972570909728,0
2,1,480,1,1,0.972497106907761,0
2,1,480,1,2,0.972510469189836,1
2,1,481,1,1,0.0278340860621855,3
2,1,481,1,2,0.0253391310866331,-5
2,1,482,1,1,0.0268344643538284,9
2,1,482,1,2,0.0276092414317871,-5
2,1,483,1,1,0.0248542213037541,-7
2,1,483,1,2,0.0295738680867074,6
2,1,484,1,1,0.023153156078087,-9
2,1,484,1,2,0.0286156227949452,2
2,1,485,1,1,0.0266413101449813,-6
2,1,485,1,2,0.0250982412179992,-3
2,1,486,1,1,0.0344331513447643,-1
2,1,486,1,2,0.0323117310384099,1
2,1,487,1,1,0.0541928962292718,1
2,1,487,1,2,0.058978217188887,0
2,1,488,1,1,0.161149232525755,0
2,1,488,1,2,0.162683289883915,0
2,1,489,1,1,0.698558591268222,0
2,1,489,1,2,0.696432073604751,0
2,1,490,1,1,0.955781123828771,0
2,1,490,1,2,0.95595775529787,0
2,1,491,1,1,0.0245198817036991,-1
2,1,491,1,2,0.0253602913983351,4
2,1,492,1,1,0.022908298302919,9
2,1,492,1,2,0.026576139380446,4
2,1,493,1,1,0.0254655570580545,5
2,1,493,1,2,0.0227788485861018,7
2,1,494,1,1,0.0300172300052922,-9
2,1,494,1,2,0.0227182055857297,-2
2,1,495,1,1,0.0269292484164294,7
2,1,495,1,2,0.0223550851445038,9
2,1,496,1,1,0.0264485626150248,-9
2,1,496,1,2,0.0316551082887874,8
2,1,497,1,1,0.0394917248624155,1
2,1,497,1,2,0.0309438538030358,3
2,1,498,1,1,0.0775188908344618,0
2,1,498,1,2,0.0757433303997272,-1
2,1,499,1,1,0.276239307284658,0
2,1,499,1,2,0.267870865470372,0
2,1,500,1,1,0.895798090524405,0
2,1,500,1,2,0.895971819571294,0
2,1,501,1,1,0.0560754155284747,9
2,1,501,1,2,0.0606483404741801,6
2,1,502,1,1,0.0727698245134882,-3
2,1,502,1,2,0.0691744082550363,-2
2,1,503,1,1,0.115549330514343,2
2,1,503,1,2,0.128127498498159,0
2,1,504,1,1,0.292233812903318,-1
2,1,504,1,2,0.291275752296142,2
2,1,505,1,1,0.630216941640908,-1
2,1,505,1,2,0.627776633719881,1
2,1,506,1,1,0.876180148200419,1
2,1,506,1,2,0.877194947816275,0
2,1,507,1,1,0.960350043032815,-2
2,1,507,1,2,0.960058359450163,-1
2,1,508,1,1,0.98271802895038,-1
2,1,508,1,2,0.982640281811628,-1
2,1,509,1,1,0.98824625221232,-1
2,1,509,1,2,0.988224190308389,-1
2,1,510,1,1,0.989675574952087,2
2,1,510,1,2,0.989644952967856,0
2,1,511,1,1,0.0436724922144047,-3
2,1,511,1,2,0.0475676516565935,4
2,1,512,1,1,0.0466184961508035,0
2,1,512,1,2,0.0487363249555692,1
2,1,513,1,1,0.0765607434709111,2
2,1,513,1,2,0.0734505802918646,2
2,1,514,1,1,0.177505849364854,1
2,1,514,1,2,0.17645585585739,1
2,1,515,1,1,0.440694526057833,0
2,1,515,1,2,0.441214186768475,1
2,1,516,1,1,0.798058016568356,0
2,1,516,1,2,0.798219132393715,-1
2,1,517,1,1,0.940379806578112,-1
2,1,517,1,2,0.940439458198911,1
2,1,518,1,1,0.97762541185046,2
2,1,518,1,2,0.977626894111558,1
2,1,519,1,1,0.986997062337745,4
2,1,519,1,2,0.986951058217169,-6
2,1,520,1,1,0.989202447065407,1
2,1,520,1,2,0.989239850006943,1
2,1,521,1,1,0.0376519701445878,4
2,1,521,1,2,0.0394124486116663,6
2,1,522,1,1,0.0430357125202391,-1
2,1,522,1,2,0.0405815884235039,-2
2,1,523,1,1,0.0515389458702516,1
2,1,523,1,2,0.0501481901452718,3
2,1,524,1,1,0.0954301041591438,-1
2,1,524,1,2,0.0991874328821342,1
2,1,525,1,1,0.269865775925992,0
2,1,525,1,2,0.265608853192216,-1
2,1,526,1,1,0.658757204480895,-1
2,1,526,1,2,0.660080662962553,0
2,1,527,1,1,0.905445066485451,1
2,1,527,1,2,0.904817893549189,-1
2,1,528,1,1,0.969326076376522,1
2,1,528,1,2,0.969227490936842,0
2,1,529,1,1,0.984880802973331,7
2,1,529,1,2,0.984842642093198,-9
2,1,530,1,1,0.988661791469636,3
2,1,530,1,2,0.988715241718624,7
2,1,531,1,1,0.0369766039677577,2
2,1,531,1,2,0.0345245280044271,-2
2,1,532,1,1,0.036989298526917,10
2,1,532,1,2,0.0339197107380207,7
2,1,533,1,1,0.0395955101362294,4
2,1,533,1,2,0.0402127561938829,2
2,1,534,1,1,0.0631877572107168,-1
2,1,534,1,2,0.0567010031382684,1
2,1,535,1,1,0.139125490379916,1
2,1,535,1,2,0.139339251631707,1
2,1,536,1,1,0.437170627519869,0
2,1,536,1,2,0.43887773082606,1
2,1,537,1,1,0.838369093767951,0
2,1,537,1,2,0.838017439178464,0
2,1,538,1,1,0.954742137260189,0
2,1,538,1,2,0.95466932232631,1
2,1,539,1,1,0.981239303760584,0
2,1,539,1,2,0.981258774929203,-1
2,1,540,1,1,0.987753965121982,1
2,1,540,1,2,0.98776538772893,4
2,1,541,1,1,0.0331331213948186,6
2,1,541,1,2,0.0327185287322803,-1
2,1,542,1,1,0.0382931698618867,-7
2,1,542,1,2,0.0288176015240952,3
2,1,543,1,1,0.0345748471684292,1
2,1,543,1,2,0.0347284137680763,-5
2,1,544,1,1,0.0432829733442773,0
2,1,544,1,2,0.0443199473809633,0
2,1,545,1,1,0.0813996821397006,1
2,1,545,1,2,0.0785133617703139,1
2,1,546,1,1,0.226218077466966,0
2,1,546,1,2,0.234521977350874,0
2,1,547,1,1,0.683334826199955,0
2,1,547,1,2,0.683141523623419,0
2,1,548,1,1,0.927326624160071,0
2,1,548,1,2,0.927895408392132,0
2,1,549,1,1,0.975262059055824,1
2,1,549,1,2,0.97521346325248,0
2,1,550,1,1,0.986087183114853,-1
2,1,550,1,2,0.986072635780084,-1
2,1,551,1,1,0.0310889479856632,-5
2,1,551,1,2,0.026239670036421,-9
2,1,552,1,1,0.0288778559139994,-4
2,1,552,1,2,0.0311196214533954,9
2,1,553,1,1,0.0305909678570037,0
2,1,553,1,2,0.0280125393988664,-10
2,1,554,1,1,0.0375833300443321,7
2,1,554,1,2,0.0311691373824476,5
2,1,555,1,1,0.0467688077464177,1
2,1,555,1,2,0.0473786145697329,0
2,1,556,1,1,0.1184485382603,0
2,1,556,1,2,0.119097843639072,-1
2,1,557,1,1,0.376767555133967,0
2,1,557,1,2,0.382478588968399,0
2,1,558,1,1,0.866300338404553,0
2,1,558,1,2,0.867066818343059,0
2,1,559,1,1,0.96389155481303,0
2,1,559,1,2,0.963989860366456,0
2,1,560,1,1,0.983288286151402,0
2,1,560,1,2,0.983300816293895,-2
2,1,561,1,1,0.0283379916769618,-8
2,1,561,1,2,0.0311744492625864,3
2,1,562,1,1,0.0279397082356195,1
2,1,562,1,2,0.0298465798468089,6
2,1,563,1,1,0.0305380415946242,4
2,1,563,1,2,0.0291202080991965,-4
2,1,564,1,1,0.0292097254887243,-10
2,1,564,1,2,0.0285689227216388,-3
2,1,565,1,1,0.0366194068029899,1
2,1,565,1,2,0.0412606761381715,0
2,1,566,1,1,0.0512769039974112,0
2,1,566,1,2,0.0616507219140028,0
2,1,567,1,1,0.175964606171343,0
2,1,567,1,2,0.166146357255957,0
2,1,568,1,1,0.653779403001329,0
2,1,568,1,2,0.656586167057198,0
2,1,569,1,1,0.940717101820868,0
2,1,569,1,2,0.94098274802829,0
2,1,570,1,1,0.978143921990038,0
2,1,570,1,2,0.978250060892147,0
2,1,571,1,1,0.0277659156229313,8
2,1,571,1,2,0.028415582683405,7
2,1,572,1,1,0.0291106352343616,-4
2,1,572,1,2,0.0264359681449675,-3
2,1,573,1,1,0.0261150052482753,-3
2,1,573,1,2,0.0280545767721865,-7
2,1,574,1,1,0.0273540464429557,-6
2,1,574,1,2,0.0277317727631921,8
2,1,575,1,1,0.0274882398318052,-10
2,1,575,1,2,0.0298952012905963,-2
2,1,576,1,1,0.0366501771451443,2
2,1,576,1,2,0.0383427317245955,0
2,1,577,1,1,0.0735783928255512,1
2,1,577,1,2,0.0735544276868258,0
2,1,578,1,1,0.289850782274747,0
2,1,578,1,2,0.296455505768971,0
2,1,579,1,1,0.871200836686706,0
2,1,579,1,2,0.872005830553105,0
2,1,580,1,1,0.968471277801745,0
2,1,580,1,2,0.968211468339296,0
2,1,581,1,1,0.023740390124452,6
2,1,581,1,2,0.0283504645213146,9
2,1,582,1,1,0.0266959517849385,0
2,1,582,1,2,0.0244591891651438,8
2,1,583,1,1,0.0232936311790699,-5
2,1,583,1,2,0.0244327572518073,-2
2,1,584,1,1,0.0296839972667764,-3
2,1,584,1,2,0.0269236250983103,7
2,1,585,1,1,0.0266180755220792,-5
2,1,585,1,2,0.0266011644991205,-3
2,1,586,1,1,0.0287395591330848,4
2,1,586,1,2,0.0297122195729945,0
2,1,587,1,1,0.0424304056160729,0
2,1,587,1,2,0.0393173164457229,0
2,1,588,1,1,0.114684963702513,0
2,1,588,1,2,0.130046513970074,0
2,1,589,1,1,0.511650157713362,0
2,1,589,1,2,0.51742769811703,0
2,1,590,1,1,0.944281130094139,0
2,1,590,1,2,0.94410005572351,0
2,1,591,1,1,0.0264371400033023,6
2,1,591,1,2,0.0218380320002003,2
2,1,592,1,1,0.0234367247077942,-9
2,1,592,1,2,0.0219302850620051,-7
2,1,593,1,1,0.0250332086115475,-1
2,1,593,1,2,0.0260630346898315,-2
2,1,594,1,1,0.0245414201678588,3
2,1,594,1,2,0.023484003883283,-10
2,1,595,1,1,0.0234611224009567,-10
2,1,595,1,2,0.0275429400853987,-8
2,1,596,1,1,0.0271391674853381,-5
2,1,596,1,2,0.0254173889063547,2
2,1,597,1,1,0.0372113806820323,1
2,1,597,1,2,0.0300119506885925,-1
2,1,598,1,1,0.050393660685553,1
2,1,598,1,2,0.0560058714318996,-1
2,1,599,1,1,0.187902144564322,-1
2,1,599,1,2,0.188986722091815,0
2,1,600,1,1,0.808650413558569,0
2,1,600,1,2,0.807208874508897,0
2,1,601,1,1,0.0553473304556759,-1
2,1,601,1,2,0.0597594292723232,9
2,1,602,1,1,0.0723299018968468,-2
2,1,602,1,2,0.0697207721387604,1
2,1,603,1,1,0.109748177494477,-2
2,1,603,1,2,0.108215391870304,-2
2,1,604,1,1,0.254092445718423,-2
2,1,604,1,2,0.258407501483941,2
2,1,605,1,1,0.575916855915719,1
2,1,605,1,2,0.57689813944737,-1
2,1,606,1,1,0.85696634434739,-1
2,1,606,1,2,0.856645710858331,-1
2,1,607,1,1,0.955209051220761,-2
2,1,607,1,2,0.955206289583608,1
2,1,608,1,1,0.981437530622585,1
2,1,608,1,2,0.981392596003203,0
2,1,609,1,1,0.98791096710312,-6
2,1,609,1,2,0.987941702647704,3
2,1,610,1,1,0.989519852808599,0
2,1,610,1,2,0.989527591510565,-2
2,1,611,1,1,0.0428591819024823,-9
2,1,611,1,2,0.0453482699473074,5
2,1,612,1,1,0.0505785531187698,5
2,1,612,1,2,0.0493728024497223,1
2,1,613,1,1,0.0686242411169144,0
2,1,613,1,2,0.074633296894344,0
2,1,614,1,1,0.144583170975218,1
2,1,614,1,2,0.150182438774569,2
2,1,615,1,1,0.38882708198763,-1
2,1,615,1,2,0.388522563782129,-1
2,1,616,1,1,0.759920578234784,0
2,1,616,1,2,0.761408454238061,-1
2,1,617,1,1,0.931288460011562,1
2,1,617,1,2,0.930972399413929,0
2,1,618,1,1,0.975520048476095,0
2,1,618,1,2,0.975596086217729,-2
2,1,619,1,1,0.986519650730332,-3
2,1,619,1,2,0.986517971939802,-4
2,1,620,1,1,0.98915991837669,-2
2,1,620,1,2,0.989152100542063,-1
2,1,621,1,1,0.0394794346833729,3
2,1,621,1,2,0.0403870210592129,10
2,1,622,1,1,0.0366270232390102,-3
2,1,622,1,2,0.037411933989585,-1
2,1,623,1,1,0.0527985820715777,0
2,1,623,1,2,0.0509594249906362,1
2,1,624,1,1,0.087630312801493,1
2,1,624,1,2,0.0810983162254011,1
2,1,625,1,1,0.222721235049005,-1
2,1,625,1,2,0.217287970793069,0
2,1,626,1,1,0.59150946801849,0
2,1,626,1,2,0.593288925093563,1
2,1,627,1,1,0.887849432819305,0
2,1,627,1,2,0.886603018891725,-1
2,1,628,1,1,0.965647693021257,0
2,1,628,1,2,0.965476539863508,-1
2,1,629,1,1,0.984025556122944,0
2,1,629,1,2,0.984110315665214,-1
2,1,630,1,1,0.988470156995952,2
2,1,630,1,2,0.988461747868376,0
2,1,631,1,1,0.0353686315341035,6
2,1,631,1,2,0.0340639833150106,-10
2,1,632,1,1,0.0329537728638333,9
2,1,632,1,2,0.032978689726194,3
2,1,633,1,1,0.0404317657691355,-2
2,1,633,1,2,0.0371463295465261,-1
2,1,634,1,1,0.0533583062894469,-3
2,1,634,1,2,0.0482159584489355,-1
2,1,635,1,1,0.109897877270136,1
2,1,635,1,2,0.11712404485104,0
2,1,636,1,1,0.368473511941327,0
2,1,636,1,2,0.367299196770797,-1
2,1,637,1,1,0.800745343247678,0
2,1,637,1,2,0.801407088814009,0
2,1,638,1,1,0.94790173419816,0
2,1,638,1,2,0.947646240794533,0
2,1,639,1,1,0.979806991746335,-1
2,1,639,1,2,0.979750570033777,0
2,1,640,1,1,0.987394935764439,-9
2,1,640,1,2,0.98737900632156,-2
2,1,641,1,1,0.0330326456397247,-1
2,1,641,1,2,0.0332998866686997,9
2,1,642,1,1,0.0307226244813847,1
2,1,642,1,2,0.0315002456077492,9
2,1,643,1,1,0.0344182905873452,-5
2,1,643,1,2,0.0321677538040692,-5
2,1,644,1,1,0.0374130286624846,-1
2,1,644,1,2,0.0406107005627714,1
2,1,645,1,1,0.0729389329810711,1
2,1,645,1,2,0.0738744564275933,0
2,1,646,1,1,0.18337630923846,0
2,1,646,1,2,0.188078900189694,0
2,1,647,1,1,0.597859273519184,0
2,1,647,1,2,0.594587675283124,0
2,1,648,1,1,0.912481207797044,0
2,1,648,1,2,0.912620012648792,0
2,1,649,1,1,0.972455376575603,0
2,1,649,1,2,0.972242350432152,-1
2,1,650,1,1,0.985439576942634,-1
2,1,650,1,2,0.98548891631744,2
2,1,651,1,1,0.0276065539871308,-1
2,1,651,1,2,0.0265464942513166,3
2,1,652,1,1,0.0294756479795645,-3
2,1,652,1,2,0.0296205854391453,5
2,1,653,1,1,0.028394017947085,6
2,1,653,1,2,0.0283045915479888,-5
2,1,654,1,1,0.0310485491040093,-2
2,1,654,1,2,0.0309495747900633,-5
2,1,655,1,1,0.0431549517102152,3
2,1,655,1,2,0.0425444735454176,1
2,1,656,1,1,0.0917891597494892,0
2,1,656,1,2,0.0815632391676814,1
2,1,657,1,1,0.307014926525418,0
2,1,657,1,2,0.31102489541876,0
2,1,658,1,1,0.825742467456831,0
2,1,658,1,2,0.825667449942544,0
2,1,659,1,1,0.958580048768174,0
2,1,659,1,2,0.958506605851589,0
2,1,660,1,1,0.982182024440362,0
2,1,660,1,2,0.982241569835316,2
2,1,661,1,1,0.0270498546349264,3
2,1,661,1,2,0.0266281356915373,-3
2,1,662,1,1,0.0276800007233872,-7
2,1,662,1,2,0.0294787330874703,5
2,1,663,1,1,0.0278966523224825,-1
2,1,663,1,2,0.0321496237183455,-10
2,1,664,1,1,0.0300488609998495,0
2,1,664,1,2,0.0285095386719322,7
2,1,665,1,1,0.038486851075425,0
2,1,665,1,2,0.0333256196494252,0
2,1,666,1,1,0.0464266569073239,-1
2,1,666,1,2,0.0499389646826685,1
2,1,667,1,1,0.128044478540945,1
2,1,667,1,2,0.129475192111365,0
2,1,668,1,1,0.527738292948671,0
2,1,668,1,2,0.529845041861231,0
2,1,669,1,1,0.927502163021541,0
2,1,669,1,2,0.926785341309283,0
2,1,670,1,1,0.976162917610118,0
2,1,670,1,2,0.975986421831198,0
2,1,671,1,1,0.0264414546086301,-9
2,1,671,1,2,0.0285144707027981,-3
2,1,672,1,1,0.0254207927366234,-6
2,1,672,1,2,0.0289035702217906,-5
2,1,673,1,1,0.0265015206026654,-5
2,1,673,1,2,0.0292032738698368,5
2,1,674,1,1,0.0303090721953573,0
2,1,674,1,2,0.0278127758770137,4
2,1,675,1,1,0.0295934274938132,-10
2,1,675,1,2,0.0293452618876329,-7
2,1,676,1,1,0.037949299989505,0
2,1,676,1,2,0.0334071644955481,3
2,1,677,1,1,0.0654204720545621,0
2,1,677,1,2,0.0659313524101667,1
2,1,678,1,1,0.212870173461108,0
2,1,678,1,2,0.215838642777931,0
2,1,679,1,1,0.805212187423673,0
2,1,679,1,2,0.804447773716288,0
2,1,680,1,1,0.963509880517558,0
2,1,680,1,2,0.96363797548961,0
2,1,681,1,1,0.0292032462068833,-9
2,1,681,1,2,0.0271114945785023,-6
2,1,682,1,1,0.0298629265119316,4
2,1,682,1,2,0.0264140098778428,0
2,1,683,1,1,0.0274335716900472,6
2,1,683,1,2,0.0260285895683941,9
2,1,684,1,1,0.02704517319077,3
2,1,684,1,2,0.0273155615805347,-5
2,1,685,1,1,0.0288422242259543,4
2,1,685,1,2,0.024137582682129,-1
2,1,686,1,1,0.0270459247656673,1
2,1,686,1,2,0.0326739361752869,-1
2,1,687,1,1,0.0359063967713111,0
2,1,687,1,2,0.0398902221739204,0
2,1,688,1,1,0.0915530382187046,0
2,1,688,1,2,0.0831084126076206,0
2,1,689,1,1,0.365023419971834,0
2,1,689,1,2,0.369811662183675,0
2,1,690,1,1,0.926873718756028,0
2,1,690,1,2,0.927112811323331,0
2,1,691,1,1,0.0236465583674981,-2
2,1,691,1,2,0.0270509354866214,6
2,1,692,1,1,0.0243840753157219,-8
2,1,692,1,2,0.0256980126783063,-6
2,1,693,1,1,0.0252195531585825,-7
2,1,693,1,2,0.0271219022420759,5
2,1,694,1,1,0.0235924534164961,-9
2,1,694,1,2,0.0257308596322466,-6
2,1,695,1,1,0.0253186176243654,-10
2,1,695,1,2,0.0235416186643828,-9
2,1,696,1,1,0.0285726181210509,8
2,1,696,1,2,0.0257775368425043,-7
2,1,697,1,1,0.0262115867915073,3
2,1,697,1,2,0.0293878263383864,1
2,1,698,1,1,0.0427813460980646,0
2,1,698,1,2,0.0474310485191421,1
2,1,699,1,1,0.156745974896472,1
2,1,699,1,2,0.136258970386841,0
2,1,700,1,1,0.653357529224395,0
2,1,700,1,2,0.646695675920091,0
2,2,1,1,1,0.202292410148724,-1
2,2,1,1,2,0.200356998058903,0
2,2,2,1,1,0.390721017282764,0
2,2,2,1,2,0.391372894202592,1
2,2,3,1,1,0.658155527336725,0
2,2,3,1,2,0.658712582996375,0
2,2,4,1,1,0.853213942652765,-1
2,2,4,1,2,0.852817207651462,-1
2,2,5,1,1,0.945267752410881,0
2,2,5,1,2,0.945438648425256,0
2,2,6,1,1,0.977761882128099,-3
2,2,6,1,2,0.977755189057799,0
2,2,7,1,1,0.986929540344994,3
2,2,7,1,2,0.986845229157083,0
2,2,8,1,1,0.98931395444014,-5
2,2,8,1,2,0.989357512246418,1
2,2,9,1,1,0.989840658323379,-2
2,2,9,1,2,0.989870852444695,-2
2,2,10,1,1,0.989986441485638,0
2,2,10,1,2,0.990030929377453,3
2,2,11,1,1,0.144749126379461,-1
2,2,11,1,2,0.151261570894812,1
2,2,12,1,1,0.297492307073855,0
2,2,12,1,2,0.292299520729479,0
2,2,13,1,1,0.560201262306562,0
2,2,13,1,2,0.556838829516612,0
2,2,14,1,1,0.796069780508482,0
2,2,14,1,2,0.797101022529278,0
2,2,15,1,1,0.923038042831966,1
2,2,15,1,2,0.922564511035528,-1
2,2,16,1,1,0.970685611114128,-1
2,2,16,1,2,0.970452282930212,0
2,2,17,1,1,0.984794403057065,-2
2,2,17,1,2,0.984834499841485,9
2,2,18,1,1,0.988687446534254,-2
2,2,18,1,2,0.988652605759608,2
2,2,19,1,1,0.989738838755573,-2
2,2,19,1,2,0.989685022598177,3
2,2,20,1,1,0.989993741307997,0
2,2,20,1,2,0.990045227088417,-1
2,2,21,1,1,0.116285568056125,0
2,2,21,1,2,0.114664475387256,0
2,2,22,1,1,0.214203556043655,0
2,2,22,1,2,0.217356461129691,0
2,2,23,1,1,0.45121965686572,0
2,2,23,1,2,0.451897374232905,0
2,2,24,1,1,0.730534732393535,0
2,2,24,1,2,0.731457007365895,0
2,2,25,1,1,0.892380677409743,0
2,2,25,1,2,0.892767599998414,1
2,2,26,1,1,0.960022317514374,0
2,2,26,1,2,0.9598131541837,-1
2,2,27,1,1,0.981596423410262,0
2,2,27,1,2,0.981636414273887,0
2,2,28,1,1,0.987741968687743,-6
2,2,28,1,2,0.987726402429083,2
2,2,29,1,1,0.98945271710867,1
2,2,29,1,2,0.989366458476473,0
2,2,30,1,1,0.989879859681726,0
2,2,30,1,2,0.989865934270349,-4
2,2,31,1,1,0.0835250316722972,0
2,2,31,1,2,0.0845775494167523,0
2,2,32,1,1,0.158736424409798,0
2,2,32,1,2,0.152555779650652,0
2,2,33,1,1,0.34860364342984,0
2,2,33,1,2,0.346959113703734,0
2,2,34,1,1,0.651486502835044,0
2,2,34,1,2,0.651090422776022,0
2,2,35,1,1,0.855166954607158,0
2,2,35,1,2,0.854303579478467,0
2,2,36,1,1,0.945298090374077,0
2,2,36,1,2,0.944969899435467,0
2,2,37,1,1,0.976833870912356,0
2,2,37,1,2,0.976772339191733,0
2,2,38,1,1,0.986286726994794,-2
2,2,38,1,2,0.986415734697189,-3
2,2,39,1,1,0.989010596304699,-1
2,2,39,1,2,0.988962387534941,0
2,2,40,1,1,0.989760260282932,0
2,2,40,1,2,0.989645760469873,2
2,2,41,1,1,0.0672236866064142,0
2,2,41,1,2,0.0658680273177421,0
2,2,42,1,1,0.120519713979805,0
2,2,42,1,2,0.12006747701338,0
2,2,43,1,1,0.249965983233899,0
2,2,43,1,2,0.248709974189052,0
2,2,44,1,1,0.550419573784759,0
2,2,44,1,2,0.544431739066087,0
2,2,45,1,1,0.80746837075914,0
2,2,45,1,2,0.805928036664808,0
2,2,46,1,1,0.924814008979462,1
2,2,46,1,2,0.925031548955169,0
2,2,47,1,1,0.969525736803608,0
2,2,47,1,2,0.969691537602993,1
2,2,48,1,1,0.984012890893006,0
2,2,48,1,2,0.984046225032241,0
2,2,49,1,1,0.988168951408811,-6
2,2,49,1,2,0.98821796799796,0
2,2,50,1,1,0.989500832101294,5
2,2,50,1,2,0.989459731490101,2
2,2,51,1,1,0.0519341523123758,0
2,2,51,1,2,0.0464917344413142,-1
2,2,52,1,1,0.0807857510975696,0
2,2,52,1,2,0.0924394305078581,0
2,2,53,1,1,0.174324041108547,0
2,2,53,1,2,0.170643225629605,0
2,2,54,1,1,0.416920557909545,0
2,2,54,1,2,0.407626960682511,0
2,2,55,1,1,0.742184428174385,0
2,2,55,1,2,0.741649917136528,0
2,2,56,1,1,0.899067094911067,0
2,2,56,1,2,0.899414110321844,0
2,2,57,1,1,0.959661335912364,0
2,2,57,1,2,0.95950721010919,0
2,2,58,1,1,0.980506038137182,-2
2,2,58,1,2,0.980540738795981,0
2,2,59,1,1,0.987060539817514,5
2,2,59,1,2,0.987084107109925,2
2,2,60,1,1,0.989096049091993,-1
2,2,60,1,2,0.989035102053815,0
2,2,61,1,1,0.0414201307791163,0
2,2,61,1,2,0.0379849743900033,0
2,2,62,1,1,0.0659370965851155,0
2,2,62,1,2,0.067617891203203,0
2,2,63,1,1,0.119172831952166,0
2,2,63,1,2,0.121328114498676,0
2,2,64,1,1,0.267414398383649,0
2,2,64,1,2,0.276292467876455,0
2,2,65,1,1,0.629293339548759,0
2,2,65,1,2,0.626660297718084,0
2,2,66,1,1,0.862574507353972,0
2,2,66,1,2,0.862534010289113,0
2,2,67,1,1,0.945539933434426,0
2,2,67,1,2,0.945252968364492,0
2,2,68,1,1,0.975118166701521,0
2,2,68,1,2,0.97515473136288,1
2,2,69,1,1,0.985172603275169,0
2,2,69,1,2,0.985203168562203,0
2,2,70,1,1,0.988258599443905,-2
2,2,70,1,2,0.988408463867336,0
2,2,71,1,1,0.0332461978583606,0
2,2,71,1,2,0.0328410389851608,0
2,2,72,1,1,0.0502835849097723,0
2,2,72,1,2,0.0509255647656749,0
2,2,73,1,1,0.0816680834818374,0
2,2,73,1,2,0.0718211634959252,0
2,2,74,1,1,0.18323308946262,0
2,2,74,1,2,0.156141876097567,0
2,2,75,1,1,0.440062388988921,0
2,2,75,1,2,0.437672251386511,0
2,2,76,1,1,0.80015507010811,0
2,2,76,1,2,0.800495123461395,0
2,2,77,1,1,0.925150953698982,0
2,2,77,1,2,0.924797829982433,0
2,2,78,1,1,0.967421908864966,0
2,2,78,1,2,0.967179984754545,0
2,2,79,1,1,0.982058274265692,0
2,2,79,1,2,0.982149361318753,0
2,2,80,1,1,0.987296989827219,0
2,2,80,1,2,0.987235266452429,-3
2,2,81,1,1,0.0339354643474833,0
2,2,81,1,2,0.0327339738749566,0
2,2,82,1,1,0.034227903102964,0
2,2,82,1,2,0.0390051421955373,0
2,2,83,1,1,0.0517961047207589,0
2,2,83,1,2,0.0549507383843805,0
2,2,84,1,1,0.111073997757723,0
2,2,84,1,2,0.114968817164394,0
2,2,85,1,1,0.253828449803252,0
2,2,85,1,2,0.242263492767965,0
2,2,86,1,1,0.653037983451036,0
2,2,86,1,2,0.652765558072465,0
2,2,87,1,1,0.891374535476846,0
2,2,87,1,2,0.891082948646174,0
2,2,88,1,1,0.955542799645761,0
2,2,88,1,2,0.955834851493627,0
2,2,89,1,1,0.977394527865348,0
2,2,89,1,2,0.977433180561153,0
2,2,90,1,1,0.985444961356783,0
2,2,90,1,2,0.985398986934878,0
2,2,91,1,1,0.0255188028899976,10
2,2,91,1,2,0.0267724899788235,0
2,2,92,1,1,0.0350817646747061,0
2,2,92,1,2,0.0335049393967088,1
2,2,93,1,1,0.0417771470802575,0
2,2,93,1,2,0.0443820072658032,0
2,2,94,1,1,0.0786322354240184,0
2,2,94,1,2,0.0819508895899299,0
2,2,95,1,1,0.143696416372603,0
2,2,95,1,2,0.151304064244222,0
2,2,96,1,1,0.392141079714888,0
2,2,96,1,2,0.392875589513671,0
2,2,97,1,1,0.817456355781837,0
2,2,97,1,2,0.816128130246749,0
2,2,98,1,1,0.93565137524602,0
2,2,98,1,2,0.935740874793515,0
2,2,99,1,1,0.970217869771808,0
2,2,99,1,2,0.969993277065741,0
2,2,100,1,1,0.982441746204771,0
2,2,100,1,2,0.982357371630316,0
2,2,101,1,1,0.152302114372674,-1
2,2,101,1,2,0.148850834780616,0
2,2,102,1,1,0.288562142577135,1
2,2,102,1,2,0.293543970472978,1
2,2,103,1,1,0.554547321135969,0
2,2,103,1,2,0.553869757593655,0
2,2,104,1,1,0.80788770299172,0
2,2,104,1,2,0.809934221955896,0
2,2,105,1,1,0.931927289546463,0
2,2,105,1,2,0.93145904539791,0
2,2,106,1,1,0.974057234979361,1
2,2,106,1,2,0.974157330120545,0
2,2,107,1,1,0.986043907567271,-1
2,2,107,1,2,0.986043555867477,-2
2,2,108,1,1,0.989062675569234,1
2,2,108,1,2,0.989041108680695,0
2,2,109,1,1,0.989829152842358,-1
2,2,109,1,2,0.989809216800938,0
2,2,110,1,1,0.990045367940611,0
2,2,110,1,2,0.99003456023025,-1
2,2,111,1,1,0.107485770782732,1
2,2,111,1,2,0.106185315803323,0
2,2,112,1,1,0.199056113970628,0
2,2,112,1,2,0.206569626405677,0
2,2,113,1,1,0.416654501427382,0
2,2,113,1,2,0.425716190219408,0
2,2,114,1,1,0.727734048425371,0
2,2,114,1,2,0.727420813059238,0
2,2,115,1,1,0.901131527032209,0
2,2,115,1,2,0.901412445218433,0
2,2,116,1,1,0.964359829825299,0
2,2,116,1,2,0.964621041955967,1
2,2,117,1,1,0.98343029995113,0
2,2,117,1,2,0.98346060545464,1
2,2,118,1,1,0.988343978030997,0
2,2,118,1,2,0.988366516860252,0
2,2,119,1,1,0.989590550046673,-1
2,2,119,1,2,0.98968429314638,-2
2,2,120,1,1,0.989921152724786,5
2,2,120,1,2,0.989947312523003,0
2,2,121,1,1,0.0843492848864581,0
2,2,121,1,2,0.0887205025042996,0
2,2,122,1,1,0.135271544584158,0
2,2,122,1,2,0.139381510994791,0
2,2,123,1,1,0.301687521975927,0
2,2,123,1,2,0.300419383580554,0
2,2,124,1,1,0.6164159797966,0
2,2,124,1,2,0.615968517084102,0
2,2,125,1,1,0.855278448106755,0
2,2,125,1,2,0.85601569065489,0
2,2,126,1,1,0.949899457787077,0
2,2,126,1,2,0.949861082912307,0
2,2,127,1,1,0.979370392746778,0
2,2,127,1,2,0.979235081996386,0
2,2,128,1,1,0.987238553952593,0
2,2,128,1,2,0.987203994890873,1
2,2,129,1,1,0.989260849052674,-4
2,2,129,1,2,0.989276170242923,0
2,2,130,1,1,0.989791928017181,1
2,2,130,1,2,0.989895452656798,8
2,2,131,1,1,0.056161884728219,1
2,2,131,1,2,0.0657359362377169,0
2,2,132,1,1,0.0891995462028154,0
2,2,132,1,2,0.0931195260526503,0
2,2,133,1,1,0.203501758437518,0
2,2,133,1,2,0.196279339243897,0
2,2,134,1,1,0.468538503484678,0
2,2,134,1,2,0.469841745913486,0
2,2,135,1,1,0.791861355347013,0
2,2,135,1,2,0.791905471301525,0
2,2,136,1,1,0.929065047497085,0
2,2,136,1,2,0.928346075556851,0
2,2,137,1,1,0.972746117038145,0
2,2,137,1,2,0.972725350213948,0
2,2,138,1,1,0.985381737971856,0
2,2,138,1,2,0.985295503527585,1
2,2,139,1,1,0.988633075609101,-3
2,2,139,1,2,0.98868993191733,-3
2,2,140,1,1,0.98965850214036,4
2,2,140,1,2,0.989610294178025,7
2,2,141,1,1,0.046326737412806,0
2,2,141,1,2,0.0509980710727436,0
2,2,142,1,1,0.0828853130622857,0
2,2,142,1,2,0.0774585183665726,0
2,2,143,1,1,0.139483656904503,0
2,2,143,1,2,0.13265154863895,0
2,2,144,1,1,0.316694320121824,0
2,2,144,1,2,0.314466837375161,0
2,2,145,1,1,0.688119583705641,0
2,2,145,1,2,0.687461246024582,0
2,2,146,1,1,0.897284764279979,0
2,2,146,1,2,0.896727840521908,0
2,2,147,1,1,0.962602899294492,0
2,2,147,1,2,0.962692895299722,0
2,2,148,1,1,0.98217300667242,0
2,2,148,1,2,0.982385629558148,0
2,2,149,1,1,0.987744699979957,0
2,2,149,1,2,0.987801161146342,-1
2,2,150,1,1,0.989355185276112,0
2,2,150,1,2,0.989338877749295,-1
2,2,151,1,1,0.0366106733553551,0
2,2,151,1,2,0.0445886333327264,0
2,2,152,1,1,0.0548180861741562,0
2,2,152,1,2,0.055997670793186,0
2,2,153,1,1,0.0979565122692682,0
2,2,153,1,2,0.0847340326671421,0
2,2,154,1,1,0.194766352978061,0
2,2,154,1,2,0.189629538712954,0
2,2,155,1,1,0.500459136838407,0
2,2,155,1,2,0.511954991758526,0
2,2,156,1,1,0.8455369242378,0
2,2,156,1,2,0.845311269483875,0
2,2,157,1,1,0.947878794910501,0
2,2,157,1,2,0.94793240986457,0
2,2,158,1,1,0.977584253824677,0
2,2,158,1,2,0.977558975972121,0
2,2,159,1,1,0.986254204162608,0
2,2,159,1,2,0.986267778538637,0
2,2,160,1,1,0.988854029737888,1
2,2,160,1,2,0.988909523841211,0
2,2,161,1,1,0.0326970632705343,0
2,2,161,1,2,0.0336489542905562,0
2,2,162,1,1,0.0399382438502317,0
2,2,162,1,2,0.0475316240708553,0
2,2,163,1,1,0.0617527982869165,0
2,2,163,1,2,0.058062865107215,0
2,2,164,1,1,0.137150606045928,0
2,2,164,1,2,0.118162861630935,0
2,2,165,1,1,0.316193945083118,0
2,2,165,1,2,0.31189416856207,0
2,2,166,1,1,0.735127872602957,0
2,2,166,1,2,0.73678520867715,0
2,2,167,1,1,0.923453228977796,0
2,2,167,1,2,0.923834612913324,0
2,2,168,1,1,0.969954107586574,0
2,2,168,1,2,0.970085910095867,0
2,2,169,1,1,0.983822318923328,0
2,2,169,1,2,0.983957219444023,0
2,2,170,1,1,0.988051851974919,0
2,2,170,1,2,0.987981289952888,0
2,2,171,1,1,0.0260225257939714,-6
2,2,171,1,2,0.0301521498796704,0
2,2,172,1,1,0.0328859280397235,0
2,2,172,1,2,0.0350708559696763,0
2,2,173,1,1,0.0481025753547927,0
2,2,173,1,2,0.0466445375106081,0
2,2,174,1,1,0.0799639548069135,0
2,2,174,1,2,0.0779268626010635,0
2,2,175,1,1,0.172969441673305,0
2,2,175,1,2,0.180510812173371,0
2,2,176,1,1,0.480763701373795,0
2,2,176,1,2,0.475045598595928,0
2,2,177,1,1,0.875909213219571,0
2,2,177,1,2,0.875220619501789,0
2,2,178,1,1,0.957916986879325,0
2,2,178,1,2,0.957750866762957,0
2,2,179,1,1,0.979796057670374,0
2,2,179,1,2,0.97993869737344,0
2,2,180,1,1,0.986560754364843,0
2,2,180,1,2,0.986526002217173,-1
2,2,181,1,1,0.0258791118197935,-10
2,2,181,1,2,0.0268006382138992,-8
2,2,182,1,1,0.0288399391841656,-1
2,2,182,1,2,0.0346518631730855,0
2,2,183,1,1,0.0350327853930668,0
2,2,183,1,2,0.0319917475482022,0
2,2,184,1,1,0.0531077542907728,0
2,2,184,1,2,0.0571662313774867,0
2,2,185,1,1,0.107894492346193,0
2,2,185,1,2,0.109539903237206,0
2,2,186,1,1,0.251254014146009,0
2,2,186,1,2,0.252706993169576,0
2,2,187,1,1,0.728028232485169,0
2,2,187,1,2,0.727033487705922,0
2,2,188,1,1,0.935267791174904,0
2,2,188,1,2,0.935477009927587,0
2,2,189,1,1,0.973228669072156,0
2,2,189,1,2,0.973259880328457,0
2,2,190,1,1,0.984275627691703,0
2,2,190,1,2,0.984323225643967,0
2,2,191,1,1,0.0295152014576649,1
2,2,191,1,2,0.023848377772608,4
2,2,192,1,1,0.0276834204529782,0
2,2,192,1,2,0.0258911399469899,0
2,2,193,1,1,0.0270775258896133,2
2,2,193,1,2,0.0287143161779882,0
2,2,194,1,1,0.0377805247670761,0
2,2,194,1,2,0.039086158593899,0
2,2,195,1,1,0.0706801147099926,0
2,2,195,1,2,0.0645574954909817,0
2,2,196,1,1,0.144401287679608,0
2,2,196,1,2,0.144095451364124,0
2,2,197,1,1,0.388296109442215,0
2,2,197,1,2,0.386936094911702,0
2,2,198,1,1,0.876127941451483,0
2,2,198,1,2,0.876961985367559,0
2,2,199,1,1,0.961166410836376,0
2,2,199,1,2,0.961274586524543,0
2,2,200,1,1,0.980347669074624,0
2,2,200,1,2,0.980226445488707,0
2,2,201,1,1,0.130336331893072,1
2,2,201,1,2,0.132313210140027,0
2,2,202,1,1,0.23380740444989,1
2,2,202,1,2,0.229513508942862,0
2,2,203,1,1,0.467752568945293,0
2,2,203,1,2,0.474148518867427,0
2,2,204,1,1,0.758449263643225,0
2,2,204,1,2,0.758121140488259,0
2,2,205,1,1,0.916006425553546,0
2,2,205,1,2,0.916924631306448,0
2,2,206,1,1,0.970193061618736,0
2,2,206,1,2,0.970015181181602,1
2,2,207,1,1,0.98500511149457,-1
2,2,207,1,2,0.984977290839405,0
2,2,208,1,1,0.988766260463616,1
2,2,208,1,2,0.988819718794909,0
2,2,209,1,1,0.989754821661246,-9
2,2,209,1,2,0.989785916675429,-1
2,2,210,1,1,0.990050838046349,2
2,2,210,1,2,0.990035819492852,2
2,2,211,1,1,0.0873568810354085,0
2,2,211,1,2,0.0867416947591799,-1
2,2,212,1,1,0.15943359409795,0
2,2,212,1,2,0.157923257332813,-1
2,2,213,1,1,0.328527554137714,0
2,2,213,1,2,0.329763242333892,0
2,2,214,1,1,0.647812110008741,0
2,2,214,1,2,0.644023069541555,0
2,2,215,1,1,0.875377150324621,0
2,2,215,1,2,0.874504698402437,0
2,2,216,1,1,0.957814106120912,0
2,2,216,1,2,0.957865481737693,0
2,2,217,1,1,0.981834750878434,0
2,2,217,1,2,0.98179086929117,0
2,2,218,1,1,0.987943661131056,1
2,2,218,1,2,0.987876832611171,2
2,2,219,1,1,0.989554571155965,1
2,2,219,1,2,0.989474636402153,-5
2,2,220,1,1,0.989893965343433,-10
2,2,220,1,2,0.989965665117196,-2
2,2,221,1,1,0.0703653994966298,0
2,2,221,1,2,0.066536846103702,0
2,2,222,1,1,0.116461467629044,0
2,2,222,1,2,0.107708365422622,0
2,2,223,1,1,0.220290298979245,0
2,2,223,1,2,0.21908078774347,0
2,2,224,1,1,0.499145511687496,0
2,2,224,1,2,0.495806586873365,0
2,2,225,1,1,0.809751997864663,0
2,2,225,1,2,0.810462439118947,0
2,2,226,1,1,0.938382719720304,0
2,2,226,1,2,0.938454317036023,0
2,2,227,1,1,0.976480909730275,0
2,2,227,1,2,0.976361416974883,0
2,2,228,1,1,0.986533440072922,0
2,2,228,1,2,0.986499150929136,0
2,2,229,1,1,0.989094523331061,0
2,2,229,1,2,0.989059163387594,-2
2,2,230,1,1,0.989703264967978,-5
2,2,230,1,2,0.989822892166616,0
2,2,231,1,1,0.045257954088954,-1
2,2,231,1,2,0.0496894235060933,0
2,2,232,1,1,0.0749893266851788,0
2,2,232,1,2,0.0768925830769434,0
2,2,233,1,1,0.140498805197057,0
2,2,233,1,2,0.14607458463944,0
2,2,234,1,1,0.338231818206516,0
2,2,234,1,2,0.332712739410198,0
2,2,235,1,1,0.705871876739493,0
2,2,235,1,2,0.706471290624335,0
2,2,236,1,1,0.908772822657683,0
2,2,236,1,2,0.90833289174455,0
2,2,237,1,1,0.967773463339112,0
2,2,237,1,2,0.968019164935919,0
2,2,238,1,1,0.984153445561832,0
2,2,238,1,2,0.984112921020963,0
2,2,239,1,1,0.988427239964647,0
2,2,239,1,2,0.988432247562704,-2
2,2,240,1,1,0.989591856181099,0
2,2,240,1,2,0.989548894742926,1
2,2,241,1,1,0.040351846091212,0
2,2,241,1,2,0.0404873688240099,0
2,2,242,1,1,0.0543002032577641,0
2,2,242,1,2,0.0579305507110585,0
2,2,243,1,1,0.104077138124355,0
2,2,243,1,2,0.102870501367713,0
2,2,244,1,1,0.214728595589738,0
2,2,244,1,2,0.216239833763499,0
2,2,245,1,1,0.524259881939873,0
2,2,245,1,2,0.52462909907948,0
2,2,246,1,1,0.858917243971044,0
2,2,246,1,2,0.858053625644878,0
2,2,247,1,1,0.954495778962512,0
2,2,247,1,2,0.954313513715333,0
2,2,248,1,1,0.980269086450662,0
2,2,248,1,2,0.980371374669606,0
2,2,249,1,1,0.987254391431618,0
2,2,249,1,2,0.987240209321279,-1
2,2,250,1,1,0.989232716422961,-1
2,2,250,1,2,0.989177194394666,2
2,2,251,1,1,0.0341011028888152,0
2,2,251,1,2,0.0373347965232022,0
2,2,252,1,1,0.0483504494846715,0
2,2,252,1,2,0.0481483100196878,0
2,2,253,1,1,0.0692560789353097,0
2,2,253,1,2,0.0645292832134064,0
2,2,254,1,1,0.131411622976015,0
2,2,254,1,2,0.138272698107686,0
2,2,255,1,1,0.321907372268719,0
2,2,255,1,2,0.315413799372827,0
2,2,256,1,1,0.755272521056225,0
2,2,256,1,2,0.754515197899866,0
2,2,257,1,1,0.93258836043838,0
2,2,257,1,2,0.932341084104905,0
2,2,258,1,1,0.974322908891616,0
2,2,258,1,2,0.974337795697342,0
2,2,259,1,1,0.98551076553493,0
2,2,259,1,2,0.985492649788839,0
2,2,260,1,1,0.988566000731683,0
2,2,260,1,2,0.988614940796407,0
2,2,261,1,1,0.0289727744066973,6
2,2,261,1,2,0.0318846064385684,0
2,2,262,1,1,0.0351694062467364,1
2,2,262,1,2,0.0338222250013115,0
2,2,263,1,1,0.0544262020001253,0
2,2,263,1,2,0.054777828377825,0
2,2,264,1,1,0.0900936352427739,0
2,2,264,1,2,0.0832788261638681,0
2,2,265,1,1,0.170304670973096,0
2,2,265,1,2,0.179263381543905,0
2,2,266,1,1,0.516851569264185,0
2,2,266,1,2,0.514891647647439,0
2,2,267,1,1,0.889300923986419,0
2,2,267,1,2,0.889305057936659,0
2,2,268,1,1,0.963728325298835,0
2,2,268,1,2,0.963702721981268,0
2,2,269,1,1,0.982332217357914,0
2,2,269,1,2,0.982356991030821,0
2,2,270,1,1,0.987592455478674,0
2,2,270,1,2,0.9876359526711,0
2,2,271,1,1,0.0300532393073932,-10
2,2,271,1,2,0.0283015385660794,-5
2,2,272,1,1,0.0320419451356009,7
2,2,272,1,2,0.0301562331392908,4
2,2,273,1,1,0.0380823405006241,1
2,2,273,1,2,0.0335461927943074,-1
2,2,274,1,1,0.0554820672054746,0
2,2,274,1,2,0.0554925093603184,0
2,2,275,1,1,0.109662607898112,0
2,2,275,1,2,0.12041556586846,0
2,2,276,1,1,0.275017649380861,0
2,2,276,1,2,0.266624143063404,0
2,2,277,1,1,0.76090956618725,0
2,2,277,1,2,0.760906741759247,0
2,2,278,1,1,0.944781283040623,0
2,2,278,1,2,0.94448364973787,0
2,2,279,1,1,0.977025114556908,0
2,2,279,1,2,0.977254129793328,0
2,2,280,1,1,0.985858541224262,0
2,2,280,1,2,0.985865599673863,0
2,2,281,1,1,0.0280520037590444,-1
2,2,281,1,2,0.0274363211965005,8
2,2,282,1,1,0.0274237939552126,-10
2,2,282,1,2,0.0290976670495961,-4
2,2,283,1,1,0.0285183985850283,-10
2,2,283,1,2,0.0301212410495722,1
2,2,284,1,1,0.0372773336514715,0
2,2,284,1,2,0.041173576956405,0
2,2,285,1,1,0.0861008787138737,0
2,2,285,1,2,0.0775913031511702,0
2,2,286,1,1,0.143604815156568,0
2,2,286,1,2,0.144383807443108,0
2,2,287,1,1,0.409131843615472,0
2,2,287,1,2,0.426292428153276,0
2,2,288,1,1,0.897814142612772,0
2,2,288,1,2,0.896955493317073,0
2,2,289,1,1,0.967686690014687,0
2,2,289,1,2,0.967672171121401,0
2,2,290,1,1,0.982937513955586,0
2,2,290,1,2,0.982907383054714,0
2,2,291,1,1,0.0253795352776992,-3
2,2,291,1,2,0.0263333596849197,8
2,2,292,1,1,0.0242089608294727,-2
2,2,292,1,2,0.0264648134901764,2
2,2,293,1,1,0.0280734340768766,-1
2,2,293,1,2,0.0260247693256124,1
2,2,294,1,1,0.0323105679541031,0
2,2,294,1,2,0.0369571464835937,0
2,2,295,1,1,0.0529374354713217,0
2,2,295,1,2,0.0569381831182484,0
2,2,296,1,1,0.0873276093159133,0
2,2,296,1,2,0.0953556870428801,0
2,2,297,1,1,0.205030414125036,0
2,2,297,1,2,0.202115799963291,0
2,2,298,1,1,0.660648444181158,0
2,2,298,1,2,0.661768441131517,0
2,2,299,1,1,0.947017659150127,0
2,2,299,1,2,0.946834621451765,0
2,2,300,1,1,0.977593537495825,0
2,2,300,1,2,0.977722658118096,0
2,2,301,1,1,0.116129086898779,0
2,2,301,1,2,0.119311848634704,1
2,2,302,1,1,0.201217358248719,-1
2,2,302,1,2,0.194920912089449,0
2,2,303,1,1,0.395426054689933,0
2,2,303,1,2,0.39928703119455,1
2,2,304,1,1,0.705008117372215,0
2,2,304,1,2,0.703259552290839,0
2,2,305,1,1,0.899172278555542,0
2,2,305,1,2,0.899372503004947,0
2,2,306,1,1,0.965583752447698,0
2,2,306,1,2,0.965372057772952,-1
2,2,307,1,1,0.983900937236056,0
2,2,307,1,2,0.983889301582392,0
2,2,308,1,1,0.988563247884073,-6
2,2,308,1,2,0.988580072580012,0
2,2,309,1,1,0.989625689506831,-1
2,2,309,1,2,0.989724996942743,-1
2,2,310,1,1,0.990006346394534,0
2,2,310,1,2,0.990002497465871,-5
2,2,311,1,1,0.0871973226793795,0
2,2,311,1,2,0.088032242634517,0
2,2,312,1,1,0.138545702045445,0
2,2,312,1,2,0.129932218280397,0
2,2,313,1,1,0.269780845565937,0
2,2,313,1,2,0.263934885588752,1
2,2,314,1,1,0.560960893575916,0
2,2,314,1,2,0.565233423228812,0
2,2,315,1,1,0.844912267009492,0
2,2,315,1,2,0.844216873979016,0
2,2,316,1,1,0.950040258409431,0
2,2,316,1,2,0.950455381544947,0
2,2,317,1,1,0.979775778357756,0
2,2,317,1,2,0.979916847633161,1
2,2,318,1,1,0.987559602424003,0
2,2,318,1,2,0.98747852985911,0
2,2,319,1,1,0.989343955378782,-4
2,2,319,1,2,0.989444935593268,2
2,2,320,1,1,0.989934395478494,0
2,2,320,1,2,0.989943639761291,0
2,2,321,1,1,0.0584366935838345,0
2,2,321,1,2,0.0596276010823913,0
2,2,322,1,1,0.0885072506529366,0
2,2,322,1,2,0.0892707337592754,0
2,2,323,1,1,0.172694894327332,0
2,2,323,1,2,0.172441150610267,0
2,2,324,1,1,0.402300084487944,0
2,2,324,1,2,0.403270879899525,0
2,2,325,1,1,0.756542497298357,0
2,2,325,1,2,0.752878078663397,0
2,2,326,1,1,0.924840673772065,0
2,2,326,1,2,0.924487317962809,0
2,2,327,1,1,0.973288368345411,0
2,2,327,1,2,0.973306151546405,0
2,2,328,1,1,0.985674671211667,-1
2,2,328,1,2,0.985774239769057,0
2,2,329,1,1,0.988895170071344,4
2,2,329,1,2,0.988868647998127,-1
2,2,330,1,1,0.989799876167977,0
2,2,330,1,2,0.989791290932926,-1
2,2,331,1,1,0.0502695138174763,0
2,2,331,1,2,0.0416151831643138,0
2,2,332,1,1,0.0629952395599974,0
2,2,332,1,2,0.0690726411625593,0
2,2,333,1,1,0.12010989795172,0
2,2,333,1,2,0.113164548261212,0
2,2,334,1,1,0.26500896938773,0
2,2,334,1,2,0.26330745302383,0
2,2,335,1,1,0.606043262349932,0
2,2,335,1,2,0.606375014462274,0
2,2,336,1,1,0.884111242710485,0
2,2,336,1,2,0.883942925247097,0
2,2,337,1,1,0.962492385909615,0
2,2,337,1,2,0.962460827768877,0
2,2,338,1,1,0.982925948741983,0
2,2,338,1,2,0.982896898461307,0
2,2,339,1,1,0.988140910177583,0
2,2,339,1,2,0.988131131925471,2
2,2,340,1,1,0.989435521317348,0
2,2,340,1,2,0.989454078773858,-3
2,2,341,1,1,0.0400760772456809,0
2,2,341,1,2,0.0339397244484909,1
2,2,342,1,1,0.0586838077644942,0
2,2,342,1,2,0.0464869047268589,0
2,2,343,1,1,0.0863303035418425,0
2,2,343,1,2,0.0771046532101633,0
2,2,344,1,1,0.161304080033802,0
2,2,344,1,2,0.150314454220483,0
2,2,345,1,1,0.391819156028831,0
2,2,345,1,2,0.38844719410309,0
2,2,346,1,1,0.804962208655261,0
2,2,346,1,2,0.804687130150649,0
2,2,347,1,1,0.943928481309846,0
2,2,347,1,2,0.94457758583401,0
2,2,348,1,1,0.978205482784126,0
2,2,348,1,2,0.978055381078104,0
2,2,349,1,1,0.986753932104707,0
2,2,349,1,2,0.986664571729948,0
2,2,350,1,1,0.989099268859543,0
2,2,350,1,2,0.989130325275725,1
2,2,351,1,1,0.0367744073092729,1
2,2,351,1,2,0.0334924036079925,-2
2,2,352,1,1,0.0377988958485554,-1
2,2,352,1,2,0.0399170073595043,0
2,2,353,1,1,0.0570196809326498,0
2,2,353,1,2,0.0623075469868135,0
2,2,354,1,1,0.102467231010987,0
2,2,354,1,2,0.106807578912499,0
2,2,355,1,1,0.224358663649821,0
2,2,355,1,2,0.228632702311324,0
2,2,356,1,1,0.616686829876269,0
2,2,356,1,2,0.61866482121007,0
2,2,357,1,1,0.911289565889349,0
2,2,357,1,2,0.911531017442973,0
2,2,358,1,1,0.970009668958313,0
2,2,358,1,2,0.970149977850705,0
2,2,359,1,1,0.984494800803425,0
2,2,359,1,2,0.984460307213203,0
2,2,360,1,1,0.988357572685654,1
2,2,360,1,2,0.988320468820001,1
2,2,361,1,1,0.0304043512095701,0
2,2,361,1,2,0.029492489472414,-5
2,2,362,1,1,0.0331977884807532,-10
2,2,362,1,2,0.0314921494092256,0
2,2,363,1,1,0.0423679575304497,0
2,2,363,1,2,0.0512621192184783,0
2,2,364,1,1,0.0737813539642487,0
2,2,364,1,2,0.0826436953144625,0
2,2,365,1,1,0.133633004734726,0
2,2,365,1,2,0.144041171812415,0
2,2,366,1,1,0.352827828966655,0
2,2,366,1,2,0.351044516899178,0
2,2,367,1,1,0.830817106326092,0
2,2,367,1,2,0.831467403384259,0
2,2,368,1,1,0.955924282367081,0
2,2,368,1,2,0.955879878121038,0
2,2,369,1,1,0.980842065872005,0
2,2,369,1,2,0.980801281696193,0
2,2,370,1,1,0.987185593228248,0
2,2,370,1,2,0.987199981541763,0
2,2,371,1,1,0.0278804109657833,2
2,2,371,1,2,0.0280451487799905,4
2,2,372,1,1,0.0316732295094366,1
2,2,372,1,2,0.0290315526204486,1
2,2,373,1,1,0.0347639504858527,0
2,2,373,1,2,0.0321829176988463,1
2,2,374,1,1,0.0487687355677737,0
2,2,374,1,2,0.0416332390591551,0
2,2,375,1,1,0.0778693242769118,0
2,2,375,1,2,0.0822450139911123,0
2,2,376,1,1,0.177518116028078,0
2,2,376,1,2,0.191691345629728,0
2,2,377,1,1,0.562886000815825,0
2,2,377,1,2,0.563510465896947,0
2,2,378,1,1,0.925072148405062,0
2,2,378,1,2,0.925054893825988,0
2,2,379,1,1,0.973709237728505,0
2,2,379,1,2,0.973881984026156,0
2,2,380,1,1,0.985167050751557,0
2,2,380,1,2,0.985131464909695,0
2,2,381,1,1,0.0266430579202148,9
2,2,381,1,2,0.0250238750781492,-4
2,2,382,1,1,0.0266927993981328,-4
2,2,382,1,2,0.0293207252999843,-2
2,2,383,1,1,0.0284748719840113,-7
2,2,383,1,2,0.0278719374604142,3
2,2,384,1,1,0.0352878593434249,0
2,2,384,1,2,0.0364136378989858,0
2,2,385,1,1,0.0501625287134161,1
2,2,385,1,2,0.0630220602633786,0
2,2,386,1,1,0.103843628148305,0
2,2,386,1,2,0.107666435725595,0
2,2,387,1,1,0.263554456876173,0
2,2,387,1,2,0.258175411836578,0
2,2,388,1,1,0.810437039700766,0
2,2,388,1,2,0.808493482846338,0
2,2,389,1,1,0.960210111635904,0
2,2,389,1,2,0.960412805005427,0
2,2,390,1,1,0.981401993896394,0
2,2,390,1,2,0.981475585480314,0
2,2,391,1,1,0.022507739069174,-1
2,2,391,1,2,0.023819164026544,4
2,2,392,1,1,0.0241943967093567,-5
2,2,392,1,2,0.0233233555463712,8
2,2,393,1,1,0.024766854909445,0
2,2,393,1,2,0.0268145110488416,6
2,2,394,1,1,0.0329426350710762,0
2,2,394,1,2,0.030470608358997,0
2,2,395,1,1,0.0374777386033398,0
2,2,395,1,2,0.0446969303978735,0
2,2,396,1,1,0.0659150739282368,0
2,2,396,1,2,0.0632292974809525,-1
2,2,397,1,1,0.141914300940318,0
2,2,397,1,2,0.134422351502513,0
2,2,398,1,1,0.417138981403837,0
2,2,398,1,2,0.428410101353266,0
2,2,399,1,1,0.922035837245676,0
2,2,399,1,2,0.922366124185064,0
2,2,400,1,1,0.974555816795219,0
2,2,400,1,2,0.97450501787342,0
2,2,401,1,1,0.110020150162014,-1
2,2,401,1,2,0.105302905957855,0
2,2,402,1,1,0.172105120504963,0
2,2,402,1,2,0.165616194393569,1
2,2,403,1,1,0.347539055474016,0
2,2,403,1,2,0.342760711024901,0
2,2,404,1,1,0.649153971025027,0
2,2,404,1,2,0.649479710134388,0
2,2,405,1,1,0.879476037861176,0
2,2,405,1,2,0.879714254054004,0
2,2,406,1,1,0.960248610108608,0
2,2,406,1,2,0.960542548688832,0
2,2,407,1,1,0.982762681564719,0
2,2,407,1,2,0.982576327186073,1
2,2,408,1,1,0.98823031704915,0
2,2,408,1,2,0.988209356772339,1
2,2,409,1,1,0.989577015991775,-9
2,2,409,1,2,0.989649653460754,-1
2,2,410,1,1,0.989958563135602,1
2,2,410,1,2,0.989953069724626,0
2,2,411,1,1,0.0728879215650376,0
2,2,411,1,2,0.0779922583773175,1
2,2,412,1,1,0.124352508605923,0
2,2,412,1,2,0.117004189448261,-1
2,2,413,1,1,0.228174099891564,0
2,2,413,1,2,0.227790338395761,1
2,2,414,1,1,0.494775303776136,0
2,2,414,1,2,0.496383686981193,0
2,2,415,1,1,0.81049179568074,0
2,2,415,1,2,0.811071074583497,0
2,2,416,1,1,0.94144543832358,0
2,2,416,1,2,0.941626335446467,0
2,2,417,1,1,0.977758186194764,0
2,2,417,1,2,0.97768679584392,0
2,2,418,1,1,0.986993476497065,-1
2,2,418,1,2,0.986913987818132,-1
2,2,419,1,1,0.989299571408215,1
2,2,419,1,2,0.989293305043123,2
2,2,420,1,1,0.989842993330282,-4
2,2,420,1,2,0.989865713556143,-1
2,2,421,1,1,0.0526955635272584,0
2,2,421,1,2,0.0494869549941596,-1
2,2,422,1,1,0.0831030651353167,0
2,2,422,1,2,0.0807639836003981,1
2,2,423,1,1,0.146908232712445,0
2,2,423,1,2,0.147977788353133,0
2,2,424,1,1,0.337910900076714,0
2,2,424,1,2,0.333008051187432,0
2,2,425,1,1,0.694508843657872,0
2,2,425,1,2,0.690965001084151,0
2,2,426,1,1,0.909226113102087,0
2,2,426,1,2,0.909328019610923,0
2,2,427,1,1,0.969618202634034,0
2,2,427,1,2,0.969614474393606,0
2,2,428,1,1,0.984897358152174,0
2,2,428,1,2,0.984884290979736,0
2,2,429,1,1,0.988679054994503,-1
2,2,429,1,2,0.988714462992297,-2
2,2,430,1,1,0.989678527347025,1
2,2,430,1,2,0.989670802243498,0
2,2,431,1,1,0.0397568422240913,0
2,2,431,1,2,0.037426200091305,0
2,2,432,1,1,0.0534165957371742,0
2,2,432,1,2,0.0561298919515538,0
2,2,433,1,1,0.109263792577805,0
2,2,433,1,2,0.0815147641455535,0
2,2,434,1,1,0.209886016000325,0
2,2,434,1,2,0.201055360014458,0
2,2,435,1,1,0.504788990041413,0
2,2,435,1,2,0.505097243010619,0
2,2,436,1,1,0.852778498675568,0
2,2,436,1,2,0.852884416711652,0
2,2,437,1,1,0.956037936046144,0
2,2,437,1,2,0.956057131862552,0
2,2,438,1,1,0.98138038357467,0
2,2,438,1,2,0.981483081120886,0
2,2,439,1,1,0.987797882707537,0
2,2,439,1,2,0.987705562994667,0
2,2,440,1,1,0.989437497705628,0
2,2,440,1,2,0.989371493231731,0
2,2,441,1,1,0.0393910440629794,0
2,2,441,1,2,0.0340646184827904,9
2,2,442,1,1,0.0458156037786066,-1
2,2,442,1,2,0.0528611559382037,0
2,2,443,1,1,0.0686930795843022,0
2,2,443,1,2,0.0693131257649587,-1
2,2,444,1,1,0.119015681938504,0
2,2,444,1,2,0.131765769998499,0
2,2,445,1,1,0.314349469534342,0
2,2,445,1,2,0.297037167745271,0
2,2,446,1,1,0.731352116653078,0
2,2,446,1,2,0.731297953924087,0
2,2,447,1,1,0.932273381245982,0
2,2,447,1,2,0.931991587075776,0
2,2,448,1,1,0.97558683702922,0
2,2,448,1,2,0.975798491556767,0
2,2,449,1,1,0.986212844940398,0
2,2,449,1,2,0.986191166410527,0
2,2,450,1,1,0.988932986406823,0
2,2,450,1,2,0.988906299534604,1
2,2,451,1,1,0.0324999547098098,6
2,2,451,1,2,0.0328135877032576,-4
2,2,452,1,1,0.0429389084507223,0
2,2,452,1,2,0.0326131211576031,1
2,2,453,1,1,0.0539258334149495,0
2,2,453,1,2,0.0528872732893564,0
2,2,454,1,1,0.083549208858791,0
2,2,454,1,2,0.0764703335128412,0
2,2,455,1,1,0.176945325066531,0
2,2,455,1,2,0.180688694183513,0
2,2,456,1,1,0.483823974103215,0
2,2,456,1,2,0.488172648444969,0
2,2,457,1,1,0.883511681322311,0
2,2,457,1,2,0.883687439112799,0
2,2,458,1,1,0.965400016477112,0
2,2,458,1,2,0.96565756904505,0
2,2,459,1,1,0.98352126954607,0
2,2,459,1,2,0.983404661023348,0
2,2,460,1,1,0.98798036202482,1
2,2,460,1,2,0.988066965817501,0
2,2,461,1,1,0.030934106117688,-1
2,2,461,1,2,0.0266684451060343,7
2,2,462,1,1,0.0288517224091573,1
2,2,462,1,2,0.0337189650778851,0
2,2,463,1,1,0.0400773455334028,0
2,2,463,1,2,0.0349986871703684,1
2,2,464,1,1,0.0667051945233849,1
2,2,464,1,2,0.0605911694418054,0
2,2,465,1,1,0.102257708200644,0
2,2,465,1,2,0.120680673629744,0
2,2,466,1,1,0.275949391219781,0
2,2,466,1,2,0.257754984978465,0
2,2,467,1,1,0.733976854834544,0
2,2,467,1,2,0.732720703747863,0
2,2,468,1,1,0.945610697149609,0
2,2,468,1,2,0.945906582214902,0
2,2,469,1,1,0.978834753236163,0
2,2,469,1,2,0.978830955642988,0
2,2,470,1,1,0.986575829994703,0
2,2,470,1,2,0.986690299461183,0
2,2,471,1,1,0.0361541531336414,0
2,2,471,1,2,0.0289530761405588,3
2,2,472,1,1,0.0275127654707813,7
2,2,472,1,2,0.0303794571073673,3
2,2,473,1,1,0.0293585508902627,0
2,2,473,1,2,0.0332733294523769,-2
2,2,474,1,1,0.0395229618001706,0
2,2,474,1,2,0.0398959001834175,0
2,2,475,1,1,0.0730919664795879,0
2,2,475,1,2,0.078221550727374,0
2,2,476,1,1,0.145406326923688,0
2,2,476,1,2,0.14168457657027,0
2,2,477,1,1,0.394826155133277,0
2,2,477,1,2,0.38991042216421,0
2,2,478,1,1,0.894306040951293,0
2,2,478,1,2,0.894250219751153,0
2,2,479,1,1,0.970033213854622,0
2,2,479,1,2,0.970176567059797,0
2,2,480,1,1,0.984240126370865,0
2,2,480,1,2,0.984339184602529,0
2,2,481,1,1,0.0245661086203027,-2
2,2,481,1,2,0.0260739062326164,-8
2,2,482,1,1,0.0262829987655765,-8
2,2,482,1,2,0.0243220945932425,-1
2,2,483,1,1,0.0254930742628068,1
2,2,483,1,2,0.0319833573303713,1
2,2,484,1,1,0.0333451531687174,-1
2,2,484,1,2,0.0325444679151364,-1
2,2,485,1,1,0.0599763666261699,0
2,2,485,1,2,0.0530768119140509,0
2,2,486,1,1,0.0846256178669289,0
2,2,486,1,2,0.0847983409213212,0
2,2,487,1,1,0.216219704660119,0
2,2,487,1,2,0.191402093679715,0
2,2,488,1,1,0.642732517474306,0
2,2,488,1,2,0.641390292827228,0
2,2,489,1,1,0.950140701744207,0
2,2,489,1,2,0.950197140358334,0
2,2,490,1,1,0.97979988734235,0
2,2,490,1,2,0.979834742371354,0
2,2,491,1,1,0.0274741217725521,-5
2,2,491,1,2,0.0266333738752738,-10
2,2,492,1,1,0.0284832446053634,-1
2,2,492,1,2,0.024209119268178,-7
2,2,493,1,1,0.024642777129885,-4
2,2,493,1,2,0.0252189944100337,1
2,2,494,1,1,0.0303444225362145,0
2,2,494,1,2,0.0295273763839436,0
2,2,495,1,1,0.0311028513082036,1
2,2,495,1,2,0.038019662658206,0
2,2,496,1,1,0.056437867987905,1
2,2,496,1,2,0.0592279404419709,0
2,2,497,1,1,0.114312662732338,0
2,2,497,1,2,0.104370670494767,0
2,2,498,1,1,0.282106658603491,0
2,2,498,1,2,0.271769697940179,0
2,2,499,1,1,0.867567468504962,0
2,2,499,1,2,0.869817443253043,0
2,2,500,1,1,0.970298597456299,0
2,2,500,1,2,0.970461243514354,0
2,2,501,1,1,0.0989234424579103,0
2,2,501,1,2,0.0951476931412848,-1
2,2,502,1,1,0.152833445320063,1
2,2,502,1,2,0.165544568061712,1
2,2,503,1,1,0.312515589128545,0
2,2,503,1,2,0.305007814933064,-1
2,2,504,1,1,0.597066001909229,0
2,2,504,1,2,0.59237636576604,0
2,2,505,1,1,0.857412000906385,0
2,2,505,1,2,0.857206131151038,0
2,2,506,1,1,0.954451329659446,0
2,2,506,1,2,0.954801868534878,0
2,2,507,1,1,0.981305243430879,0
2,2,507,1,2,0.98139917979081,-2
2,2,508,1,1,0.987992915944042,-6
2,2,508,1,2,0.987962237548666,-3
2,2,509,1,1,0.989483827224058,0
2,2,509,1,2,0.989556661918544,-4
2,2,510,1,1,0.989890498182991,-2
2,2,510,1,2,0.989912989519402,6
2,2,511,1,1,0.0657119557344935,-1
2,2,511,1,2,0.0674703737973961,0
2,2,512,1,1,0.0998375748748697,0
2,2,512,1,2,0.111474075714708,0
2,2,513,1,1,0.207387383251271,0
2,2,513,1,2,0.196770377488669,0
2,2,514,1,1,0.424236704111309,0
2,2,514,1,2,0.42820018510418,0
2,2,515,1,1,0.76953162051334,0
2,2,515,1,2,0.77125506420402,0
2,2,516,1,1,0.93113049990514,0
2,2,516,1,2,0.932257946472049,0
2,2,517,1,1,0.975373265683205,0
2,2,517,1,2,0.975227005883695,0
2,2,518,1,1,0.986423036905019,0
2,2,518,1,2,0.986428230188045,-2
2,2,519,1,1,0.989130228855677,0
2,2,519,1,2,0.989190240415953,1
2,2,520,1,1,0.98984357602719,-1
2,2,520,1,2,0.989836611462344,2
2,2,521,1,1,0.056562760028487,1
2,2,521,1,2,0.0503872372300964,0
2,2,522,1,1,0.0745025830806836,0
2,2,522,1,2,0.0717078692736521,1
2,2,523,1,1,0.131330939124616,0
2,2,523,1,2,0.12899527777336,0
2,2,524,1,1,0.277956261229435,0
2,2,524,1,2,0.281253407195863,0
2,2,525,1,1,0.626776950864118,0
2,2,525,1,2,0.624008354753676,0
2,2,526,1,1,0.891882090143827,0
2,2,526,1,2,0.889936770821899,0
2,2,527,1,1,0.965729648670394,0
2,2,527,1,2,0.965756944888147,0
2,2,528,1,1,0.983982905911156,0
2,2,528,1,2,0.984080249575341,0
2,2,529,1,1,0.988508520749941,0
2,2,529,1,2,0.988459029112886,2
2,2,530,1,1,0.989626003138668,-2
2,2,530,1,2,0.989594095186003,2
2,2,531,1,1,0.0451393946357022,-1
2,2,531,1,2,0.0395985342868755,-1
2,2,532,1,1,0.0518791973933103,0
2,2,532,1,2,0.0552320247812909,0
2,2,533,1,1,0.0935632400475707,0
2,2,533,1,2,0.0902149068840975,0
2,2,534,1,1,0.17255439300468,0
2,2,534,1,2,0.168017151788382,0
2,2,535,1,1,0.421649147175063,0
2,2,535,1,2,0.4199672033783,0
2,2,536,1,1,0.815139697282891,0
2,2,536,1,2,0.816215284040604,0
2,2,537,1,1,0.949123989209128,0
2,2,537,1,2,0.949328162827872,0
2,2,538,1,1,0.979910348763523,0
2,2,538,1,2,0.979818031374781,0
2,2,539,1,1,0.987366445146429,0
2,2,539,1,2,0.987335327141591,0
2,2,540,1,1,0.989320293747347,0
2,2,540,1,2,0.989292179409718,0
2,2,541,1,1,0.0348351113656795,0
2,2,541,1,2,0.0314487900621263,-2
2,2,542,1,1,0.0419327420393974,0
2,2,542,1,2,0.0487064694440132,0
2,2,543,1,1,0.0663010943674779,0
2,2,543,1,2,0.0625995006248089,0
2,2,544,1,1,0.109239839011523,0
2,2,544,1,2,0.106063253673432,0
2,2,545,1,1,0.248861059857258,0
2,2,545,1,2,0.242331556055965,0
2,2,546,1,1,0.643463837570825,0
2,2,546,1,2,0.645024919087842,0
2,2,547,1,1,0.917934239296374,0
2,2,547,1,2,0.917870314216089,0
2,2,548,1,1,0.972864185112057,0
2,2,548,1,2,0.972807680441481,0
2,2,549,1,1,0.985480614086821,0
2,2,549,1,2,0.985615091127719,0
2,2,550,1,1,0.988730519438932,1
2,2,550,1,2,0.988746850087352,0
2,2,551,1,1,0.0319260081476,-1
2,2,551,1,2,0.0302132893815295,-3
2,2,552,1,1,0.0348557393865795,0
2,2,552,1,2,0.0363458164339179,0
2,2,553,1,1,0.0531551875795583,0
2,2,553,1,2,0.0411180687426266,-1
2,2,554,1,1,0.0764825225554742,0
2,2,554,1,2,0.07254770292645,0
2,2,555,1,1,0.142311755259805,0
2,2,555,1,2,0.140789441508614,0
2,2,556,1,1,0.391624745826839,0
2,2,556,1,2,0.383520495709105,0
2,2,557,1,1,0.844896699417405,0
2,2,557,1,2,0.844198171687113,0
2,2,558,1,1,0.959813089084912,0
2,2,558,1,2,0.960026385972464,0
2,2,559,1,1,0.98241146733797,0
2,2,559,1,2,0.982258232317321,0
2,2,560,1,1,0.98773299552354,0
2,2,560,1,2,0.987714836592252,0
2,2,561,1,1,0.0266596202790072,3
2,2,561,1,2,0.0271533769419268,9
2,2,562,1,1,0.0314969426139198,0
2,2,562,1,2,0.0334937945061775,0
2,2,563,1,1,0.0381837472310471,0
2,2,563,1,2,0.0349850415448489,0
2,2,564,1,1,0.0490971447409222,0
2,2,564,1,2,0.0464113403492394,0
2,2,565,1,1,0.087563871372672,0
2,2,565,1,2,0.103557906374056,0
2,2,566,1,1,0.22028318625605,0
2,2,566,1,2,0.197916329372259,0
2,2,567,1,1,0.606932645113273,0
2,2,567,1,2,0.602580300937908,0
2,2,568,1,1,0.933417736012103,0
2,2,568,1,2,0.93314161209076,0
2,2,569,1,1,0.97672480116993,0
2,2,569,1,2,0.976675879602983,0
2,2,570,1,1,0.986141227140691,0
2,2,570,1,2,0.986175412970554,0
2,2,571,1,1,0.0264490061826021,-8
2,2,571,1,2,0.0274234463585669,2
2,2,572,1,1,0.0305663506088387,2
2,2,572,1,2,0.0279439576421782,0
2,2,573,1,1,0.0388146055654704,0
2,2,573,1,2,0.0261300057202739,-2
2,2,574,1,1,0.03438610576238,0
2,2,574,1,2,0.0469389855803156,0
2,2,575,1,1,0.0619917888939588,0
2,2,575,1,2,0.0675654189452768,0
2,2,576,1,1,0.115699272906439,0
2,2,576,1,2,0.121181614103593,0
2,2,577,1,1,0.289649493854059,0
2,2,577,1,2,0.288306789854715,0
2,2,578,1,1,0.840859312822016,0
2,2,578,1,2,0.842107567291799,0
2,2,579,1,1,0.965088086190437,0
2,2,579,1,2,0.965182215928129,0
2,2,580,1,1,0.983312620889344,0
2,2,580,1,2,0.983227440191544,0
2,2,581,1,1,0.0291398986381495,-1
2,2,581,1,2,0.0291512640089737,-7
2,2,582,1,1,0.0290343425351826,1
2,2,582,1,2,0.0246241361905825,-5
2,2,583,1,1,0.0345908768850167,1
2,2,583,1,2,0.0280364748141024,9
2,2,584,1,1,0.0274155594774991,0
2,2,584,1,2,0.0327899094630201,0
2,2,585,1,1,0.0422237304437415,0
2,2,585,1,2,0.0413824282093467,0
2,2,586,1,1,0.0781218575654097,0
2,2,586,1,2,0.0817921424713115,0
2,2,587,1,1,0.146695533977049,0
2,2,587,1,2,0.152257681186107,0
2,2,588,1,1,0.464736451737119,0
2,2,588,1,2,0.468500109169304,0
2,2,589,1,1,0.935762522564451,0
2,2,589,1,2,0.935490285126288,0
2,2,590,1,1,0.977873663607659,0
2,2,590,1,2,0.977770949237942,0
2,2,591,1,1,0.0241920546425282,-8
2,2,591,1,2,0.0236649088039196,-10
2,2,592,1,1,0.0248545080295264,-5
2,2,592,1,2,0.0247886992651284,9
2,2,593,1,1,0.0212793575407089,-6
2,2,593,1,2,0.0246933454576311,0
2,2,594,1,1,0.0262582773135531,0
2,2,594,1,2,0.024148407773763,0
2,2,595,1,1,0.0347771874939088,0
2,2,595,1,2,0.0347108816949991,1
2,2,596,1,1,0.04708273207754,0
2,2,596,1,2,0.0458162567305425,0
2,2,597,1,1,0.0927363877009086,0
2,2,597,1,2,0.0915078586581053,0
2,2,598,1,1,0.205836535949614,0
2,2,598,1,2,0.211040669095814,0
2,2,599,1,1,0.754220362176643,0
2,2,599,1,2,0.751981595093746,0
2,2,600,1,1,0.965090761996885,0
2,2,600,1,2,0.965201763310515,0
2,2,601,1,1,0.0927029158786655,-1
2,2,601,1,2,0.0897387280160528,0
2,2,602,1,1,0.144537377427593,-1
2,2,602,1,2,0.140807951311975,-1
2,2,603,1,1,0.266777997864348,0
2,2,603,1,2,0.278987152563179,0
2,2,604,1,1,0.547657814236372,0
2,2,604,1,2,0.546873652488718,0
2,2,605,1,1,0.833800470664221,0
2,2,605,1,2,0.835445621500736,0
2,2,606,1,1,0.94875486328141,0
2,2,606,1,2,0.94871366591773,0
2,2,607,1,1,0.979875657312786,0
2,2,607,1,2,0.979927261188242,0
2,2,608,1,1,0.98763491878839,0
2,2,608,1,2,0.987609858561051,-2
2,2,609,1,1,0.989483415869116,0
2,2,609,1,2,0.989449259722769,-1
2,2,610,1,1,0.989872750688768,-4
2,2,610,1,2,0.989953034883279,1
2,2,611,1,1,0.0618241853116505,1
2,2,611,1,2,0.0678433277453871,0
2,2,612,1,1,0.104840620484763,-1
2,2,612,1,2,0.0868388105982165,1
2,2,613,1,1,0.179573593918858,0
2,2,613,1,2,0.175957142546015,0
2,2,614,1,1,0.377966926158887,0
2,2,614,1,2,0.375779676458918,0
2,2,615,1,1,0.73172844571079,0
2,2,615,1,2,0.731331532965269,0
2,2,616,1,1,0.920782286598661,0
2,2,616,1,2,0.921168680346378,0
2,2,617,1,1,0.972893322032427,0
2,2,617,1,2,0.973127887951761,0
2,2,618,1,1,0.985873718434418,-1
2,2,618,1,2,0.98592240253837,0
2,2,619,1,1,0.989025686185919,0
2,2,619,1,2,0.988997808524165,0
2,2,620,1,1,0.989761851802806,3
2,2,620,1,2,0.98973782796525,1
2,2,621,1,1,0.0389675262304608,4
2,2,621,1,2,0.0514949681396311,-1
2,2,622,1,1,0.0668722441989543,0
2,2,622,1,2,0.0706539206838943,1
2,2,623,1,1,0.109329417997766,0
2,2,623,1,2,0.119729824802042,0
2,2,624,1,1,0.249147221000724,0
2,2,624,1,2,0.24955107311577,0
2,2,625,1,1,0.564027366335262,0
2,2,625,1,2,0.567895032784012,0
2,2,626,1,1,0.871670224102018,0
2,2,626,1,2,0.871910239469065,0
2,2,627,1,1,0.961172619820959,0
2,2,627,1,2,0.961279783838588,0
2,2,628,1,1,0.983090814238074,0
2,2,628,1,2,0.9831479735036,0
2,2,629,1,1,0.988197039574001,0
2,2,629,1,2,0.988301485440117,0
2,2,630,1,1,0.989591340168443,0
2,2,630,1,2,0.989563269164857,-2
2,2,631,1,1,0.0419138284337722,1
2,2,631,1,2,0.0393168976779378,0
2,2,632,1,1,0.050007323701191,0
2,2,632,1,2,0.0486268727906448,0
2,2,633,1,1,0.0813295694393956,-1
2,2,633,1,2,0.0766735195156962,0
2,2,634,1,1,0.151278377593153,0
2,2,634,1,2,0.144806161269989,-1
2,2,635,1,1,0.350691328677013,0
2,2,635,1,2,0.347986825774886,0
2,2,636,1,1,0.771458435112521,0
2,2,636,1,2,0.770940767900975,0
2,2,637,1,1,0.940708139122488,0
2,2,637,1,2,0.941106212219515,0
2,2,638,1,1,0.978246013359938,0
2,2,638,1,2,0.978147232037623,0
2,2,639,1,1,0.987028123451836,0
2,2,639,1,2,0.986966313916318,0
2,2,640,1,1,0.989176770802571,-3
2,2,640,1,2,0.989213081645364,0
2,2,641,1,1,0.0335565075076622,-1
2,2,641,1,2,0.031173835443452,4
2,2,642,1,1,0.0407901657603263,0
2,2,642,1,2,0.0388416350583142,-1
2,2,643,1,1,0.0530768358940485,0
2,2,643,1,2,0.0580436711219552,0
2,2,644,1,1,0.0998011060643508,0
2,2,644,1,2,0.106716195813527,0
2,2,645,1,1,0.208538611481244,0
2,2,645,1,2,0.22554373475704,0
2,2,646,1,1,0.55567397084504,0
2,2,646,1,2,0.561627584481976,0
2,2,647,1,1,0.900693018563007,0
2,2,647,1,2,0.900458813200531,0
2,2,648,1,1,0.969740564619056,0
2,2,648,1,2,0.969433785579654,0
2,2,649,1,1,0.984812804808323,0
2,2,649,1,2,0.984836862229219,0
2,2,650,1,1,0.988539694759104,1
2,2,650,1,2,0.988511810683713,-1
2,2,651,1,1,0.0288541752762867,0
2,2,651,1,2,0.0339842162864436,-5
2,2,652,1,1,0.0352913900928799,1
2,2,652,1,2,0.0352980713576824,0
2,2,653,1,1,0.0481579624050012,-1
2,2,653,1,2,0.041119633039425,1
2,2,654,1,1,0.0630905667871853,0
2,2,654,1,2,0.0653341428611902,1
2,2,655,1,1,0.112618446888901,0
2,2,655,1,2,0.12406627409297,0
2,2,656,1,1,0.309699915529792,0
2,2,656,1,2,0.300027501167778,0
2,2,657,1,1,0.793955955114788,0
2,2,657,1,2,0.793281803093419,0
2,2,658,1,1,0.953619241235183,0
2,2,658,1,2,0.953209851450771,0
2,2,659,1,1,0.981089823197975,0
2,2,659,1,2,0.981130941642679,0
2,2,660,1,1,0.987370828214709,-1
2,2,660,1,2,0.987433914714444,0
2,2,661,1,1,0.0271001028823107,3
2,2,661,1,2,0.02786789345542,-4
2,2,662,1,1,0.0318383499542455,0
2,2,662,1,2,0.0318493862722247,-4
2,2,663,1,1,0.0401612381582246,0
2,2,663,1,2,0.0344304909332072,0
2,2,664,1,1,0.0506503570216722,0
2,2,664,1,2,0.05069214576347,0
2,2,665,1,1,0.0707085340783181,-1
2,2,665,1,2,0.0806221613321433,0
2,2,666,1,1,0.163690258072589,0
2,2,666,1,2,0.181490800664914,0
2,2,667,1,1,0.483410936877731,0
2,2,667,1,2,0.489261751056047,0
2,2,668,1,1,0.9161840432156,0
2,2,668,1,2,0.916179232889101,0
2,2,669,1,1,0.974296948688842,0
2,2,669,1,2,0.974038929477328,0
2,2,670,1,1,0.985492929729317,0
2,2,670,1,2,0.985636017674846,0
2,2,671,1,1,0.0273644244072075,10
2,2,671,1,2,0.0292767185487466,3
2,2,672,1,1,0.0341644004267729,0
2,2,672,1,2,0.0299274174207133,0
2,2,673,1,1,0.0311343139199843,1
2,2,673,1,2,0.0308191662339891,-2
2,2,674,1,1,0.0393389282589319,1
2,2,674,1,2,0.0399139761728184,1
2,2,675,1,1,0.064197583765345,0
2,2,675,1,2,0.0637952346491511,0
2,2,676,1,1,0.0995950074367961,0
2,2,676,1,2,0.104572233546148,0
2,2,677,1,1,0.243531548445253,0
2,2,677,1,2,0.231746475641667,0
2,2,678,1,1,0.755486046962542,0
2,2,678,1,2,0.758264247568392,0
2,2,679,1,1,0.959411285205193,0
2,2,679,1,2,0.959475527394562,0
2,2,680,1,1,0.982206932632244,0
2,2,680,1,2,0.982198306523917,0
2,2,681,1,1,0.0251068505222616,3
2,2,681,1,2,0.0289608086955302,2
2,2,682,1,1,0.0277715335517652,8
2,2,682,1,2,0.0273334759779171,6
2,2,683,1,1,0.0259770250414892,8
2,2,683,1,2,0.0297478689003344,3
2,2,684,1,1,0.028762824278948,-10
2,2,684,1,2,0.0309838018868035,-6
2,2,685,1,1,0.043732059675899,0
2,2,685,1,2,0.0367750140567346,0
2,2,686,1,1,0.0671145470701283,0
2,2,686,1,2,0.0609509924231114,0
2,2,687,1,1,0.13734969781779,0
2,2,687,1,2,0.126403595320746,0
2,2,688,1,1,0.368436381090253,0
2,2,688,1,2,0.3605610964158,0
2,2,689,1,1,0.913264434420184,0
2,2,689,1,2,0.913638361660127,0
2,2,690,1,1,0.975527814619185,0
2,2,690,1,2,0.975383542908548,0
2,2,691,1,1,0.021638021836927,-2
2,2,691,1,2,0.0257542125493226,9
2,2,692,1,1,0.0262756003384465,5
2,2,692,1,2,0.0248840646831912,-10
2,2,693,1,1,0.0249268191767844,6
2,2,693,1,2,0.0244535450871367,2
2,2,694,1,1,0.0245240637743825,0
2,2,694,1,2,0.0259003197710124,3
2,2,695,1,1,0.0269736933049857,2
2,2,695,1,2,0.0293233049427834,0
2,2,696,1,1,0.0461016902312872,0
2,2,696,1,2,0.0460925681325002,0
2,2,697,1,1,0.0790310253788334,0
2,2,697,1,2,0.0738600388516018,0
2,2,698,1,1,0.188072323376863,0
2,2,698,1,2,0.169084368337014,0
2,2,699,1,1,0.589356657900653,0
2,2,699,1,2,0.58724612423472,0
2,2,700,1,1,0.958412279790622,0
2,2,700,1,2,0.95822410388226,0
