5,1,1,1,1.23835234134892,1.23856080574528,1.27560299565054,1.1671391681904,1.2873299016182
5,1,2,1,1.75080586221827,1.70601547027386,1.74306136435759,1.77984658876358,1.73970445141911
5,1,3,1,2.0200099762693,1.96895913671313,1.95719853579456,2.03839409617929,2.00990475780669
5,1,4,1,1.23579512868195,1.26527070197627,1.21865753700822,1.22068068607167,1.31385449995542
5,1,5,1,1.08399212181722,2.85495906832673,1.78492074183843,1.64525370959195,0.597365826680773
5,1,6,1,0,0,0,0,0
5,1,7,1,NaN,NaN,NaN,NaN,NaN
5,1,8,1,NaN,NaN,NaN,NaN,NaN
5,1,9,1,NaN,NaN,NaN,NaN,NaN
5,1,10,1,NaN,NaN,NaN,NaN,NaN
5,1,11,1,1.12720309450426,1.20454573776592,1.20833140195151,1.25989596365971,1.22906022552279
5,1,12,1,1.62814794293678,1.74046968828245,1.68862176114622,1.64255818376031,1.56138015488799
5,1,13,1,2.30321781797931,2.35186454594916,2.34435892535619,2.32021348179966,2.33581399733268
5,1,14,1,1.51418568690042,1.51576381879382,1.52232230446704,1.5248593562616,1.49842800680656
5,1,15,1,0.407249436062995,1.2074723608954,0.952068475334967,0.585483026545935,1.39729865198742
5,1,16,1,NaN,0,0,0,0
5,1,17,1,NaN,NaN,NaN,NaN,NaN
5,1,18,1,NaN,NaN,NaN,NaN,NaN
5,1,19,1,NaN,NaN,NaN,NaN,NaN
5,1,20,1,NaN,NaN,NaN,NaN,NaN
5,1,21,1,1.14258031252766,1.14991665685658,1.08667232874465,1.23987433895661,1.23442024853484
5,1,22,1,1.44239396633299,1.43580214893672,1.429354623778,1.44277890118689,1.44106773631206
5,1,23,1,2.28467463117851,2.27652665128448,2.35173730921834,2.2609492444365,2.32967694131542
5,1,24,1,2.13838990384906,2.16388909041653,2.14526141559324,2.07575707300268,2.10068190932074
5,1,25,1,1.0727278866314,1.2936319553862,1.32454223586018,1.27286300128009,1.37969825017058
5,1,26,1,0,0,0,0,0
5,1,27,1,NaN,NaN,NaN,NaN,NaN
5,1,28,1,NaN,NaN,NaN,NaN,NaN
5,1,29,1,NaN,NaN,NaN,NaN,NaN
5,1,30,1,NaN,NaN,NaN,NaN,NaN
5,1,31,1,1.06786667694908,1.13029781306738,1.2502569154052,1.15160394707429,1.08774920356118
5,1,32,1,1.42579701740697,1.51910210911162,1.27497879977266,1.35421082759176,1.33102485138987
5,1,33,1,2.12652968523567,2.03770190517799,1.95461553859854,2.02402132470173,2.07229082537653
5,1,34,1,2.81791906453656,2.88211836231961,2.85734146829611,2.88946948308079,2.80991625392293
5,1,35,1,1.47584532329572,1.46420708634331,1.51122572460049,1.52662860050738,1.50554465781502
5,1,36,1,0,0,0,0,0
5,1,37,1,NaN,NaN,NaN,NaN,NaN
5,1,38,1,NaN,NaN,NaN,NaN,NaN
5,1,39,1,NaN,NaN,NaN,NaN,NaN
5,1,40,1,NaN,NaN,NaN,NaN,NaN
5,1,41,1,0.731583295537373,0.892095157826505,1.09981910876566,1.06436266721025,1.09092450510511
5,1,42,1,1.2615478825062,1.25352756714739,1.21120317325424,1.09029061472189,1.27812126841631
5,1,43,1,1.89010244184501,1.94956552601266,1.9973102644022,1.85703944243845,1.81071651873956
5,1,44,1,2.97815532306476,3.01329736967266,3.10113778189308,3.10177258470873,3.15739227765245
5,1,45,1,1.93632717243764,1.97792621821596,1.9293551159502,1.98940181227937,1.90181888102409
5,1,46,1,0.225803030821332,3.23924073878416,1.1400490947861,1.70541462964671,1.47245319669775
5,1,47,1,NaN,NaN,NaN,NaN,NaN
5,1,48,1,NaN,NaN,NaN,NaN,NaN
5,1,49,1,NaN,NaN,NaN,NaN,NaN
5,1,50,1,NaN,NaN,NaN,NaN,NaN
5,1,51,1,1.17240660685886,1.02733817310827,0.995684922503346,1.18130184346659,1.0699507363668
5,1,52,1,1.13330299995363,1.24422303235338,1.19897572504227,1.32457417014829,0.950524515358449
5,1,53,1,1.40315339734091,1.52696213375069,1.58308271646464,1.65948167303198,1.53090809950292
5,1,54,1,2.7986330042831,2.65441519709434,3.09501639411162,2.92436964893635,2.73784484864129
5,1,55,1,3.40612115040957,3.42194382854015,3.44318679354174,3.37536479620079,3.4745108624175
5,1,56,1,1.5378321384539,1.3706581565196,1.34929464230548,1.3992717818671,1.46211695379483
5,1,57,1,0,0,0,0,0
5,1,58,1,NaN,NaN,NaN,NaN,NaN
5,1,59,1,NaN,NaN,NaN,NaN,NaN
5,1,60,1,NaN,NaN,NaN,NaN,NaN
5,1,61,1,1.41236196448686,1.0797755179847,0.575394846339899,0.953760443541465,0.799432722224824
5,1,62,1,1.05843182262821,1.02533014973165,1.3260816917776,0.853420933047782,1.26534181709727
5,1,63,1,1.45134222961772,1.03197573045967,1.16690884552109,1.46218724791499,1.42487540280166
5,1,64,1,2.34387998596389,2.64364675158631,2.54723975172214,1.8450869903964,1.7826528879509
5,1,65,1,4.31962939022674,4.1683268280261,4.14920261787078,4.2112091734715,4.00513579403579
5,1,66,1,1.84877833160735,1.86089070115951,1.82597049875343,1.84962601175849,1.86409383539714
5,1,67,1,0,4.0474025974026,0,8.474709493765,4.46837059271538
5,1,68,1,NaN,NaN,NaN,NaN,NaN
5,1,69,1,NaN,NaN,NaN,NaN,NaN
5,1,70,1,NaN,NaN,NaN,NaN,NaN
5,1,71,1,1.80097207603244,0.781751416781728,1.72313612937313,0.721106365759095,0.763149850780809
5,1,72,1,0.370169534656791,1.60394249084975,1.38142151377894,0.745257289233783,0.596814824345896
5,1,73,1,0.934395499190374,1.30115248168601,1.05866294198684,1.53815739292191,0.988641051734096
5,1,74,1,0.88064381807607,1.44637808210523,0.959163608256896,1.45559409594096,2.78616346048279
5,1,75,1,3.81335140263869,3.9716587312977,3.85404393014036,3.5754188969146,4.58770065882671
5,1,76,1,4.68603679884958,4.83481339621157,5.02446838007544,4.88989482964251,4.66712368623809
5,1,77,1,1.70663948263154,1.46531698035875,1.59621956944313,1.46443105544104,1.59356232433734
5,1,78,1,NaN,NaN,NaN,NaN,NaN
5,1,79,1,NaN,NaN,NaN,NaN,NaN
5,1,80,1,NaN,NaN,NaN,NaN,NaN
5,1,81,1,2.36991976381515,1.29744311517711,1.18728157540047,0,0
5,1,82,1,2.0516262048348,0,0,0,0
5,1,83,1,0,0.85989314983229,0,0,0
5,1,84,1,0.794356803386717,0.816770415872807,1.34116313740834,2.392287831163,3.07909057833582
5,1,85,1,3.14325644504749,6.06013431013431,2.07836370946127,4.511333239121,5.47147646383467
5,1,86,1,6.10378312801242,6.69099226800428,6.58723027920846,5.72245569823084,6.44882091424294
5,1,87,1,2.1738071850656,2.19633642067062,2.20745938477423,2.2211613894226,2.21110745561854
5,1,88,1,0,0,0,0,7.41128193701723
5,1,89,1,NaN,NaN,NaN,NaN,NaN
5,1,90,1,NaN,NaN,NaN,NaN,NaN
5,1,91,1,0,0,0,0,0
5,1,92,1,9.46911764705882,0,0,0,0
5,1,93,1,0,8.29960911510313,0,0,0
5,1,94,1,0,0,0,0,0
5,1,95,1,5.06584226296278,0,9.58722606689735,0,0
5,1,96,1,2.00302561215874,3.70977982590886,3.80224603318481,12.1343347203897,0
5,1,97,1,8.81413586944197,9.1705385085665,9.57337911630876,8.53232902279696,9.72439016223809
5,1,98,1,1.59074107213775,1.52184477369496,1.53953859298912,1.56743881858197,1.58338535379744
5,1,99,1,NaN,NaN,0,NaN,0
5,1,100,1,NaN,NaN,NaN,NaN,NaN
5,1,101,1,1.16248944808203,1.13878337741415,1.06150322297482,1.08049444175707,1.11255427536172
5,1,102,1,1.4965002454601,1.52523926308913,1.462783497269,1.52051477490122,1.42683922033349
5,1,103,1,2.21293177131252,2.26796735650069,2.2475717489486,2.22685766532313,2.22482144467472
5,1,104,1,2.26246765247269,2.20018881852844,2.20341311340429,2.14838336181292,2.17131671513231
5,1,105,1,1.35645970834686,1.4683085469868,1.82319918208012,1.63118677344929,1.27862956283512
5,1,106,1,0,0,0,0,0
5,1,107,1,NaN,NaN,NaN,NaN,NaN
5,1,108,1,NaN,NaN,NaN,NaN,NaN
5,1,109,1,NaN,NaN,NaN,NaN,NaN
5,1,110,1,NaN,NaN,NaN,NaN,NaN
5,1,111,1,1.05218814570848,1.19746770345519,1.13271004647773,1.08653812691395,1.13391295766402
5,1,112,1,1.33571289720577,1.36208486608595,1.38719167861827,1.39382645178519,1.35973110122286
5,1,113,1,2.03427283488606,2.06888730332457,2.04468334787269,2.10293598614202,2.06587071558206
5,1,114,1,2.87055689478264,2.85707881159537,2.81241579104302,2.91560177250463,2.9400093779306
5,1,115,1,1.72227298920585,1.7787092806514,1.76941262245251,1.94230819491526,1.83456165470681
5,1,116,1,0,0,0,0,0
5,1,117,1,NaN,NaN,NaN,NaN,NaN
5,1,118,1,NaN,NaN,NaN,NaN,NaN
5,1,119,1,NaN,NaN,NaN,NaN,NaN
5,1,120,1,NaN,NaN,NaN,NaN,NaN
5,1,121,1,1.03139573059796,1.05432900045736,1.12275919172857,1.05013935052426,1.09080692284975
5,1,122,1,1.2602733569346,1.27876963594534,1.27102062276187,1.17326644766048,1.28461014933394
5,1,123,1,1.78173155808062,1.81221011027105,1.75647047132554,1.77617111991886,1.74512573805934
5,1,124,1,2.99653369048888,3.0911260978983,3.09207846283447,3.04845389522189,3.06829641527085
5,1,125,1,2.38974173042149,2.42512863052206,2.48452066653116,2.38090728227431,2.43680383819993
5,1,126,1,0,0,7.60492321761994,0,0
5,1,127,1,NaN,NaN,NaN,NaN,NaN
5,1,128,1,NaN,NaN,NaN,NaN,NaN
5,1,129,1,NaN,NaN,NaN,NaN,NaN
5,1,130,1,NaN,NaN,NaN,NaN,NaN
5,1,131,1,1.07960781479947,1.10380013112213,0.984695911368778,0.995611191944537,1.05007617086643
5,1,132,1,1.09792597273745,1.04872169968779,1.27869116633246,1.12970205704501,1.22849350303684
5,1,133,1,1.39995561664399,1.54497137222192,1.54285623368776,1.5197736343384,1.5001898532586
5,1,134,1,2.58616373304976,2.60866713231354,2.59462409341626,2.59210114231821,2.62027025422107
5,1,135,1,3.69674203854827,3.61850347192477,3.75158116506196,3.67378854193481,3.74623949157169
5,1,136,1,2.12878653936822,2.04751079554891,2.2527926851443,1.90744706238995,2.64967137306715
5,1,137,1,NaN,NaN,NaN,NaN,NaN
5,1,138,1,NaN,NaN,NaN,NaN,NaN
5,1,139,1,NaN,NaN,NaN,NaN,NaN
5,1,140,1,NaN,NaN,NaN,NaN,NaN
5,1,141,1,0.967809975515135,1.04394212253459,1.03537548208073,0.95460370181947,1.05556493707196
5,1,142,1,1.13127567872526,1.05522227228355,1.14321102562984,1.01610444494901,1.04531639141592
5,1,143,1,1.20347748833272,1.29770813110858,1.137738727632,1.32475129722746,1.29744819251611
5,1,144,1,1.99064096004791,2.10237439204245,1.95198916662482,1.96787080325825,2.17153302364689
5,1,145,1,3.74497180408376,3.78782088774368,3.69723702020202,3.75471758250252,3.79928689258489
5,1,146,1,2.65467986074655,2.70265039567457,2.58503156470012,2.57080513245936,2.61239874925968
5,1,147,1,0,0,0,0,0
5,1,148,1,NaN,NaN,NaN,NaN,NaN
5,1,149,1,NaN,NaN,NaN,NaN,NaN
5,1,150,1,NaN,NaN,NaN,NaN,NaN
5,1,151,1,1.00099936983643,0.892748518549334,1.05889257173312,0.891219357175059,0.921641897889643
5,1,152,1,1.11046600839187,1.13380620149636,0.840880480901608,1.1898673174491,1.13700025039785
5,1,153,1,1.01924321590968,1.2455237165575,1.18016448517248,1.26976335292714,1.39455443685002
5,1,154,1,1.97479215679043,1.75831437121527,1.53369699867429,1.64834152052091,1.50920122468708
5,1,155,1,2.92134003735189,3.05150695305085,2.98382000008942,3.13005064565821,3.30645956254495
5,1,156,1,4.67498154431383,4.56942431143434,4.63348256728665,4.70747423631305,4.61268155694939
5,1,157,1,3.65829385626675,3.38192004074357,1.65490600051507,5.34517698402762,3.49804224536021
5,1,158,1,NaN,NaN,NaN,NaN,NaN
5,1,159,1,NaN,NaN,NaN,NaN,NaN
5,1,160,1,NaN,NaN,NaN,NaN,NaN
5,1,161,1,0.947331840984421,1.10282346378863,1.26593575854029,1.14114235726992,1.14690220953094
5,1,162,1,1.33542603780313,1.26268493072152,0.686471514881165,1.17100405456844,1.06755955767991
5,1,163,1,1.17569175035578,1.18650329877474,0.908729317062742,1.56870926728669,1.3650943771277
5,1,164,1,1.08690031262487,1.64632069376255,1.34005819060167,1.29768717281112,2.18893275340503
5,1,165,1,2.27321236674209,2.0328921108415,2.32478084962913,2.45132390718062,2.3807655408231
5,1,166,1,4.6904371909698,4.72708640620678,4.82522748706214,4.83706008916019,4.93478099202177
5,1,167,1,2.72221556519345,2.72183195516149,2.68390325998043,2.67995642023596,2.79741726684539
5,1,168,1,NaN,NaN,NaN,NaN,NaN
5,1,169,1,NaN,NaN,NaN,NaN,NaN
5,1,170,1,NaN,NaN,NaN,NaN,NaN
5,1,171,1,1.40504774413404,0.397451448998855,0.931311152988422,1.31337961382345,1.5304199181454
5,1,172,1,1.63200300141516,1.3810909649233,0.59074653420421,0.188708146749264,1.20670694219327
5,1,173,1,0.700099118552869,0.841381423294923,0.797994379100253,1.17788128152855,1.4360467385139
5,1,174,1,1.84341282920307,1.92370167318264,0.815585457137765,1.57413188913667,0.626065885334178
5,1,175,1,1.91892425513602,1.79615105284846,2.59206251915415,1.57410097205152,2.48513907915897
5,1,176,1,4.1551064776847,3.80497193715848,3.49962986507275,3.58166602209249,3.67424757340032
5,1,177,1,6.70454493680917,6.66514452078886,6.29597688394087,6.37444466824163,6.85065667718976
5,1,178,1,3.76484690602937,4.70102509720749,0,13.9282696001397,3.47553069120569
5,1,179,1,NaN,NaN,NaN,NaN,NaN
5,1,180,1,NaN,NaN,NaN,NaN,NaN
5,1,181,1,1.25343733474352,3.10582084893883,0,3.69598336664542,1.27008873040882
5,1,182,1,0,0,1.15853644342016,0,2.12342636452866
5,1,183,1,0,2.13436709132244,0,0,1.15593208528824
5,1,184,1,1.0167625450867,0.90284111793294,2.91898433374406,2.19510904028011,3.75584787967202
5,1,185,1,0,1.588705619234,0.792621255534258,1.46657816619651,1.95465819290896
5,1,186,1,2.03094791405743,2.44526437087267,2.73625442377782,4.4971349625167,4.58526335234489
5,1,187,1,6.13233701691086,8.14783151693552,6.49967607255975,8.62616851166909,6.09128493257146
5,1,188,1,3.48459963175437,3.57698468823971,3.56440421544611,3.50313261673317,3.47814200162832
5,1,189,1,NaN,NaN,NaN,NaN,NaN
5,1,190,1,NaN,NaN,NaN,NaN,NaN
5,1,191,1,9.61095864028119,0,0,0,0
5,1,192,1,0,0,0,0,13.3156595971722
5,1,193,1,11.1482660412129,0,11.5933217189315,9.75625610948192,0
5,1,194,1,0,0,0,0,0
5,1,195,1,0,0,16.7441275167785,0,8.75429824561404
5,1,196,1,0,5.61720157657658,0,0,0
5,1,197,1,4.17639785396932,0,5.37458212013372,4.71549735618723,0
5,1,198,1,12.4234886292145,12.260731726528,12.9249763671765,13.4642838076606,10.8048992313987
5,1,199,1,2.71565269389164,2.49585145473164,2.21036925512759,3.4778878361385,1.78293029266282
5,1,200,1,NaN,NaN,NaN,NaN,NaN
5,1,201,1,1.08536148702187,1.18027984645599,1.14749916798426,1.12388901794739,1.00794912329025
5,1,202,1,1.30354086720473,1.28381837569769,1.36375882855376,1.24362013420802,1.32622437300425
5,1,203,1,2.05935010069919,2.05470682865534,1.95785500693511,1.99575872771142,1.97264704875935
5,1,204,1,2.79724332009438,2.74323657068355,2.76554460355348,2.73496850551573,2.88565382353513
5,1,205,1,1.93479044629638,2.13581669867104,1.82545795797797,2.25391550111169,2.02171955297977
5,1,206,1,0,0,0,0,0
5,1,207,1,NaN,NaN,NaN,NaN,NaN
5,1,208,1,NaN,NaN,NaN,NaN,NaN
5,1,209,1,NaN,NaN,NaN,NaN,NaN
5,1,210,1,NaN,NaN,NaN,NaN,NaN
5,1,211,1,1.0449445643171,0.998838947173812,1.0097214437134,1.09594846347081,1.01397063376875
5,1,212,1,1.2287708356361,1.20157216742774,1.20012495772152,1.17014264315399,1.18989931599
5,1,213,1,1.73458752208473,1.7670295741448,1.68961740685339,1.71424069928827,1.76606743261818
5,1,214,1,2.86832236147543,2.98748026258154,2.88780680059511,2.97095576231172,2.948189450486
5,1,215,1,2.68899783305562,2.75400015446024,2.70482047692417,2.69601335940493,2.61799935210897
5,1,216,1,0,12.1718692842336,0,0,0
5,1,217,1,NaN,NaN,NaN,NaN,NaN
5,1,218,1,NaN,NaN,NaN,NaN,NaN
5,1,219,1,NaN,NaN,NaN,NaN,NaN
5,1,220,1,NaN,NaN,NaN,NaN,NaN
5,1,221,1,1.03838929677248,1.11291032175247,1.13085632684335,1.0143724857526,1.140675217671
5,1,222,1,1.05630828310695,1.13432595633775,1.08760229996475,1.04552569951655,1.11686621200572
5,1,223,1,1.43227475507289,1.4740475685487,1.40180729194433,1.34420680897786,1.46619896025204
5,1,224,1,2.49199713889088,2.48082165770934,2.47348091876717,2.5580184959541,2.5396429916649
5,1,225,1,3.91068731053517,3.93680201361863,3.94405777723279,3.96135973680702,3.85339769661067
5,1,226,1,3.45724511173184,2.49754164082238,2.99273562993911,1.58379245303126,1.91760252488092
5,1,227,1,NaN,NaN,NaN,NaN,NaN
5,1,228,1,NaN,NaN,NaN,NaN,NaN
5,1,229,1,NaN,NaN,NaN,NaN,NaN
5,1,230,1,NaN,NaN,NaN,NaN,NaN
5,1,231,1,1.09587357018138,1.04362073949928,0.906841290433224,1.06375953372141,0.940778167465227
5,1,232,1,1.06927147288163,1.18542216953466,0.898424155114694,1.12577628451782,1.04409093935944
5,1,233,1,1.30589697477232,1.2755237590772,1.33790811196722,1.25732378482916,1.19476696597874
5,1,234,1,2.01982681105161,1.88774073295844,2.09295229080201,1.84181022919424,2.15413314720403
5,1,235,1,3.73535450649656,3.75920578800827,3.7646800366983,3.77899219497028,3.75339041637208
5,1,236,1,3.24130974935971,3.28362215972127,3.40008023461156,3.26801717043622,3.24215240619787
5,1,237,1,NaN,0,0,0,0
5,1,238,1,NaN,NaN,NaN,NaN,NaN
5,1,239,1,NaN,NaN,NaN,NaN,NaN
5,1,240,1,NaN,NaN,NaN,NaN,NaN
5,1,241,1,0.943752180808747,0.948964872233847,1.05612958884851,0.94099510116274,1.14863087988463
5,1,242,1,0.87663084697521,1.06407367310022,0.936701033792797,1.04017455014012,1.00795761792395
5,1,243,1,1.16451442412558,0.952375423339215,1.10402781545124,1.11637777053224,1.23704407289259
5,1,244,1,1.37990248500669,1.63736423879239,1.52660964276857,1.6128284707177,1.47805563216327
5,1,245,1,3.03275283421433,2.77753248960902,2.760535488425,2.72335909193751,2.86914442358362
5,1,246,1,4.87209706822319,4.92727428313302,4.8735397153011,4.75834833784169,4.83729239784046
5,1,247,1,12.6143931256713,0,13.2002644628099,0,0
5,1,248,1,NaN,NaN,NaN,NaN,NaN
5,1,249,1,NaN,NaN,NaN,NaN,NaN
5,1,250,1,NaN,NaN,NaN,NaN,NaN
5,1,251,1,1.04583774476455,0.891345708968355,1.20563350959737,0.968444155182998,1.00649022031581
5,1,252,1,1.08776125284932,0.802099457551917,0.910539525802446,0.997548346915719,1.3216237485093
5,1,253,1,1.09292026195849,1.01797408093097,1.15865730141551,0.86914030514269,1.25336924191761
5,1,254,1,1.48086197376702,1.22153322455259,1.18700032029031,1.28545860131162,1.24236146669924
5,1,255,1,1.97711868866116,2.33891609144438,2.17892273138313,2.01450522820793,1.91054967171348
5,1,256,1,4.67401891102333,4.72068720789444,4.55542021038208,4.77549245505514,4.46954169661315
5,1,257,1,3.432095507711,3.37366023641722,3.55238933761377,3.56172309036185,3.49141519303681
5,1,258,1,NaN,NaN,NaN,NaN,NaN
5,1,259,1,NaN,NaN,NaN,NaN,NaN
5,1,260,1,NaN,NaN,NaN,NaN,NaN
5,1,261,1,1.20906252314072,1.03792369717389,0.715302706880505,0.8123122141275,1.20106276975542
5,1,262,1,0.87467351135069,0.958565486954209,1.04250683003637,1.12746073339505,0.844021954539971
5,1,263,1,1.34071373555841,0.685132220883125,0.844921698881568,0.927770463866276,1.17634307719371
5,1,264,1,1.3293701970166,1.30542448970451,1.48791211718216,1.17464896432654,1.31229592207359
5,1,265,1,1.84515061356383,1.99835831768605,2.05882059991318,2.14448853908781,1.65283430119511
5,1,266,1,3.31943965891722,3.29995452501007,3.0434549862827,2.85049601807338,3.27323535146729
5,1,267,1,6.27121746785063,6.37260702602728,6.50106818832083,6.34039211178148,6.43327742531044
5,1,268,1,0,0,0,0,0
5,1,269,1,NaN,NaN,NaN,NaN,NaN
5,1,270,1,NaN,NaN,NaN,NaN,NaN
5,1,271,1,0.440789766605224,0.983555551579385,0.581164918326489,0.566291234347048,1.71750187066899
5,1,272,1,0.572794145319063,1.212884089767,1.01000636880267,0.756826127869881,1.41228370633605
5,1,273,1,0.553876607086861,0.91188790041001,0.574901502737004,1.24766509263932,0.937000930176165
5,1,274,1,1.04340439601411,0.504829234292542,0.702346137387447,2.00618623301027,0.384891148734867
5,1,275,1,0.955234936428966,0.74774744091881,0.946699895765276,1.43001680455356,2.28062422516673
5,1,276,1,2.60424553532647,3.39359079627652,1.51515248897861,2.90633853095728,1.54725794965148
5,1,277,1,6.65888795864048,5.70258310835636,5.36624507089356,5.44610202429777,5.35554751524255
5,1,278,1,3.99436457260197,4.08791880995523,4.13229106060705,4.02655796552077,4.00629320101788
5,1,279,1,NaN,NaN,NaN,NaN,NaN
5,1,280,1,NaN,NaN,NaN,NaN,NaN
5,1,281,1,0,0,0,0,0
5,1,282,1,0,0,1.24456946397875,1.12711058263971,2.51556577550917
5,1,283,1,2.43553043648464,0,2.06692387979873,0,1.03554258241758
5,1,284,1,0,1.03605488922206,2.01911477488903,1.07647376960519,1.09479572305458
5,1,285,1,0,2.78473359365159,1.74608775024794,1.74179088143235,0
5,1,286,1,1.49394322975161,3.46834573035433,1.45747854321042,0.658403545028217,1.36895122421438
5,1,287,1,4.87720345207492,4.39520605417729,4.34318256488884,3.92377240533376,8.0590586636496
5,1,288,1,9.1485990553245,8.96105565201287,9.26366114689845,9.30992391940473,9.45481293329017
5,1,289,1,0,0,0,42.5628729752771,0
5,1,290,1,NaN,NaN,NaN,NaN,NaN
5,1,291,1,9.6729986431479,10.7778317676277,27.9243356643357,0,0
5,1,292,1,0,11.053765227021,0,0,0
5,1,293,1,0,0,0,0,0
5,1,294,1,0,0,13.1976467477525,0,0
5,1,295,1,0,9.42886159659896,0,0,0
5,1,296,1,6.98819904051546,0,0,0,7.86247242357391
5,1,297,1,0,0,0,0,9.55686499952094
5,1,298,1,7.55269149455196,8.10144186046512,3.16350978324794,5.76798767084241,12.4271173740191
5,1,299,1,7.99875647905356,7.91780560447514,7.66663835655171,7.92170240705785,8.06499563348205
5,1,300,1,NaN,NaN,NaN,NaN,NaN
5,1,301,1,1.12373815873548,1.01058818664283,1.02029800534884,1.02902546421922,1.06013932101441
5,1,302,1,1.30105522037157,1.20143060987294,1.28969081336462,1.22154338243958,1.17923282022769
5,1,303,1,1.79883616489608,1.79448284782346,1.7879142252573,1.72982072044238,1.80251301466483
5,1,304,1,2.87006466590848,2.90446710783531,2.87060836786171,2.9051479524942,2.85375094039156
5,1,305,1,2.41119880101063,2.35016890346953,2.47906200358439,2.43842013252401,2.36131367243148
5,1,306,1,0,0,0,0,33.2575757575758
5,1,307,1,NaN,NaN,NaN,NaN,NaN
5,1,308,1,NaN,NaN,NaN,NaN,NaN
5,1,309,1,NaN,NaN,NaN,NaN,NaN
5,1,310,1,NaN,NaN,NaN,NaN,NaN
5,1,311,1,1.0627667023956,0.972681834715582,1.07772348828702,1.06475523142394,1.01076538224184
5,1,312,1,1.12371875302159,1.20485363354586,1.14040852438608,1.18362712394857,1.10653978385753
5,1,313,1,1.50018446405822,1.40962429795844,1.57409246018172,1.45806700525582,1.493820071524
5,1,314,1,2.62505318678043,2.59128578651479,2.61560197908909,2.57499577098243,2.54384813192454
5,1,315,1,3.490740913854,3.5388012465687,3.4993069007953,3.50378374267114,3.47118998722196
5,1,316,1,1.96233075959727,0,0.893445420416375,0,0
5,1,317,1,NaN,NaN,NaN,NaN,NaN
5,1,318,1,NaN,NaN,NaN,NaN,NaN
5,1,319,1,NaN,NaN,NaN,NaN,NaN
5,1,320,1,NaN,NaN,NaN,NaN,NaN
5,1,321,1,1.00160852192556,1.01535655988612,0.96302682986816,1.08209813080431,0.976762452509471
5,1,322,1,1.04799102441185,1.10501968711276,1.08132924607253,1.06645367193566,1.1550768410292
5,1,323,1,1.33269192227558,1.40809479528028,1.27279896687626,1.25303515208806,1.2707639361274
5,1,324,1,2.05059153090166,1.94133918678595,2.08301859883071,2.18463421996251,2.12881458423291
5,1,325,1,3.76089583676986,3.78099244128628,3.8382349611203,3.818224815715,3.84922056504934
5,1,326,1,3.45224879208818,2.98904101083481,2.768019624058,3.22319973997958,3.09408225964709
5,1,327,1,0,0,NaN,0,0
5,1,328,1,NaN,NaN,NaN,NaN,NaN
5,1,329,1,NaN,NaN,NaN,NaN,NaN
5,1,330,1,NaN,NaN,NaN,NaN,NaN
5,1,331,1,1.10847977226462,0.952189496406112,1.0213005777944,1.10027458626683,0.99168180067831
5,1,332,1,1.00831665466109,1.13728261105975,1.07606096990805,1.02013956254824,0.977877036804608
5,1,333,1,1.15468096254114,1.20371177767797,1.12464481153369,1.26062591647354,1.15017004452445
5,1,334,1,1.6201198889809,1.76769561592262,1.55837400638432,1.54008251257272,1.60768835086742
5,1,335,1,3.08606937654108,3.04582439592387,3.17833082040893,3.23084519903621,3.22883870422234
5,1,336,1,4.70578051145094,4.67830900282346,4.67053193793035,4.65040727176108,4.68245693936958
5,1,337,1,0,0,0,0,0
5,1,338,1,NaN,NaN,NaN,NaN,NaN
5,1,339,1,NaN,NaN,NaN,NaN,NaN
5,1,340,1,NaN,NaN,NaN,NaN,NaN
5,1,341,1,1.11653175807138,0.968456264160121,1.14284232262654,1.03456146865936,1.1020024192429
5,1,342,1,0.934655902534268,0.962572741412315,0.994427472618225,0.998736435907851,0.900148525939486
5,1,343,1,1.08984782593792,0.971269259724524,1.20664145439791,1.08197947492335,1.10926239639252
5,1,344,1,1.44175290610051,1.39805587548808,1.25828011634923,1.43770753876377,1.35924424892078
5,1,345,1,2.30034201635423,2.2167494845928,2.29802209352825,2.41765589906196,2.2212732161694
5,1,346,1,4.77184160956646,4.62357039324019,4.64005909506931,4.85374144283909,4.77624595252679
5,1,347,1,5.00564381836889,5.05123995919929,3.99542481768723,4.41855002429954,4.04663753933011
5,1,348,1,NaN,NaN,NaN,NaN,NaN
5,1,349,1,NaN,NaN,NaN,NaN,NaN
5,1,350,1,NaN,NaN,NaN,NaN,NaN
5,1,351,1,1.00694987440831,0.992763967957557,0.936775265633221,1.20371779202315,0.797806697484134
5,1,352,1,1.1752076560561,1.04378445573452,1.22003970859719,0.918430078679797,1.12007847966647
5,1,353,1,0.943020679273921,1.00955952757438,0.969301881649695,1.10180993011712,0.8992873594666
5,1,354,1,1.27890185549758,0.766308307114802,1.50811177204978,1.13043613229322,1.21614062337906
5,1,355,1,1.85185420358622,1.79912066825247,1.7018318037697,2.05786372054138,1.73510504807978
5,1,356,1,3.48989555460617,3.38293812952274,3.58449027275325,3.4633689181906,3.56391382426831
5,1,357,1,5.99561364807242,6.00960442808083,6.08476908721399,6.08172318395607,6.05100937686643
5,1,358,1,NaN,NaN,0,0,0
5,1,359,1,NaN,NaN,NaN,NaN,NaN
5,1,360,1,NaN,NaN,NaN,NaN,NaN
5,1,361,1,0.954552995436607,0.756310467757134,0.550615438854655,0.691964899559668,1.01446131560541
5,1,362,1,1.08530902242896,0.895162076430379,0.639540945863073,1.16608106244251,0.898695900140823
5,1,363,1,0.829490877748882,1.09029081669415,0.99917789160817,1.46943255301256,0.793340102838434
5,1,364,1,1.21310109565052,1.37217635191477,1.03645778558804,0.937325955047173,1.16715089291405
5,1,365,1,1.49978851088592,0.919196715578386,0.889634802659693,1.33081680916864,1.1593277270378
5,1,366,1,2.49727047610376,2.22541562052839,2.64580027264582,2.23532392380642,2.58763149823713
5,1,367,1,5.67152871922435,5.52985072205135,5.51015031417522,5.49022720400847,5.46035743572875
5,1,368,1,7.62806972370148,5.92088339979629,6.96584135435656,8.36307012355578,7.20490052106922
5,1,369,1,NaN,NaN,NaN,NaN,NaN
5,1,370,1,NaN,NaN,NaN,NaN,NaN
5,1,371,1,0.208168051319802,1.56560044367286,1.29311178168802,0.895455028500754,0.636622073578595
5,1,372,1,1.9546613367501,1.23571038379298,0.805740341163539,1.39589908223601,0.8530413593852
5,1,373,1,0.646611752717391,1.34908091744621,1.636586273942,1.22323844644393,0.404397867675754
5,1,374,1,2.23113707621862,1.13580261088212,1.16047133340827,0.755477065533865,0.922086675392377
5,1,375,1,1.82284949956183,1.4878946378175,2.01207970365546,0.828389251734199,1.95768469003763
5,1,376,1,2.24013657056146,1.28744508157529,1.25196146651573,2.27825421133231,2.15522459817087
5,1,377,1,4.48865626327685,4.61726333827935,4.14943655630522,4.63188014868799,3.99247090951413
5,1,378,1,7.91323226703003,7.82297739607012,7.96221596440916,7.95762224843224,7.75007871929937
5,1,379,1,NaN,0,NaN,0,0
5,1,380,1,NaN,NaN,NaN,NaN,NaN
5,1,381,1,1.05987006762873,0,0,4.99743975903615,1.16986055039402
5,1,382,1,1.22377325785097,0,1.21544566544567,1.28591079939551,0
5,1,383,1,1.10985781990521,0,0,0,1.13659358227704
5,1,384,1,1.12603943929674,3.22356828193833,0,0,1.11406871771336
5,1,385,1,0.935042293233083,0,1.20011091820988,1.07260528655727,0
5,1,386,1,1.4972030867683,4.09743536924503,3.01231089652561,0.835660634168473,2.57685598569961
5,1,387,1,2.32606734992679,1.38582211935473,2.27997216857759,2.48108241795303,2.08847994575459
5,1,388,1,6.06010924694035,7.05799080900386,7.14871202291208,6.39278832622486,7.66224766539889
5,1,389,1,4.99081163310602,5.1924232173379,5.2264788419632,5.42309594727148,5.30978421051458
5,1,390,1,NaN,NaN,NaN,NaN,NaN
5,1,391,1,0,0,0,0,0
5,1,392,1,0,0,0,0,0
5,1,393,1,0,0,0,0,0
5,1,394,1,0,0,0,0,0
5,1,395,1,0,9.39238659890834,0,0,10.7325806451613
5,1,396,1,0,0,0,0,0
5,1,397,1,6.32669625871909,0,0,0,6.59131296449215
5,1,398,1,4.97322921084803,0,15.4264419674452,9.39252138262529,2.44193710414446
5,1,399,1,12.4896329617271,13.0255927464577,16.4659453809975,13.5535771495487,11.8395317624304
5,1,400,1,0,0,0,0,0
5,1,401,1,1.00576174431996,1.06522139609245,1.02653696610174,1.05088433742236,1.01273147200528
5,1,402,1,1.14591313830428,1.1509061025991,1.2924214586882,1.2258755052958,1.15469566366323
5,1,403,1,1.57392605467411,1.53713847380611,1.68106708686079,1.66366640776108,1.59200265546276
5,1,404,1,2.65353590305838,2.68052699015691,2.76779111297183,2.70922686558046,2.66363961892708
5,1,405,1,2.8730627351451,2.85811653358315,3.0069530955935,2.85352641628547,2.77354030266503
5,1,406,1,4.72272727272727,7.3069045743492,3.65722249729512,0,8.84585365853659
5,1,407,1,NaN,NaN,NaN,NaN,NaN
5,1,408,1,NaN,NaN,NaN,NaN,NaN
5,1,409,1,NaN,NaN,NaN,NaN,NaN
5,1,410,1,NaN,NaN,NaN,NaN,NaN
5,1,411,1,0.977948977459889,0.919228015973669,1.03093167701863,1.04572715061272,1.15312002301385
5,1,412,1,1.0670727359145,1.09942402229578,1.12269095706869,1.12856088768975,1.08000204488756
5,1,413,1,1.43943717719106,1.41662095615965,1.41881422112609,1.39698185147287,1.38280204843355
5,1,414,1,2.33188028718915,2.23952352100133,2.29578392739907,2.26592796371311,2.29573496074931
5,1,415,1,3.90011367562697,3.90792493733367,3.96766010070772,4.0096048140517,3.92320608011586
5,1,416,1,2.64003266588423,2.36408406825153,4.08686473564931,3.79391784957756,3.65842298730936
5,1,417,1,NaN,NaN,NaN,NaN,NaN
5,1,418,1,NaN,NaN,NaN,NaN,NaN
5,1,419,1,NaN,NaN,NaN,NaN,NaN
5,1,420,1,NaN,NaN,NaN,NaN,NaN
5,1,421,1,0.944822244367374,1.01985458919805,1.07752660503104,0.920106444304425,0.893656639048522
5,1,422,1,1.07128997987396,0.983623092110963,0.920148733910883,1.13200864390613,0.988381217951077
5,1,423,1,1.18240363610757,1.08976128301016,1.14124144334662,1.21775518559752,1.27387819459127
5,1,424,1,1.80707664410763,1.86592636090466,1.74626676824669,1.89630485853572,1.88819898672107
5,1,425,1,3.48098435113108,3.39314598336847,3.35116505230456,3.44782574630893,3.41079278510695
5,1,426,1,4.09054006720813,3.9367637448435,3.98888970643073,4.15248492065661,4.24966722986414
5,1,427,1,0,0,0,0,0
5,1,428,1,NaN,NaN,NaN,NaN,NaN
5,1,429,1,NaN,NaN,NaN,NaN,NaN
5,1,430,1,NaN,NaN,NaN,NaN,NaN
5,1,431,1,1.03000964016708,0.891689614826835,1.09234733649929,0.936781787931869,0.886342188282079
5,1,432,1,0.969013696429995,1.11727607853277,1.04167125383845,1.03507562202089,1.01744562590337
5,1,433,1,0.992985803710463,1.0102950260573,1.32150839069078,1.1426088031757,1.08654218764902
5,1,434,1,1.6183891456211,1.46292874554035,1.44379127310077,1.56442155467381,1.60132872216697
5,1,435,1,2.56263154773821,2.4471065847109,2.75718622763461,2.5889404601328,2.63660125594404
5,1,436,1,5.13505212362187,5.07020612297251,5.24254394283313,5.27192006594329,5.17259035022386
5,1,437,1,0,18.3735727440147,6.17770897832817,11.6159981370437,6.71808510638298
5,1,438,1,NaN,NaN,NaN,NaN,NaN
5,1,439,1,NaN,NaN,NaN,NaN,NaN
5,1,440,1,NaN,NaN,NaN,NaN,NaN
5,1,441,1,0.822762858314903,1.09427708346127,1.01049405551472,0.975372758080861,1.01310126410229
5,1,442,1,1.01867512534776,0.990367239627164,0.952840788344129,1.13100015681438,1.05449902589978
5,1,443,1,1.08815273344423,1.06225344042341,1.18029309180918,1.1397366417515,1.15549139913241
5,1,444,1,1.24233698702816,1.3339696729912,1.16972378903755,1.31103558232983,1.40531684408508
5,1,445,1,1.86886086898861,2.00795254239859,1.82978718894415,2.02149097034512,2.12007834408603
5,1,446,1,3.83217006531648,4.08495977237677,3.88025703980873,3.95899195425214,3.87343796726453
5,1,447,1,5.39033890338903,5.2443866610804,5.30618774557583,5.30838182855216,5.42434877242272
5,1,448,1,NaN,NaN,NaN,NaN,NaN
5,1,449,1,NaN,NaN,NaN,NaN,NaN
5,1,450,1,NaN,NaN,NaN,NaN,NaN
5,1,451,1,0.808483555186861,1.17524803471036,0.939097532755871,1.0245044987692,1.02181497486551
5,1,452,1,0.922409659277483,0.999872825772713,1.30947130041392,0.901041937726606,0.929093995520894
5,1,453,1,0.867898545506912,1.00840705783596,1.06935483870968,0.975765227727481,0.799836074050101
5,1,454,1,1.12810875950893,1.15372093849351,1.28895665435946,1.08023198579904,1.4357614364025
5,1,455,1,1.54042150156878,1.46918857050478,1.33773560893761,1.46347346657478,1.92363740398962
5,1,456,1,3.00665713207027,2.71924492081267,2.89090978312944,2.90225257398054,2.77228705759132
5,1,457,1,6.09636985406279,6.02593038432645,6.18854390673429,6.20415818224299,6.16859118143462
5,1,458,1,0,0,0,0,0
5,1,459,1,NaN,NaN,NaN,NaN,NaN
5,1,460,1,NaN,NaN,NaN,NaN,NaN
5,1,461,1,0.937342979693887,0.928182079824901,0.734202086162559,0.89540307984814,1.06754314459326
5,1,462,1,1.20645554593342,1.01630255365658,1.37267375702241,0.762431794766445,1.10423122332748
5,1,463,1,1.33646694063793,0.728443992899329,0.561896088764489,0.952483095340238,0.798746287166133
5,1,464,1,0.982269831836005,1.33720146221103,1.1487289123001,1.07473604723004,0.808405643049318
5,1,465,1,1.58529519253131,1.035058439563,1.17239925503285,1.52685393121293,1.05235554118154
5,1,466,1,1.75270427861013,1.89888464421841,1.5065018300924,1.83794162188041,1.96861055645957
5,1,467,1,4.71284274750304,3.98592235828654,4.08433718190521,4.54332455603646,4.55693383067174
5,1,468,1,7.08693233803202,7.12878629425787,6.9979326091757,6.98667930402453,6.84357126032611
5,1,469,1,NaN,NaN,NaN,NaN,NaN
5,1,470,1,NaN,NaN,NaN,NaN,NaN
5,1,471,1,1.7098007716939,1.24906293776897,0.516246759654468,0,1.56750649800728
5,1,472,1,0.201060797233516,1.74417641182347,1.21832932015321,0.89932239722419,1.61152684249526
5,1,473,1,1.00272075066372,1.57904291120327,0.195539376548279,1.34659621218014,1.30695320300718
5,1,474,1,0.561107802263252,1.18142578253264,1.08170821074276,0.753541383989145,0.91014874445107
5,1,475,1,1.18347937465585,0.767176295578558,0.893128075080738,1.27456733125274,0.705069543347171
5,1,476,1,2.04773485391226,0.669514017728303,1.66949979924346,1.59863012035024,1.7128851428457
5,1,477,1,3.09421638724523,2.44534076470842,3.72103308218238,3.04674364789341,3.01589698028001
5,1,478,1,7.6601014982401,7.54772633025583,7.33201430506382,7.00679202059336,7.26864320412777
5,1,479,1,46.5662004662005,0,0,0,0
5,1,480,1,NaN,NaN,NaN,NaN,NaN
5,1,481,1,0,0,0,0,0
5,1,482,1,2.55253222570493,3.89229024943311,0,0,0
5,1,483,1,0,3.2012073513328,0,0,1.08462661842277
5,1,484,1,1.25517415287628,1.17280830431888,0,1.13215488215488,1.16171802054155
5,1,485,1,0.998770401300865,2.80356949956555,0.999628290134619,1.09712446328275,2.10910593745695
5,1,486,1,0,0,0,2.98435859752257,0
5,1,487,1,1.21078762846404,3.82214459684656,2.47306095152184,2.21553951780831,1.25498700962519
5,1,488,1,4.04779144065647,4.95860066100311,6.31538214475423,5.36985074626866,3.48640711911334
5,1,489,1,9.95470891146142,9.99800754277104,10.0233206970595,9.90908338786334,10.0223828596653
5,1,490,1,NaN,NaN,NaN,NaN,NaN
5,1,491,1,0,0,0,0,0
5,1,492,1,0,10.3321428571429,0,9.81965761511216,0
5,1,493,1,0,0,0,0,0
5,1,494,1,0,10.7181744966443,0,0,0
5,1,495,1,0,0,10.9385753424658,0,0
5,1,496,1,0,10.6450167973124,8.72364510489511,0,0
5,1,497,1,0,6.82459560206559,6.33395759268664,0,7.51861060880048
5,1,498,1,5.97130877508236,0,0,0,16.7184946146431
5,1,499,1,12.9503917278374,12.5013504024199,16.0491502855396,12.3961173209742,9.63825757575758
5,1,500,1,7.69112731096177,7.00492759213355,5.8068097947949,7.33245215208139,6.49727635924048
5,1,501,1,1.06244510088804,1.02379944552345,1.0693140099009,0.984725799480793,1.00909385418625
5,1,502,1,1.12871993919228,1.18276738612392,1.11783264188897,1.23026919452054,1.10168828259694
5,1,503,1,1.61832461402273,1.5667831881257,1.5962424793437,1.52225328898889,1.51815086600219
5,1,504,1,2.5123564724194,2.44777023807312,2.63905346327367,2.50564664156249,2.47630589961384
5,1,505,1,3.5413431604813,3.42272806935867,3.40696798003593,3.50085945624887,3.35325002165276
5,1,506,1,1.83289345806446,3.22847682119205,1.31480158730159,2.45022624434389,0
5,1,507,1,0,NaN,0,NaN,NaN
5,1,508,1,NaN,NaN,NaN,NaN,NaN
5,1,509,1,NaN,NaN,NaN,NaN,NaN
5,1,510,1,NaN,NaN,NaN,NaN,NaN
5,1,511,1,0.982940709823394,1.01341933208639,0.963636686456013,0.99351230746303,1.00832998075937
5,1,512,1,1.09269071047089,1.16007712241005,1.06356328646431,1.08423641738742,1.03795652103588
5,1,513,1,1.30532361638072,1.3813465237877,1.31460860030213,1.31830693611164,1.26151223187133
5,1,514,1,2.04056584065632,2.0568039459669,2.08300889006979,2.09013273591722,2.0185264847287
5,1,515,1,3.86936346708751,3.84964918454761,3.83331132321839,3.80233507722531,3.78738569356754
5,1,516,1,3.01611863984037,3.11110425493527,3.63519798747337,3.43160464500015,3.58218516148622
5,1,517,1,NaN,NaN,NaN,0,0
5,1,518,1,NaN,NaN,NaN,NaN,NaN
5,1,519,1,NaN,NaN,NaN,NaN,NaN
5,1,520,1,NaN,NaN,NaN,NaN,NaN
5,1,521,1,0.961246824713526,0.950681830697308,1.03688098866757,0.968162774550238,0.974588534361406
5,1,522,1,1.00337710989702,1.05562871419256,1.01564348560434,0.989481584304887,1.02322491419925
5,1,523,1,1.13536621254429,1.04597630194231,1.12353060232344,1.18124279831431,1.16285776376934
5,1,524,1,1.62516095076725,1.66901750452795,1.65995176748364,1.75856364883632,1.50749827654595
5,1,525,1,3.02825069672322,3.0679068705786,3.09908606816265,3.0893816740564,3.05515608781556
5,1,526,1,5.18862672244912,5.09829668763221,5.15516576486311,4.97738092805422,4.94054969096602
5,1,527,1,0,0,0,0,0
5,1,528,1,NaN,NaN,NaN,NaN,NaN
5,1,529,1,NaN,NaN,NaN,NaN,NaN
5,1,530,1,NaN,NaN,NaN,NaN,NaN
5,1,531,1,0.981266637474796,1.05036644062812,1.11611653747969,0.949372884423437,0.884830655117036
5,1,532,1,1.07558284561638,0.905136249023072,1.14173909844521,0.962031579443241,1.16454654518262
5,1,533,1,1.08522378382747,1.25974987889573,1.22517117976001,1.03018240614115,0.930185355141361
5,1,534,1,1.52479324742281,1.2816276047874,1.40453343598791,1.49425037195728,1.52971657300911
5,1,535,1,2.25987030902873,2.27207775434213,2.16581930643728,2.10813357100192,2.25841944491134
5,1,536,1,4.54235123914027,4.56918302510138,4.68218664985782,4.66946424067522,4.50765202923247
5,1,537,1,11.2556825069705,11.1594803903254,8.04914846632199,6.93129420718059,11.4473587813792
5,1,538,1,NaN,NaN,NaN,NaN,NaN
5,1,539,1,NaN,NaN,NaN,NaN,NaN
5,1,540,1,NaN,NaN,NaN,NaN,NaN
5,1,541,1,0.942352563107148,0.874529612990157,0.892326200035707,0.957785924662655,1.14663127764525
5,1,542,1,0.85752277743165,0.962867153366955,0.902039698069927,1.14447778481369,0.884303459808242
5,1,543,1,1.08431859723639,1.27224221263562,1.1493584608722,0.926495287128091,1.23335316499413
5,1,544,1,1.33780109549502,1.29987468908194,1.21625592948957,1.16001789671245,1.19442784307649
5,1,545,1,1.78917001758419,1.73782356928258,1.35579912173533,1.53473269225502,1.92600243339295
5,1,546,1,3.31604455561597,3.32080353550599,3.29787521316605,3.33904758395876,3.33143683407342
5,1,547,1,6.77560525209883,6.89991056154392,7.0400473559728,6.97406713378416,6.92361326202821
5,1,548,1,NaN,NaN,NaN,0,NaN
5,1,549,1,NaN,NaN,NaN,NaN,NaN
5,1,550,1,NaN,NaN,NaN,NaN,NaN
5,1,551,1,1.1977035218201,1.01329025703034,0.969841541167224,1.10313838835714,0.658060992892162
5,1,552,1,1.15729052253312,1.0535257765163,1.03986627798997,0.892349400656017,0.968809985355551
5,1,553,1,1.05930192158213,1.04266570499754,1.15098120886024,1.13688407037973,1.19617238529437
5,1,554,1,0.914323344280241,1.07690630712213,1.02656006959585,0.978459166630979,1.0481242114759
5,1,555,1,1.42747207312576,1.35908622106523,1.31689951995058,1.5809201362053,1.42110515479216
5,1,556,1,2.39650326522118,2.45319421880109,2.29779339739556,2.3354459022049,2.51887254664707
5,1,557,1,5.4379961925493,5.41613942156507,5.19027987225536,5.11215928877666,5.24536425181449
5,1,558,1,3.63525241636367,8.84800128088808,9.30286708186052,6.91607093967694,6.05378273963435
5,1,559,1,NaN,NaN,NaN,NaN,NaN
5,1,560,1,NaN,NaN,NaN,NaN,NaN
5,1,561,1,0.67042375896229,1.07261376704452,1.01181370100444,1.15303436290354,0.958286344581889
5,1,562,1,1.31046413684049,0.774540438997015,0.900959935621084,1.30719211428419,0.859935822968459
5,1,563,1,1.03980623750439,0.733504636571019,1.55032283889382,0.606886128325916,1.02454793730674
5,1,564,1,0.921643669783029,0.817577755120483,0.862652739398175,1.18885786274261,1.11393463844024
5,1,565,1,1.16585342376496,1.4778694721454,1.18066614185035,1.0523788587909,1.07955901197472
5,1,566,1,2.015625,1.70595779286299,1.8738131503732,1.88334799865629,1.81867229298244
5,1,567,1,3.56323054164159,3.65746578082024,3.95373579414857,3.46524116655649,3.60463936186305
5,1,568,1,8.08093956416722,8.01720346021177,8.19177818509012,8.07276830513656,8.04975672389759
5,1,569,1,NaN,NaN,NaN,NaN,NaN
5,1,570,1,NaN,NaN,NaN,NaN,NaN
5,1,571,1,0.641266252486055,1.05183315621679,1.60249072103175,0.208068357884513,0.410111212982963
5,1,572,1,0.83480516194332,0.573357507007725,1.27200411231768,0.649901523109244,0.605839900168461
5,1,573,1,0.819447549494498,1.29939290519476,1.97222803295182,1.07495108695652,1.31565502309935
5,1,574,1,0.9279423546342,0.581382434862321,0.931551111353872,1.18892576692281,1.20230374571313
5,1,575,1,0.486931176748291,0.778289085545723,0.532607524854856,0.774943732992464,2.14571346947336
5,1,576,1,1.93612997422857,1.22509409238528,0.432789794219451,1.58367003367003,2.05506839340511
5,1,577,1,2.4804748555467,2.40254596404615,1.70234634551495,3.12345032303126,2.55763322292566
5,1,578,1,6.21068661677349,6.33540863201401,6.11051768682109,5.7440245533199,6.62080718029566
5,1,579,1,9.05504525263287,9.18227963583808,10.2683224298797,10.6699330393598,10.2783597441258
5,1,580,1,NaN,NaN,NaN,NaN,NaN
5,1,581,1,0,1.10200692041522,0,0,0
5,1,582,1,0,1.35279891304348,1.27634615384615,0,0
5,1,583,1,0,1.24272517321016,0,1.21645566526542,2.51042743664103
5,1,584,1,0,2.29825898217419,0,1.24421322334708,0
5,1,585,1,3.50320866280298,1.17616093583836,0,2.44747679636118,0
5,1,586,1,0.953144160024525,1.83890496039631,1.80138164566131,0.869254800865139,0.97056485243407
5,1,587,1,2.71212937637694,3.17099784637473,0.677805695427907,2.14404476936016,2.69803799164713
5,1,588,1,3.70140911833147,4.70909454305054,1.947337911791,3.70407639068343,2.61835640321217
5,1,589,1,9.93623716506083,10.7295851914446,11.4278283016369,10.2308353691557,10.5967705207789
5,1,590,1,NaN,NaN,NaN,NaN,NaN
5,1,591,1,10.0588561350466,0,0,0,0
5,1,592,1,0,0,0,10.638209432454,0
5,1,593,1,0,0,0,0,0
5,1,594,1,9.51021963885845,0,0,0,0
5,1,595,1,0,0,0,0,11.8449626201495
5,1,596,1,0,0,0,0,0
5,1,597,1,0,0,0,0,0
5,1,598,1,5.38285128426505,4.38884488448845,0,0,0
5,1,599,1,12.1140787411161,6.33165573271139,5.01453927873082,10.0046252771396,8.31789297658863
5,1,600,1,9.42015862218242,9.44290590663605,9.5785880088343,9.49020796599495,9.55967404482522
5,1,601,1,1.02308213678784,1.0604298834435,1.0041010103063,1.00790951076016,1.08833747688569
5,1,602,1,1.13021044730656,1.12417884176791,1.19187511308037,1.20352046119159,1.09208754166817
5,1,603,1,1.40523259067689,1.39275443445381,1.4453275941657,1.38573697064643,1.39435263175422
5,1,604,1,2.34055818495647,2.25369260516844,2.23282692270269,2.2743271124837,2.24209586906617
5,1,605,1,3.60005416992919,3.60362784292791,3.60386883971139,3.66443834076633,3.49438945308868
5,1,606,1,2.04097523044051,1.32089051156154,4.55701352119896,4.66884530920005,3.57076561937432
5,1,607,1,NaN,NaN,NaN,NaN,NaN
5,1,608,1,NaN,NaN,NaN,NaN,NaN
5,1,609,1,NaN,NaN,NaN,NaN,NaN
5,1,610,1,NaN,NaN,NaN,NaN,NaN
5,1,611,1,1.0316571866309,1.16667463771709,0.965489802220494,1.04943423700614,1.02858088676706
5,1,612,1,0.94298959601682,1.06214429344091,0.954295052758254,1.09705571452141,1.07941236156082
5,1,613,1,1.22915602275052,1.28517795047947,1.25203165488036,1.25817678227913,1.22552999415036
5,1,614,1,1.8331051015519,1.83738349729119,1.82042094560244,1.881311078421,1.88165548658405
5,1,615,1,3.4899078695736,3.46206743973714,3.51191603547894,3.43371954479279,3.50469199998257
5,1,616,1,4.62913133371357,4.48606473221273,4.27262355320628,4.52038767860622,4.60781404011623
5,1,617,1,0,0,0,0,0
5,1,618,1,NaN,NaN,NaN,NaN,NaN
5,1,619,1,NaN,NaN,NaN,NaN,NaN
5,1,620,1,NaN,NaN,NaN,NaN,NaN
5,1,621,1,0.996461340816347,0.993733059158771,1.03462027663291,1.02392513525885,1.00527054980946
5,1,622,1,0.976486093780615,0.989921953079055,0.943930795952774,0.950193797355032,1.06923385543548
5,1,623,1,1.15143487808357,1.14061151861615,1.07293348522576,1.30179314550738,1.1173684232591
5,1,624,1,1.58930030706711,1.5854414909123,1.5383229011513,1.55168431800943,1.5320817234475
5,1,625,1,2.78088180661129,2.69354576533363,2.75612015428248,2.66630082099474,2.70882580238711
5,1,626,1,5.23381265079891,5.31029017138275,5.40016243498144,5.16532649466459,5.24805751546435
5,1,627,1,24.6689723320158,0,0,0,0
5,1,628,1,NaN,NaN,NaN,NaN,NaN
5,1,629,1,NaN,NaN,NaN,NaN,NaN
5,1,630,1,NaN,NaN,NaN,NaN,NaN
5,1,631,1,0.935778321352665,0.953197137296619,0.90729001868067,0.93819753955165,1.04339194571423
5,1,632,1,1.08153428005337,1.07959066177673,1.1526982885457,1.00853116030748,0.951952043258538
5,1,633,1,1.04759853641138,0.994464590481319,1.15877616229981,1.10056848752697,1.10543803864486
5,1,634,1,1.26108006658309,1.25077856580259,1.24933388351711,1.21837855686229,1.20694525988975
5,1,635,1,2.09778504681319,2.14968739253538,2.0763493151753,1.9409604038317,2.13712016221422
5,1,636,1,4.0874310948846,4.14997652735809,4.1163312834417,4.13264288824502,3.98996872681552
5,1,637,1,7.59408276781221,7.01843833698691,7.10202711103354,7.25707611552992,8.01700260473348
5,1,638,1,NaN,NaN,NaN,NaN,NaN
5,1,639,1,NaN,NaN,NaN,NaN,NaN
5,1,640,1,NaN,NaN,NaN,NaN,NaN
5,1,641,1,1.01807635841965,1.09384040959599,0.941793435053816,1.02826410132864,1.09911746491521
5,1,642,1,0.968503931088187,1.1598672975555,0.985027161615736,0.963397078566762,0.97395663986158
5,1,643,1,0.967389985253028,0.919791500712721,0.978168359739263,0.943008493533489,0.996287474867578
5,1,644,1,1.20792697430666,1.1996056757194,1.03357230192472,1.27287205795198,0.998154482740595
5,1,645,1,1.57871633551452,1.57819945844275,1.65956700278827,1.59567668429693,1.64068775756773
5,1,646,1,2.83725094777423,2.73643412549693,2.88348413893251,2.89170885874408,2.885688389863
5,1,647,1,6.51771274587054,6.62413381149325,6.44301210320444,6.49157611567689,6.39805280156172
5,1,648,1,0,0,0,0,0
5,1,649,1,NaN,NaN,NaN,NaN,NaN
5,1,650,1,NaN,NaN,NaN,NaN,NaN
5,1,651,1,1.04607138598944,0.970380410706564,1.29909669074996,0.897000764623423,0.97727877938178
5,1,652,1,0.737032193940147,0.805346490843592,0.767953347382232,1.12019394754903,0.725459309163723
5,1,653,1,1.2548103736754,1.0488584428543,0.964820615879521,1.43229835060414,1.12372323278084
5,1,654,1,0.937160547909409,1.06034467729134,1.23972538935375,0.853510902250894,1.25694821946837
5,1,655,1,1.33927928380945,1.25513903264091,1.06059479618399,1.23783889015637,1.40621454788121
5,1,656,1,2.19439556497464,1.97472983231196,2.0618036667645,2.26863921031009,1.87417502228259
5,1,657,1,4.47499853798767,4.62596345493663,4.25425128460627,4.40582268760259,4.68800367419301
5,1,658,1,9.17830643360141,8.53213116142884,9.7660542933519,9.42329291153296,8.72626241563448
5,1,659,1,NaN,NaN,NaN,NaN,NaN
5,1,660,1,NaN,NaN,NaN,NaN,NaN
5,1,661,1,0.973342182936352,0.97492993326379,0.819683677775168,0.571901554246093,0.961258656035858
5,1,662,1,0.746508510022767,1.06492778524445,1.31707724907385,0.980217319657536,0.881704444627328
5,1,663,1,0.882428463312671,0.865413915693245,0.918575982535123,1.1989125606789,0.919784915938762
5,1,664,1,0.977517208992917,0.957039080780917,1.48992468283716,0.932810668046138,0.704086123892634
5,1,665,1,1.521557034055,0.579261516324933,1.23629690608493,1.03821653751259,1.03192287918077
5,1,666,1,1.60333432776531,1.55828729014788,1.51091247019473,1.33855531383576,1.697658453488
5,1,667,1,3.53443836202942,3.30063426917657,3.32098188812605,3.28487029208535,2.81349942485385
5,1,668,1,7.26843360090445,7.43809699476899,7.24910151929161,7.22916983458149,7.49457760067882
5,1,669,1,0,0,0,0,NaN
5,1,670,1,NaN,NaN,NaN,NaN,NaN
5,1,671,1,0.865607887286996,0.989488905400149,1.4500603334509,1.33041649495619,1.42734207104871
5,1,672,1,1.2589516262386,0.434684289101607,0.784537374025706,0.993522741192796,0.591919894873487
5,1,673,1,0.41160342488186,0.394608175473579,1.58427985005174,1.43719885688798,0.797210825573877
5,1,674,1,0.756253344545524,1.12912593562109,1.21568017231319,0.199505842290908,2.00299584528888
5,1,675,1,0.904873567929676,0.907664677033317,0.55138918310236,0.579953652322073,0.176191545200413
5,1,676,1,2.0520927840321,1.90965389978649,1.76266594499429,0.930812070975262,1.01878094059406
5,1,677,1,1.72055998043736,1.96315919515723,2.44473557797284,1.88818608877519,1.86230222004814
5,1,678,1,5.32674801488511,5.03674670433145,5.13877187091096,5.6415039391282,5.4470017966416
5,1,679,1,9.31573367797564,9.34016708529874,9.30648862634165,9.34444252516422,9.23517434503636
5,1,680,1,NaN,NaN,NaN,NaN,NaN
5,1,681,1,1.30921619293712,3.37198258581455,1.02727967212776,2.4358066154025,0
5,1,682,1,0,0.9836826495304,0,0,0
5,1,683,1,1.15143417376668,3.55303972253125,1.26020608377533,1.38828122276831,1.29822982885086
5,1,684,1,1.02613560195927,2.15071586795613,0,0,0
5,1,685,1,2.90912634984991,0,0,0,1.16063037115638
5,1,686,1,2.22505030181087,0,0.910807148612027,2.7200778359066,0
5,1,687,1,1.46216911764706,1.48194351292943,2.21546345811052,0.720080247114761,2.34710519483585
5,1,688,1,4.07719580079949,4.09179735813585,2.9465540316039,5.18332706216815,2.60130157124932
5,1,689,1,11.4219403282942,10.6434511735729,10.0776964045084,10.2603425880565,8.90032683153676
5,1,690,1,0,0,0,0,0
5,1,691,1,0,0,0,0,0
5,1,692,1,0,0,0,0,0
5,1,693,1,0,8.69627919135587,0,0,0
5,1,694,1,0,0,0,10.158727735369,0
5,1,695,1,16.2046847724597,0,0,0,0
5,1,696,1,0,0,0,0,9.76203051643193
5,1,697,1,0,0,9.76241013351592,0,0
5,1,698,1,0,4.84855997083485,0,5.01205908953874,4.16439442971376
5,1,699,1,4.10779608339293,4.80972119377998,6.42814037918516,7.46305289506423,4.18693933617403
5,1,700,1,15.1543018036404,15.1303897891843,14.7295658038718,14.8931051542809,14.9598727995568
