5,1,1,1,10147,10.8559180053218,3.31319601852764,2.67458362077461,0.339543607174581
5,1,2,1,8814,15.524279555253,3.91751758565918,3.3377581120944,0.407500084133107
5,1,3,1,2293,81.5765372873964,4.66855647623201,4.5202791103358,0.659189844291295
5,1,4,1,1,199901,5,5,0.994150104301629
5,1,5,1,1,199901,5,5,0.999992996533284
5,1,6,1,1,199901,5,5,1
5,1,7,1,1,199901,5,5,1
5,1,8,1,1,199901,5,5,1
5,1,9,1,1,199901,5,5,1
5,1,10,1,1,199901,5,5,1
5,1,11,1,10890,7.63875114784206,2.98383838383838,2.38512396694215,0.314790907493894
5,1,12,1,11095,9.47426768814781,3.47408742676881,2.81514195583596,0.356781358435122
5,1,13,1,6997,22.0791767900529,4.28526511362012,3.88838073460054,0.49412704935868
5,1,14,1,55,3629.72727272727,4.85454545454545,4.81818181818182,0.928300045211596
5,1,15,1,1,199901,5,5,0.999979990095097
5,1,16,1,1,199901,5,5,1
5,1,17,1,1,199901,5,5,1
5,1,18,1,1,199901,5,5,1
5,1,19,1,1,199901,5,5,1
5,1,20,1,1,199901,5,5,1
5,1,21,1,10369,5.71511235413251,2.72263477673835,2.14225094030283,0.297592700344978
5,1,22,1,11721,6.51036600972613,3.06808292807781,2.40900947018173,0.322138684019697
5,1,23,1,11217,10.0630293304805,3.78630649906392,3.13568690380672,0.395029382414986
5,1,24,1,1482,129.565452091768,4.61943319838057,4.50134952766532,0.735043094548746
5,1,25,1,1,199901,5,5,0.999674839045327
5,1,26,1,1,199901,5,5,1
5,1,27,1,1,199901,5,5,1
5,1,28,1,1,199901,5,5,1
5,1,29,1,1,199901,5,5,1
5,1,30,1,1,199901,5,5,1
5,1,31,1,8998,4.47855078906424,2.50933540786842,1.96076905979106,0.284174541874047
5,1,32,1,10332,4.78774680603949,2.73403019744483,2.12843592721641,0.300339559524544
5,1,33,1,12266,5.97464536116093,3.22908853742051,2.51614218164031,0.337523803342865
5,1,34,1,7875,18.6806349206349,4.24114285714286,3.80647619047619,0.501146821357196
5,1,35,1,3,66625.3333333333,5,5,0.994835149595624
5,1,36,1,1,199901,5,5,1
5,1,37,1,1,199901,5,5,1
5,1,38,1,1,199901,5,5,1
5,1,39,1,1,199901,5,5,1
5,1,40,1,1,199901,5,5,1
5,1,41,1,6524,3.55548743102391,2.33338442673207,1.78801348865727,0.274168973781175
5,1,42,1,7844,3.6984956654768,2.46621621621622,1.90642529321775,0.285601413396225
5,1,43,1,10060,4.1772365805169,2.79761431411531,2.13707753479125,0.306969800216678
5,1,44,1,12135,6.85504738360115,3.61252575195715,2.8356819118253,0.37317602986258
5,1,45,1,582,338.493127147766,4.65979381443299,4.56185567010309,0.816343202370624
5,1,46,1,1,199901,5,5,0.999992996533284
5,1,47,1,1,199901,5,5,1
5,1,48,1,1,199901,5,5,1
5,1,49,1,1,199901,5,5,1
5,1,50,1,1,199901,5,5,1
5,1,51,1,3844,2.90114464099896,2.20837669094693,1.66727367325702,0.269632794797987
5,1,52,1,4682,2.97351559162751,2.28534814181974,1.74070909867578,0.276559470952893
5,1,53,1,6474,3.17778807537844,2.45844918134075,1.85480383070745,0.287623761266023
5,1,54,1,9652,3.93866556154165,2.92892664732698,2.17581848321591,0.314967110913219
5,1,55,1,9031,14.2103864466836,4.1174842210165,3.56693610895803,0.478003237283
5,1,56,1,1,199901,5,5,0.999292649861681
5,1,57,1,1,199901,5,5,1
5,1,58,1,1,199901,5,5,1
5,1,59,1,1,199901,5,5,1
5,1,60,1,1,199901,5,5,1
5,1,61,1,1746,2.43585337915235,2.12199312714777,1.53550973654066,0.265929744177167
5,1,62,1,2103,2.42463147883975,2.14122681883024,1.58630527817404,0.271993071122886
5,1,63,1,3008,2.56748670212766,2.22672872340426,1.66057180851064,0.276607934397163
5,1,64,1,5012,2.83818834796488,2.45889864325619,1.80347166799681,0.288852278341504
5,1,65,1,9641,4.40514469453376,3.26563634477751,2.38159941914739,0.337978447886331
5,1,66,1,390,507.282051282051,4.76410256410256,4.62307692307692,0.844698196786936
5,1,67,1,1,199901,5,5,0.999998999504755
5,1,68,1,1,199901,5,5,1
5,1,69,1,1,199901,5,5,1
5,1,70,1,1,199901,5,5,1
5,1,71,1,562,2.20284697508897,2.05516014234875,1.47330960854093,0.266939501779359
5,1,72,1,639,2.19561815336463,2.08137715179969,1.48982785602504,0.26777032565765
5,1,73,1,891,2.19753086419753,2.12121212121212,1.54545454545455,0.274339693228582
5,1,74,1,1602,2.27403245942572,2.21722846441948,1.61735330836454,0.278977171392902
5,1,75,1,3699,2.72776426061098,2.54176804541768,1.83644228169776,0.295278372013977
5,1,76,1,9671,7.59435425498914,3.79040430152001,3.00692792885948,0.402376150224311
5,1,77,1,1,199901,5,5,0.999678841026308
5,1,78,1,1,199901,5,5,1
5,1,79,1,1,199901,5,5,1
5,1,80,1,1,199901,5,5,1
5,1,81,1,103,1.96116504854369,2.02912621359223,1.39805825242718,0.263495145631068
5,1,82,1,141,1.92198581560284,2.01418439716312,1.49645390070922,0.277541371158392
5,1,83,1,189,1.9047619047619,2.03703703703704,1.52380952380952,0.279453262786596
5,1,84,1,299,1.96989966555184,2.08026755852843,1.52173913043478,0.280574932314063
5,1,85,1,773,2.10349288486417,2.17335058214748,1.61060802069858,0.28333210127518
5,1,86,1,3317,2.89990955682846,2.72384684956286,1.90835091950558,0.301476702542425
5,1,87,1,1887,99.6899841017488,4.52729199788023,4.28298887122417,0.704580451629436
5,1,88,1,1,199901,5,5,1
5,1,89,1,1,199901,5,5,1
5,1,90,1,1,199901,5,5,1
5,1,91,1,6,1.33333333333333,2,1.66666666666667,0.333333333333333
5,1,92,1,10,2,2,1.6,0.286666666666667
5,1,93,1,21,1.76190476190476,2,1.52380952380952,0.280952380952381
5,1,94,1,42,1.9047619047619,2.02380952380952,1.45238095238095,0.273809523809524
5,1,95,1,98,1.91836734693878,2.07142857142857,1.41836734693878,0.265816326530612
5,1,96,1,380,2.12894736842105,2.17631578947368,1.52631578947368,0.273557644110276
5,1,97,1,4332,3.86334256694367,3.16366574330563,2.23915050784857,0.328661584205326
5,1,98,1,1,199901,5,5,0.998564289323215
5,1,99,1,1,199901,5,5,1
5,1,100,1,1,199901,5,5,1
5,1,101,1,10233,9.87540310759308,3.1277240300987,2.5176390110427,0.324640283725354
5,1,102,1,10085,11.5214675260288,3.49558750619732,2.88368864650471,0.362296396660731
5,1,103,1,7254,20.8851668045216,4.19396195202647,3.79114971050455,0.475265731038863
5,1,104,1,402,492.300995024876,4.7089552238806,4.63930348258706,0.839739922199088
5,1,105,1,1,199901,5,5,0.999928964837595
5,1,106,1,1,199901,5,5,1
5,1,107,1,1,199901,5,5,1
5,1,108,1,1,199901,5,5,1
5,1,109,1,1,199901,5,5,1
5,1,110,1,1,199901,5,5,1
5,1,111,1,10625,7.17835294117647,2.81411764705882,2.25929411764706,0.303838697503825
5,1,112,1,11026,7.80355523308543,3.08897152185743,2.4892073281335,0.326765099336898
5,1,113,1,10887,10.3340681546799,3.65288876641866,3.05961238173969,0.385963610543685
5,1,114,1,3975,44.1833962264151,4.4714465408805,4.26842767295597,0.617147911397947
5,1,115,1,2,99950,5,5,0.999047296541416
5,1,116,1,1,199901,5,5,1
5,1,117,1,1,199901,5,5,1
5,1,118,1,1,199901,5,5,1
5,1,119,1,1,199901,5,5,1
5,1,120,1,1,199901,5,5,1
5,1,121,1,9801,5.5593306805428,2.59840832568105,2.05448423630242,0.289000020257774
5,1,122,1,10608,5.85312971342383,2.77978883861237,2.20965309200603,0.304479815490277
5,1,123,1,11789,6.70056832640597,3.17541776232081,2.54389685299856,0.338339249522086
5,1,124,1,9997,12.3185955786736,3.9813944183255,3.45503651095329,0.442549701107728
5,1,125,1,122,1633.54098360656,4.72950819672131,4.63934426229508,0.87815241302715
5,1,126,1,1,199901,5,5,0.999998999504755
5,1,127,1,1,199901,5,5,1
5,1,128,1,1,199901,5,5,1
5,1,129,1,1,199901,5,5,1
5,1,130,1,1,199901,5,5,1
5,1,131,1,8124,4.34022648941408,2.41678975873954,1.89007877892664,0.27857423784079
5,1,132,1,9131,4.43116854670901,2.51243018289344,1.98171065600701,0.287581183445395
5,1,133,1,10736,4.86661698956781,2.78958643815201,2.1881520119225,0.307324182354415
5,1,134,1,12081,6.38357751841735,3.37811439450377,2.70093535303369,0.358571295147856
5,1,135,1,4764,35.1404282115869,4.36083123425693,4.06423173803526,0.600418707602484
5,1,136,1,1,199901,5,5,0.99996298167593
5,1,137,1,1,199901,5,5,1
5,1,138,1,1,199901,5,5,1
5,1,139,1,1,199901,5,5,1
5,1,140,1,1,199901,5,5,1
5,1,141,1,6053,3.51214273913762,2.26862712704444,1.74525028911284,0.270191697815191
5,1,142,1,6672,3.59427458033573,2.34712230215827,1.79451438848921,0.274802639289521
5,1,143,1,7922,3.67546074223681,2.47563746528654,1.91504670537743,0.287698708028486
5,1,144,1,10232,4.18491008600469,2.83981626270524,2.18549648162627,0.313024668254123
5,1,145,1,11870,7.29823083403538,3.68070766638585,2.98239258635215,0.396869417938772
5,1,146,1,29,6885.58620689655,4.58620689655172,4.48275862068965,0.876010458642485
5,1,147,1,1,199901,5,5,1
5,1,148,1,1,199901,5,5,1
5,1,149,1,1,199901,5,5,1
5,1,150,1,1,199901,5,5,1
5,1,151,1,3586,2.82961517010597,2.1611823759063,1.62827663134412,0.26840953354757
5,1,152,1,3968,2.85030241935484,2.20564516129032,1.6648185483871,0.271163294450845
5,1,153,1,4689,2.9274898699083,2.28705480912775,1.74301556835146,0.278391849732221
5,1,154,1,6527,3.14217864256167,2.46254021755784,1.87406159031714,0.290220564295178
5,1,155,1,9710,3.9307929969104,2.96313079299691,2.22049433573635,0.321568065224013
5,1,156,1,7029,19.9698392374449,4.13472755726277,3.6793284962299,0.528028650314168
5,1,157,1,1,199901,5,5,0.99999799900951
5,1,158,1,1,199901,5,5,1
5,1,159,1,1,199901,5,5,1
5,1,160,1,1,199901,5,5,1
5,1,161,1,1536,2.45052083333333,2.10546875,1.54427083333333,0.26525462962963
5,1,162,1,1776,2.42004504504505,2.10923423423423,1.54166666666667,0.267963722651223
5,1,163,1,2093,2.45723841376015,2.14811275680841,1.62446249402771,0.274804905239688
5,1,164,1,2899,2.52880303552949,2.24594687823387,1.69713694377372,0.28215504226715
5,1,165,1,4792,2.78860601001669,2.46723706176962,1.85371452420701,0.295668350268726
5,1,166,1,9180,4.37832244008715,3.25915032679739,2.42483660130719,0.343550595288525
5,1,167,1,33,6051.81818181818,4.66666666666667,4.60606060606061,0.913126134959817
5,1,168,1,1,199901,5,5,1
5,1,169,1,1,199901,5,5,1
5,1,170,1,1,199901,5,5,1
5,1,171,1,475,2.19157894736842,2.04842105263158,1.45473684210526,0.263150877192982
5,1,172,1,552,2.14130434782609,2.05253623188406,1.48007246376812,0.267578502415459
5,1,173,1,677,2.12998522895126,2.07828655834564,1.47858197932053,0.267370753323486
5,1,174,1,913,2.19277108433735,2.11500547645126,1.53778751369113,0.270529390288426
5,1,175,1,1566,2.29501915708812,2.1992337164751,1.62068965517241,0.281183330292526
5,1,176,1,3616,2.6883296460177,2.54175884955752,1.83821902654867,0.297381610830173
5,1,177,1,8972,7.64433794025858,3.75468123049487,2.98751671868034,0.408305979226365
5,1,178,1,1,199901,5,5,0.999998999504755
5,1,179,1,1,199901,5,5,1
5,1,180,1,1,199901,5,5,1
5,1,181,1,90,1.91111111111111,2.02222222222222,1.37777777777778,0.264074074074074
5,1,182,1,99,2.03030303030303,2.01010101010101,1.28282828282828,0.244781144781145
5,1,183,1,137,2.01459854014599,2.02919708029197,1.40875912408759,0.262287104622871
5,1,184,1,182,2.03846153846154,2.04395604395604,1.46153846153846,0.26510989010989
5,1,185,1,301,1.92691029900332,2.03322259136213,1.54152823920266,0.279678848283499
5,1,186,1,739,2.16914749661705,2.18403247631935,1.62652232746955,0.285085379212578
5,1,187,1,2736,2.78691520467836,2.66264619883041,1.88925438596491,0.30428296382792
5,1,188,1,890,215.387640449438,4.38089887640449,4.09325842696629,0.727688193465823
5,1,189,1,1,199901,5,5,1
5,1,190,1,1,199901,5,5,1
5,1,191,1,17,1.94117647058824,2,1.23529411764706,0.241176470588235
5,1,192,1,9,2.22222222222222,2,1,0.2
5,1,193,1,13,1.84615384615385,2,1.38461538461538,0.258974358974359
5,1,194,1,16,1.875,2,1.5,0.289583333333333
5,1,195,1,32,1.75,2.03125,1.46875,0.278125
5,1,196,1,83,1.93975903614458,2.02409638554217,1.44578313253012,0.267469879518072
5,1,197,1,308,2.17857142857143,2.23701298701299,1.56493506493506,0.273177179962894
5,1,198,1,3143,3.52211263124403,3.04263442570792,2.16321985364302,0.324943680553566
5,1,199,1,1,199901,5,5,0.999990995542794
5,1,200,1,1,199901,5,5,1
5,1,201,1,10218,9.44656488549618,3.00724212174594,2.44088862791153,0.31785677431278
5,1,202,1,10318,10.4956386896685,3.30461329715061,2.70808296181431,0.345170184922259
5,1,203,1,9113,14.5356084714145,3.87084384944585,3.35202458026994,0.415811304479505
5,1,204,1,2435,76.1108829568789,4.57864476386037,4.45051334702259,0.679486422251308
5,1,205,1,1,199901,5,5,0.999169588946529
5,1,206,1,1,199901,5,5,1
5,1,207,1,1,199901,5,5,1
5,1,208,1,1,199901,5,5,1
5,1,209,1,1,199901,5,5,1
5,1,210,1,1,199901,5,5,1
5,1,211,1,10413,7.09055987707673,2.75242485354845,2.2058004417555,0.298936855114742
5,1,212,1,10870,7.5017479300828,2.9670653173873,2.38390064397424,0.317941953866798
5,1,213,1,11078,8.93338147680087,3.39483661310706,2.78200036107601,0.356950442873937
5,1,214,1,8365,16.9592349073521,4.14632396891811,3.72516437537358,0.479871747060021
5,1,215,1,79,2524.51898734177,4.83544303797468,4.81012658227848,0.928623072541983
5,1,216,1,1,199901,5,5,1
5,1,217,1,1,199901,5,5,1
5,1,218,1,1,199901,5,5,1
5,1,219,1,1,199901,5,5,1
5,1,220,1,1,199901,5,5,1
5,1,221,1,9602,5.48552384919808,2.5612372422412,2.02874401166424,0.2862174210182
5,1,222,1,10267,5.61994740430506,2.67634167721827,2.12720366221876,0.295762981821119
5,1,223,1,11256,6.13361762615494,2.93789978678038,2.35341151385928,0.318522902624545
5,1,224,1,11694,8.16794937574825,3.55994527107919,2.93860099196169,0.37976754174672
5,1,225,1,3519,50.3637396987781,4.41602728047741,4.20204603580563,0.646824364618608
5,1,226,1,1,199901,5,5,0.999974987618871
5,1,227,1,1,199901,5,5,1
5,1,228,1,1,199901,5,5,1
5,1,229,1,1,199901,5,5,1
5,1,230,1,1,199901,5,5,1
5,1,231,1,8092,4.34181908057341,2.39112703905091,1.8720958971824,0.27678258694691
5,1,232,1,8779,4.37737783346623,2.45950563845541,1.92880738125071,0.282302905139235
5,1,233,1,9773,4.54578941983014,2.61997339609127,2.06763532180497,0.296893936264908
5,1,234,1,11458,5.27622621748996,3.01780415430267,2.38270204224123,0.327216699024452
5,1,235,1,10884,9.75523704520397,3.86723631018008,3.30678059536935,0.433605358332393
5,1,236,1,25,7990.4,4.8,4.72,0.915983285938701
5,1,237,1,1,199901,5,5,1
5,1,238,1,1,199901,5,5,1
5,1,239,1,1,199901,5,5,1
5,1,240,1,1,199901,5,5,1
5,1,241,1,5812,3.44786648313833,2.25619408121129,1.72384721266345,0.268450097065892
5,1,242,1,6200,3.57387096774194,2.31935483870968,1.78241935483871,0.273267077635626
5,1,243,1,7196,3.55669816564758,2.39619232907171,1.86325736520289,0.283217282763559
5,1,244,1,8920,3.87511210762332,2.62343049327354,2.04002242152466,0.298937829387925
5,1,245,1,11500,4.87234782608696,3.17121739130435,2.4675652173913,0.341236419187991
5,1,246,1,5366,29.82463660082,4.25307491613865,3.90532985464033,0.586178134093821
5,1,247,1,1,199901,5,5,0.999998999504755
5,1,248,1,1,199901,5,5,1
5,1,249,1,1,199901,5,5,1
5,1,250,1,1,199901,5,5,1
5,1,251,1,3351,2.88361683079678,2.16681587585795,1.61414503133393,0.264063392590698
5,1,252,1,3679,2.87415058439793,2.19244359880402,1.64229410165806,0.268366299974074
5,1,253,1,4267,2.95922193578627,2.2502929458636,1.70189828919616,0.27357787968873
5,1,254,1,5355,2.99197012138189,2.34005602240896,1.78842203548086,0.282496839813367
5,1,255,1,7759,3.35674700347983,2.62546719938136,2.00347982987498,0.302200663983629
5,1,256,1,10926,5.49203734211971,3.46888156690463,2.69403258282995,0.368867821824724
5,1,257,1,8,24984.5,5,5,0.997679716140432
5,1,258,1,1,199901,5,5,1
5,1,259,1,1,199901,5,5,1
5,1,260,1,1,199901,5,5,1
5,1,261,1,1552,2.42912371134021,2.0985824742268,1.52448453608247,0.263514052528228
5,1,262,1,1640,2.37621951219512,2.09207317073171,1.54573170731707,0.267589430894309
5,1,263,1,1834,2.39749182115594,2.11395856052345,1.56434023991276,0.269508750064911
5,1,264,1,2370,2.46033755274262,2.18101265822785,1.63164556962025,0.276680429977898
5,1,265,1,3469,2.61718074373018,2.32257134620928,1.76304410492937,0.287614860876608
5,1,266,1,6366,3.1239396795476,2.71394910461828,2.00801131008483,0.308131231136651
5,1,267,1,9066,10.7470769909552,3.8898080741231,3.26362232517097,0.453914340339072
5,1,268,1,1,199901,5,5,1
5,1,269,1,1,199901,5,5,1
5,1,270,1,1,199901,5,5,1
5,1,271,1,464,2.14439655172414,2.05603448275862,1.44827586206897,0.264834770114942
5,1,272,1,523,2.19885277246654,2.06309751434034,1.47992351816444,0.266207775653282
5,1,273,1,614,2.05048859934853,2.06840390879479,1.50977198697068,0.275418023887079
5,1,274,1,732,2.13251366120219,2.06830601092896,1.47404371584699,0.267627504553734
5,1,275,1,1080,2.20833333333333,2.12314814814815,1.56481481481481,0.2764069664903
5,1,276,1,2078,2.39027911453321,2.27526467757459,1.67131857555342,0.282062537238187
5,1,277,1,5368,3.28166915052161,2.89865871833085,2.08289865871833,0.316343177830833
5,1,278,1,146,1362.30821917808,4.63013698630137,4.47260273972603,0.848993282158989
5,1,279,1,1,199901,5,5,1
5,1,280,1,1,199901,5,5,1
5,1,281,1,98,1.93877551020408,2.01020408163265,1.38775510204082,0.26156462585034
5,1,282,1,114,2.07894736842105,2.03508771929825,1.3859649122807,0.259941520467836
5,1,283,1,106,1.85849056603774,2.0188679245283,1.5,0.281761006289308
5,1,284,1,157,1.82802547770701,2.03821656050955,1.50955414012739,0.287473460721868
5,1,285,1,230,1.95652173913043,2.05217391304348,1.47826086956522,0.272275362318841
5,1,286,1,393,2.03562340966921,2.08905852417303,1.54961832061069,0.278727735368957
5,1,287,1,1121,2.27921498661909,2.28367528991971,1.65388046387154,0.284220296503972
5,1,288,1,5725,4.39545851528384,3.29362445414847,2.4164192139738,0.346753724205286
5,1,289,1,1,199901,5,5,1
5,1,290,1,1,199901,5,5,1
5,1,291,1,8,1.875,2,1.25,0.25
5,1,292,1,13,1.69230769230769,2,1.38461538461538,0.276923076923077
5,1,293,1,21,1.9047619047619,2.04761904761905,1.47619047619048,0.271428571428571
5,1,294,1,12,1.66666666666667,2,1.5,0.291666666666667
5,1,295,1,19,2.05263157894737,2,1.42105263157895,0.254385964912281
5,1,296,1,50,1.7,2.04,1.62,0.302666666666667
5,1,297,1,142,1.97183098591549,2.1056338028169,1.45070422535211,0.26631455399061
5,1,298,1,739,2.36129905277402,2.35453315290934,1.68876860622463,0.284977124814743
5,1,299,1,5588,19.2881173944166,4.04348604151754,3.49713672154617,0.510150402169408
5,1,300,1,1,199901,5,5,1
5,1,301,1,10109,9.36749431199921,2.95479275892769,2.38154120091008,0.311648205497972
5,1,302,1,10299,10.1124381007865,3.21934168365861,2.61656471502088,0.335351249571823
5,1,303,1,9742,12.6645452679121,3.70078012728393,3.1256415520427,0.389979688962236
5,1,304,1,5039,33.2552093669379,4.39353046239333,4.14526691803929,0.567811273093805
5,1,305,1,18,11101.6111111111,4.72222222222222,4.72222222222222,0.92330919949732
5,1,306,1,1,199901,5,5,1
5,1,307,1,1,199901,5,5,1
5,1,308,1,1,199901,5,5,1
5,1,309,1,1,199901,5,5,1
5,1,310,1,1,199901,5,5,1
5,1,311,1,10266,6.97516072472238,2.72160529904539,2.17592051431911,0.296411919503423
5,1,312,1,10761,7.26159278877428,2.86441780503671,2.29523278505715,0.308868360397159
5,1,313,1,11288,8.08548901488306,3.19108788093551,2.59576541459957,0.338582369743449
5,1,314,1,10159,12.033172556354,3.84880401614332,3.34206122649867,0.423627537281364
5,1,315,1,1033,187.717328170378,4.61955469506292,4.51500484027105,0.781723180330961
5,1,316,1,1,199901,5,5,0.999998999504755
5,1,317,1,1,199901,5,5,1
5,1,318,1,1,199901,5,5,1
5,1,319,1,1,199901,5,5,1
5,1,320,1,1,199901,5,5,1
5,1,321,1,9440,5.43707627118644,2.53898305084746,2.0166313559322,0.284998197392086
5,1,322,1,10035,5.52506228201295,2.60368709516692,2.08271051320379,0.292510112602367
5,1,323,1,10923,5.84189325276939,2.83044951020782,2.26302297903506,0.310690127450944
5,1,324,1,11930,7.00695725062867,3.28667225481978,2.66940486169321,0.352112982938515
5,1,325,1,8069,17.5336472921056,4.17015739248978,3.80009914487545,0.513154247132255
5,1,326,1,2,99950,5,5,0.999235841943885
5,1,327,1,1,199901,5,5,1
5,1,328,1,1,199901,5,5,1
5,1,329,1,1,199901,5,5,1
5,1,330,1,1,199901,5,5,1
5,1,331,1,7791,4.3092029264536,2.37941214221538,1.85200872801951,0.274771016644332
5,1,332,1,8206,4.37375091396539,2.43699731903485,1.91835242505484,0.279921715507033
5,1,333,1,9333,4.4883745848066,2.54976963462981,2.00375013393335,0.289491010363184
5,1,334,1,10827,4.89803269603768,2.83688925833564,2.22924171053847,0.313022234396703
5,1,335,1,12020,6.81888519134775,3.48477537437604,2.83269550748752,0.375546409602967
5,1,336,1,1260,152.251587301587,4.47936507936508,4.31746031746032,0.749265992558774
5,1,337,1,1,199901,5,5,1
5,1,338,1,1,199901,5,5,1
5,1,339,1,1,199901,5,5,1
5,1,340,1,1,199901,5,5,1
5,1,341,1,5666,3.51094246381927,2.2629721143664,1.719908224497,0.267723598909621
5,1,342,1,6080,3.50871710526316,2.290625,1.76529605263158,0.272759898565916
5,1,343,1,6801,3.54800764593442,2.36818114983091,1.83281870313189,0.279671031724406
5,1,344,1,8116,3.69233612617053,2.50887136520453,1.94553967471661,0.29090839702163
5,1,345,1,10528,4.29815729483283,2.91042933130699,2.24439589665654,0.319381531528082
5,1,346,1,10945,8.83289173138419,3.8023755139333,3.20685244403837,0.430506207929881
5,1,347,1,1,199901,5,5,0.999920960875633
5,1,348,1,1,199901,5,5,1
5,1,349,1,1,199901,5,5,1
5,1,350,1,1,199901,5,5,1
5,1,351,1,3313,2.88198007847872,2.15876848777543,1.59674011469967,0.263347306012564
5,1,352,1,3482,2.89833429063756,2.19012062033314,1.63325674899483,0.267181385530036
5,1,353,1,4100,2.88048780487805,2.21682926829268,1.66146341463415,0.270992417203393
5,1,354,1,4868,2.97124075595727,2.30032867707477,1.7481511914544,0.278146829546788
5,1,355,1,6705,3.1634601043997,2.49336316181954,1.89410887397465,0.293544343716603
5,1,356,1,9833,4.1062747889759,3.06396827011085,2.32573985558833,0.332897635924144
5,1,357,1,3346,51.6900777047221,4.28481769276748,3.95218170950389,0.635166639840477
5,1,358,1,1,199901,5,5,1
5,1,359,1,1,199901,5,5,1
5,1,360,1,1,199901,5,5,1
5,1,361,1,1434,2.47071129707113,2.09623430962343,1.52440725244073,0.263892707710699
5,1,362,1,1616,2.3960396039604,2.09467821782178,1.54331683168317,0.26938442951438
5,1,363,1,1662,2.44404332129964,2.12635379061372,1.54813477737665,0.266291616526273
5,1,364,1,2181,2.46905089408528,2.15497478221,1.60981201283815,0.272183140106111
5,1,365,1,2992,2.54679144385027,2.26002673796791,1.6918449197861,0.28109418767507
5,1,366,1,4923,2.83201300020313,2.4968515133049,1.85659150924233,0.295653300363843
5,1,367,1,9266,4.6538959637384,3.34783077919275,2.53680120872005,0.357687104864276
5,1,368,1,4,49972.25,4.5,4.5,0.89958308672988
5,1,369,1,1,199901,5,5,1
5,1,370,1,1,199901,5,5,1
5,1,371,1,461,2.1648590021692,2.04338394793926,1.43600867678959,0.260759219088937
5,1,372,1,480,2.19583333333333,2.0625,1.44791666666667,0.261652777777778
5,1,373,1,535,2.12523364485981,2.04859813084112,1.46728971962617,0.264242990654206
5,1,374,1,646,2.13931888544892,2.06191950464396,1.50928792569659,0.270753353973168
5,1,375,1,949,2.15068493150685,2.11485774499473,1.56585879873551,0.277442922374429
5,1,376,1,1563,2.25911708253359,2.21049264235445,1.65387076135637,0.285637205618012
5,1,377,1,3686,2.72870320130222,2.55046120455779,1.8418339663592,0.295766222609006
5,1,378,1,8231,9.82395820677925,3.82638804519499,3.15976187583526,0.440779578337802
5,1,379,1,1,199901,5,5,1
5,1,380,1,1,199901,5,5,1
5,1,381,1,92,2,2.01086956521739,1.3804347826087,0.260326086956522
5,1,382,1,110,2,2.01818181818182,1.36363636363636,0.253939393939394
5,1,383,1,107,1.96261682242991,2.03738317757009,1.36448598130841,0.254018691588785
5,1,384,1,113,2.00884955752212,2.02654867256637,1.36283185840708,0.257964601769911
5,1,385,1,160,2.025,2.05625,1.5,0.269479166666667
5,1,386,1,304,1.93092105263158,2.06578947368421,1.52302631578947,0.279791666666667
5,1,387,1,747,2.10441767068273,2.17804551539491,1.59036144578313,0.282697775227896
5,1,388,1,2805,2.80926916221034,2.68698752228164,1.91871657754011,0.304778535364884
5,1,389,1,69,2890.4347826087,4.28985507246377,4.08695652173913,0.781100315544597
5,1,390,1,1,199901,5,5,1
5,1,391,1,14,1.78571428571429,2,1.42857142857143,0.278571428571429
5,1,392,1,14,2.07142857142857,2,1.14285714285714,0.228571428571429
5,1,393,1,8,2,2,1.375,0.2625
5,1,394,1,22,1.81818181818182,2,1.27272727272727,0.254545454545455
5,1,395,1,21,1.80952380952381,2.04761904761905,1.47619047619048,0.285714285714286
5,1,396,1,25,1.8,2,1.52,0.28
5,1,397,1,60,1.53333333333333,2.01666666666667,1.61666666666667,0.31
5,1,398,1,352,2.07102272727273,2.17897727272727,1.55397727272727,0.279356060606061
5,1,399,1,3285,3.66788432267884,3.06666666666667,2.19147640791476,0.327715193236837
5,1,400,1,1,199901,5,5,1
5,1,401,1,10066,9.32495529505265,2.93721438505861,2.36399761573614,0.310762606702221
5,1,402,1,10286,9.78767256465098,3.11306630371379,2.52829088080887,0.327720458331293
5,1,403,1,10105,11.4780801583375,3.51657595249876,2.93142008906482,0.368780610432878
5,1,404,1,6899,22.3017828670822,4.21278446151616,3.8680968256269,0.499916569138696
5,1,405,1,114,1747.92105263158,4.7280701754386,4.64035087719298,0.89169447874982
5,1,406,1,1,199901,5,5,0.999996998514264
5,1,407,1,1,199901,5,5,1
5,1,408,1,1,199901,5,5,1
5,1,409,1,1,199901,5,5,1
5,1,410,1,1,199901,5,5,1
5,1,411,1,10165,6.91047712739793,2.69286768322676,2.15996064928677,0.294521337514941
5,1,412,1,10657,7.19649056957868,2.8293140658722,2.28019142347753,0.30591259328621
5,1,413,1,11097,7.72776426061098,3.08200414526449,2.50283860502839,0.329697144077617
5,1,414,1,10775,10.3099767981439,3.67990719257541,3.10394431554524,0.394341876053354
5,1,415,1,3575,49.3323076923077,4.45846153846154,4.2620979020979,0.646260072937522
5,1,416,1,1,199901,5,5,0.999926963847104
5,1,417,1,1,199901,5,5,1
5,1,418,1,1,199901,5,5,1
5,1,419,1,1,199901,5,5,1
5,1,420,1,1,199901,5,5,1
5,1,421,1,9428,5.43423843869325,2.51686465846415,1.9928935086975,0.283126878455636
5,1,422,1,9898,5.51889270559709,2.60800161648818,2.0597090321277,0.289061333768259
5,1,423,1,10748,5.77651656122069,2.76293263863044,2.19696687755862,0.303384026673146
5,1,424,1,11854,6.53112873291716,3.13818120465666,2.52868230133288,0.337756024682991
5,1,425,1,10427,11.2183753716313,3.91215114606311,3.41603529298935,0.44363511284128
5,1,426,1,69,2892.34782608696,4.7536231884058,4.73913043478261,0.923580473834903
5,1,427,1,1,199901,5,5,1
5,1,428,1,1,199901,5,5,1
5,1,429,1,1,199901,5,5,1
5,1,430,1,1,199901,5,5,1
5,1,431,1,7744,4.32438016528926,2.37822830578512,1.85007747933884,0.2733759474777
5,1,432,1,8173,4.35898690811208,2.41612626942371,1.8972225620947,0.278880397852106
5,1,433,1,9000,4.43811111111111,2.51455555555556,1.97822222222222,0.287104324538359
5,1,434,1,10288,4.78372861586314,2.74115474339036,2.16096423017107,0.305158875105406
5,1,435,1,12099,5.86031903463096,3.25638482519216,2.60963716009588,0.35125822193292
5,1,436,1,6201,24.8255120141913,4.21399774229963,3.87598774391227,0.565325377937537
5,1,437,1,1,199901,5,5,0.999995998019019
5,1,438,1,1,199901,5,5,1
5,1,439,1,1,199901,5,5,1
5,1,440,1,1,199901,5,5,1
5,1,441,1,5564,3.48777857656362,2.2548526240115,1.72789360172538,0.267843081114109
5,1,442,1,5896,3.5342605156038,2.27662822252374,1.73914518317503,0.268963777158316
5,1,443,1,6578,3.53450896929158,2.33688051079355,1.80723624201885,0.276963033208473
5,1,444,1,7620,3.65853018372703,2.46089238845144,1.90800524934383,0.287776493920195
5,1,445,1,9725,4.03557840616967,2.76102827763496,2.13521850899743,0.309254661386483
5,1,446,1,11988,6.07857857857858,3.46855188521855,2.7862028695362,0.376669333473194
5,1,447,1,57,3501.85964912281,4.66666666666667,4.50877192982456,0.854028719467475
5,1,448,1,1,199901,5,5,1
5,1,449,1,1,199901,5,5,1
5,1,450,1,1,199901,5,5,1
5,1,451,1,3282,2.85740402193784,2.15051797684339,1.61639244363193,0.266107925692021
5,1,452,1,3455,2.86599131693198,2.18002894356006,1.63068017366136,0.268226774672506
5,1,453,1,3752,2.91204690831557,2.20788912579957,1.66417910447761,0.270406746031746
5,1,454,1,4404,2.90871934604905,2.26430517711172,1.72570390554042,0.277228421492727
5,1,455,1,6029,3.05937966495273,2.41184275999337,1.84823353790015,0.288773286296093
5,1,456,1,8890,3.65871766029246,2.8363329583802,2.15320584926884,0.31588469301631
5,1,457,1,9887,10.0898149084657,3.87690907251947,3.27591787195307,0.450069497900032
5,1,458,1,1,199901,5,5,1
5,1,459,1,1,199901,5,5,1
5,1,460,1,1,199901,5,5,1
5,1,461,1,1531,2.5055519268452,2.10581319399086,1.48922273024167,0.258904233149824
5,1,462,1,1502,2.46737683089214,2.09454061251664,1.52263648468708,0.262506657789614
5,1,463,1,1651,2.41490006056935,2.11811023622047,1.55905511811024,0.268907876900003
5,1,464,1,1984,2.47883064516129,2.15171370967742,1.58820564516129,0.270424267153098
5,1,465,1,2666,2.48312078019505,2.20480120030007,1.67066766691673,0.279721239833768
5,1,466,1,4245,2.68975265017668,2.38351001177856,1.79717314487633,0.290838868238162
5,1,467,1,7867,3.64802338883946,3.00406762425321,2.21278759374603,0.326372193804999
5,1,468,1,577,338.726169844021,4.37608318890815,4.07105719237435,0.737927384498545
5,1,469,1,1,199901,5,5,1
5,1,470,1,1,199901,5,5,1
5,1,471,1,474,2.10548523206751,2.0464135021097,1.4831223628692,0.270829817158931
5,1,472,1,464,2.11422413793103,2.06034482758621,1.48491379310345,0.269317528735632
5,1,473,1,524,2.19274809160305,2.06679389312977,1.46946564885496,0.262859869138495
5,1,474,1,639,2.17527386541471,2.08450704225352,1.47104851330203,0.265487741262389
5,1,475,1,785,2.11847133757962,2.08152866242038,1.52738853503185,0.27196178343949
5,1,476,1,1266,2.23222748815166,2.17140600315956,1.61058451816746,0.279287218836982
5,1,477,1,2651,2.46020369671822,2.394945303659,1.77065258393059,0.293369291339869
5,1,478,1,7346,4.40049006261911,3.30261366730193,2.45439695072148,0.35182189259617
5,1,479,1,1,199901,5,5,1
5,1,480,1,1,199901,5,5,1
5,1,481,1,88,2.05681818181818,2.04545454545455,1.36363636363636,0.259469696969697
5,1,482,1,78,1.87179487179487,2.05128205128205,1.46153846153846,0.278205128205128
5,1,483,1,92,2.02173913043478,2.03260869565217,1.42391304347826,0.263224637681159
5,1,484,1,121,1.85123966942149,2.01652892561983,1.45454545454545,0.272038567493113
5,1,485,1,163,1.93865030674847,2.04294478527607,1.49079754601227,0.276073619631902
5,1,486,1,253,2.02371541501976,2.07905138339921,1.54150197628458,0.27901185770751
5,1,487,1,542,2.09040590405904,2.13653136531365,1.56642066420664,0.280670356703567
5,1,488,1,1757,2.44223107569721,2.41889584519067,1.72965281730222,0.290295072030985
5,1,489,1,6716,13.2309410363311,3.9041095890411,3.2800774270399,0.46978814009572
5,1,490,1,1,199901,5,5,1
5,1,491,1,8,2,2,1.25,0.2375
5,1,492,1,14,1.85714285714286,2,1.21428571428571,0.242857142857143
5,1,493,1,16,1.9375,2,1.1875,0.23125
5,1,494,1,14,1.85714285714286,2,1.35714285714286,0.25
5,1,495,1,18,1.55555555555556,2,1.61111111111111,0.309259259259259
5,1,496,1,34,1.73529411764706,2.05882352941176,1.55882352941176,0.291176470588235
5,1,497,1,57,1.84210526315789,2.03508771929825,1.47368421052632,0.282456140350877
5,1,498,1,204,1.84313725490196,2.07352941176471,1.57843137254902,0.293872549019608
5,1,499,1,1557,2.747591522158,2.63969171483622,1.85035324341683,0.298756387942322
5,1,500,1,2,99945,5,5,0.99987590251325
5,1,501,1,10027,9.19646953226289,2.91173830657225,2.34327316246135,0.308246635713005
5,1,502,1,10137,9.70780309756338,3.09430798066489,2.49649797770544,0.323634667090533
5,1,503,1,10059,11.1352023063923,3.42717964012327,2.84382145342479,0.359512868304209
5,1,504,1,8109,17.456529781724,4.05339745961278,3.61783203847577,0.457130784826152
5,1,505,1,588,333.612244897959,4.69727891156463,4.64965986394558,0.833831046333482
5,1,506,1,1,199901,5,5,0.999995998019019
5,1,507,1,1,199901,5,5,1
5,1,508,1,1,199901,5,5,1
5,1,509,1,1,199901,5,5,1
5,1,510,1,1,199901,5,5,1
5,1,511,1,10142,6.9031749161901,2.68625517649379,2.14730822323013,0.293404442428868
5,1,512,1,10469,7.11099436431369,2.7907154456013,2.25054924061515,0.303242110015499
5,1,513,1,10919,7.51341697957688,3.00522025826541,2.43502152211741,0.322805659696462
5,1,514,1,11153,9.35407513673451,3.5124181834484,2.92782211064288,0.374745679704594
5,1,515,1,6030,26.2164179104478,4.29154228855721,4.00331674958541,0.556906684248193
5,1,516,1,1,199901,5,5,0.999476740986789
5,1,517,1,1,199901,5,5,1
5,1,518,1,1,199901,5,5,1
5,1,519,1,1,199901,5,5,1
5,1,520,1,1,199901,5,5,1
5,1,521,1,9383,5.44719172972397,2.52104870510498,1.98230843013961,0.282036767243717
5,1,522,1,9788,5.46342460155292,2.56947282386596,2.03034327748263,0.286787346813807
5,1,523,1,10608,5.62000377073907,2.7020173453997,2.15629713423831,0.299934359476641
5,1,524,1,11510,6.25056472632494,3.02814943527367,2.43814074717637,0.328054733010776
5,1,525,1,11265,9.18819351975144,3.70892143808256,3.145672436751,0.406174145271224
5,1,526,1,776,251.438144329897,4.60567010309278,4.48711340206186,0.803770000395685
5,1,527,1,1,199901,5,5,1
5,1,528,1,1,199901,5,5,1
5,1,529,1,1,199901,5,5,1
5,1,530,1,1,199901,5,5,1
5,1,531,1,7697,4.27439262050149,2.36481746134858,1.84747304144472,0.274212363142466
5,1,532,1,8048,4.33151093439364,2.39935387673956,1.88382206759443,0.276825093464631
5,1,533,1,8884,4.38361098604232,2.4750112561909,1.94732102656461,0.285228620713525
5,1,534,1,9846,4.65884623197237,2.66900264066626,2.10318911232988,0.300581345838199
5,1,535,1,11699,5.44114881613813,3.10573553295153,2.4643986665527,0.336407772541591
5,1,536,1,9862,12.3945447170959,3.98945447170959,3.52433583451633,0.47527153361605
5,1,537,1,4,49972.25,3.5,3.5,0.649974008218911
5,1,538,1,1,199901,5,5,1
5,1,539,1,1,199901,5,5,1
5,1,540,1,1,199901,5,5,1
5,1,541,1,5585,3.47323187108326,2.26499552372426,1.72444046553268,0.268185531170312
5,1,542,1,5804,3.49793246037216,2.27481047553411,1.73638869745003,0.269415296014193
5,1,543,1,6229,3.5193449991973,2.31305185423021,1.77829507144004,0.273752104907989
5,1,544,1,7229,3.64199751002905,2.41513349010928,1.88144971641998,0.283233133123159
5,1,545,1,9122,3.89180004385003,2.65588686691515,2.06489804867354,0.302033468213421
5,1,546,1,11609,5.21035403566199,3.28899991385994,2.57369282453269,0.352076509964439
5,1,547,1,1776,105.215653153153,4.32995495495495,4.07601351351351,0.692588326215859
5,1,548,1,1,199901,5,5,1
5,1,549,1,1,199901,5,5,1
5,1,550,1,1,199901,5,5,1
5,1,551,1,3300,2.89181818181818,2.17575757575758,1.61515151515152,0.265295988018715
5,1,552,1,3441,2.86370241208951,2.17088055797733,1.61261261261261,0.264593256851321
5,1,553,1,3736,2.91461456102784,2.2004817987152,1.64507494646681,0.26838221423473
5,1,554,1,4350,2.92022988505747,2.23701149425287,1.69632183908046,0.272747837985769
5,1,555,1,5537,3.01480946360845,2.35777496839444,1.80801878273433,0.28488005973919
5,1,556,1,7988,3.40110165247872,2.68540310465699,2.03993490235353,0.306184812042716
5,1,557,1,10974,6.27018407144159,3.598414434117,2.86322216147257,0.390100787154442
5,1,558,1,1,199901,5,5,0.999994997523774
5,1,559,1,1,199901,5,5,1
5,1,560,1,1,199901,5,5,1
5,1,561,1,1476,2.45663956639566,2.09485094850949,1.50745257452575,0.261017873273971
5,1,562,1,1523,2.42481943532502,2.10177281680893,1.52987524622456,0.264689209892755
5,1,563,1,1588,2.45088161209068,2.1139798488665,1.56423173803526,0.26819209547799
5,1,564,1,1843,2.49104720564297,2.15463917525773,1.56701030927835,0.266306487869157
5,1,565,1,2421,2.49648905410987,2.18876497315159,1.63568773234201,0.275694714895458
5,1,566,1,3801,2.65930018416206,2.33649039726388,1.76479873717443,0.286587092786777
5,1,567,1,6632,3.1978287092883,2.76794330518697,2.04810012062726,0.312477272216793
5,1,568,1,6900,18.2526086956522,3.99101449275362,3.47753623188406,0.511632634121307
5,1,569,1,1,199901,5,5,1
5,1,570,1,1,199901,5,5,1
5,1,571,1,422,2.16113744075829,2.04265402843602,1.4218009478673,0.259075829383886
5,1,572,1,468,2.19444444444444,2.03846153846154,1.39102564102564,0.256517094017094
5,1,573,1,494,2.18421052631579,2.05668016194332,1.48785425101215,0.264237516869096
5,1,574,1,586,2.08703071672355,2.04607508532423,1.51365187713311,0.273839590443686
5,1,575,1,758,2.13984168865435,2.07915567282322,1.50395778364116,0.270180299032542
5,1,576,1,1048,2.1956106870229,2.14503816793893,1.5706106870229,0.274455198109778
5,1,577,1,2214,2.38572719060524,2.33017163504968,1.72312556458898,0.290596743665849
5,1,578,1,5777,3.43101956032543,2.96624545611909,2.14332698632508,0.323317412263688
5,1,579,1,2,99949,5,5,0.999591264267988
5,1,580,1,1,199901,5,5,1
5,1,581,1,82,1.9390243902439,2.03658536585366,1.36585365853659,0.263008130081301
5,1,582,1,81,1.95061728395062,2,1.38271604938272,0.261316872427984
5,1,583,1,106,2.10377358490566,2.02830188679245,1.38679245283019,0.260534591194969
5,1,584,1,98,2.02040816326531,2.01020408163265,1.40816326530612,0.258843537414966
5,1,585,1,131,1.90076335877863,2.09160305343511,1.51145038167939,0.282315521628499
5,1,586,1,232,1.93534482758621,2.02586206896552,1.51293103448276,0.280948275862069
5,1,587,1,423,1.99290780141844,2.10874704491726,1.57446808510638,0.283766745468873
5,1,588,1,1290,2.27751937984496,2.28682170542636,1.66434108527132,0.286055001845699
5,1,589,1,6123,4.85268659154009,3.39147476727095,2.52686591540095,0.359008023857711
5,1,590,1,1,199901,5,5,1
5,1,591,1,9,1.88888888888889,2,1.33333333333333,0.255555555555556
5,1,592,1,9,1.44444444444444,2,1.55555555555556,0.311111111111111
5,1,593,1,13,1.92307692307692,2,1.46153846153846,0.274358974358974
5,1,594,1,17,1.76470588235294,2,1.35294117647059,0.264705882352941
5,1,595,1,17,1.82352941176471,2,1.23529411764706,0.241176470588235
5,1,596,1,24,1.625,2,1.5,0.2875
5,1,597,1,41,1.73170731707317,2.04878048780488,1.53658536585366,0.289430894308943
5,1,598,1,153,1.8562091503268,2.06535947712418,1.5359477124183,0.283551198257081
5,1,599,1,810,2.36296296296296,2.38765432098765,1.7,0.289870076425632
5,1,600,1,2666,60.4231057764441,4.13015753938485,3.68267066766692,0.596713810383547
5,1,601,1,10023,9.12960191559413,2.88316871196249,2.32375536266587,0.307349402052312
5,1,602,1,10059,9.6328660900686,3.05765980713789,2.46495675514465,0.320853757049416
5,1,603,1,10293,10.6147867482755,3.34936364519576,2.75459049839697,0.350008442866994
5,1,604,1,8811,15.3107479287255,3.93814549994325,3.45341050959028,0.431897902218406
5,1,605,1,1495,127.883612040134,4.64615384615385,4.53444816053512,0.752940711379174
5,1,606,1,1,199901,5,5,0.999942971771027
5,1,607,1,1,199901,5,5,1
5,1,608,1,1,199901,5,5,1
5,1,609,1,1,199901,5,5,1
5,1,610,1,1,199901,5,5,1
5,1,611,1,9992,6.89061248999199,2.66222978382706,2.13200560448359,0.292527583314458
5,1,612,1,10465,7.03764930721452,2.76043956043956,2.22130912565695,0.301622700828059
5,1,613,1,10992,7.44486899563319,2.95414847161572,2.39801673944687,0.319092520030724
5,1,614,1,11302,8.7040346841267,3.36374093080871,2.79101044062998,0.360735273523018
5,1,615,1,8004,17.9009245377311,4.13993003498251,3.77536231884058,0.499411853088916
5,1,616,1,28,7133.89285714286,4.64285714285714,4.64285714285714,0.898798341137795
5,1,617,1,1,199901,5,5,1
5,1,618,1,1,199901,5,5,1
5,1,619,1,1,199901,5,5,1
5,1,620,1,1,199901,5,5,1
5,1,621,1,9124,5.42689609820254,2.50339763261727,1.96722928540114,0.280199902568383
5,1,622,1,9513,5.50404709345107,2.56018080521392,2.02775149795017,0.284950476934222
5,1,623,1,10271,5.62525557394606,2.69632947132704,2.14594489338915,0.298349168770489
5,1,624,1,11324,6.06570116566584,2.93871423525256,2.36259272341929,0.320916972109235
5,1,625,1,11791,8.0574166737342,3.53422101602917,2.94105673819015,0.38231435507883
5,1,626,1,2844,63.6568213783404,4.39416315049226,4.18037974683544,0.673415475579874
5,1,627,1,1,199901,5,5,1
5,1,628,1,1,199901,5,5,1
5,1,629,1,1,199901,5,5,1
5,1,630,1,1,199901,5,5,1
5,1,631,1,7785,4.33808606294155,2.3645472061657,1.83558124598587,0.271953242860757
5,1,632,1,7977,4.32280305879403,2.39313024946722,1.87338598470603,0.275812674088292
5,1,633,1,8654,4.37323780910562,2.454818581003,1.93898775132887,0.283403107282019
5,1,634,1,9803,4.53820259104356,2.61338365806386,2.0675303478527,0.296574458162092
5,1,635,1,11359,5.16577163482701,2.99982392816269,2.37397658244564,0.328149292048031
5,1,636,1,11211,9.06886094014807,3.79199000981179,3.24056729997324,0.427169336439217
5,1,637,1,12,16651.5,4.5,4.5,0.89091087863454
5,1,638,1,1,199901,5,5,1
5,1,639,1,1,199901,5,5,1
5,1,640,1,1,199901,5,5,1
5,1,641,1,5515,3.48884859474161,2.24786944696283,1.71840435176791,0.267823172797788
5,1,642,1,5676,3.51867512332629,2.2714940098661,1.73643410852713,0.26967476097233
5,1,643,1,6157,3.53305181094689,2.31703751827189,1.76725678089979,0.272760228510594
5,1,644,1,7174,3.58614441037078,2.37454697518818,1.84638974073042,0.28090437665361
5,1,645,1,8700,3.80333333333333,2.59701149425287,2.01597701149425,0.297089061566031
5,1,646,1,11241,4.71559469798061,3.11200071168046,2.41909082821813,0.336405926926725
5,1,647,1,6299,23.7591681219241,4.1500238133037,3.75456421654231,0.558157314892529
5,1,648,1,1,199901,5,5,1
5,1,649,1,1,199901,5,5,1
5,1,650,1,1,199901,5,5,1
5,1,651,1,3312,2.85658212560386,2.15579710144928,1.60960144927536,0.265635214724889
5,1,652,1,3398,2.90288404944085,2.17686874632137,1.62683931724544,0.264939974027673
5,1,653,1,3606,2.88491403216861,2.18801996672213,1.64170826400444,0.268467853401298
5,1,654,1,4152,2.92750481695568,2.22663776493256,1.69147398843931,0.272770919002856
5,1,655,1,5182,2.96854496333462,2.33133925125434,1.77962176765728,0.282166156241803
5,1,656,1,7380,3.3020325203252,2.60081300813008,1.98170731707317,0.301360972060159
5,1,657,1,10729,4.93102805480473,3.35380743778544,2.59129462205238,0.359621268630423
5,1,658,1,17,11754.2941176471,4.47058823529412,4.29411764705882,0.824138734426006
5,1,659,1,1,199901,5,5,1
5,1,660,1,1,199901,5,5,1
5,1,661,1,1458,2.43827160493827,2.09876543209877,1.51028806584362,0.261757136325037
5,1,662,1,1574,2.4707750952986,2.10673443456163,1.51524777636595,0.262184405316553
5,1,663,1,1629,2.4462860650706,2.11172498465316,1.54327808471455,0.266322897483118
5,1,664,1,1789,2.4969256567915,2.14533258803801,1.56344326439352,0.267875242886422
5,1,665,1,2266,2.48499558693733,2.1729920564872,1.61694616063548,0.272977661497079
5,1,666,1,3420,2.57573099415205,2.29444444444444,1.72982456140351,0.28392976743854
5,1,667,1,5864,2.98175306957708,2.62090723055935,1.95958390177353,0.3050598546898
5,1,668,1,9716,7.31391519143681,3.69864141622067,2.99382461918485,0.412937979552416
5,1,669,1,1,199901,5,5,1
5,1,670,1,1,199901,5,5,1
5,1,671,1,447,2.13199105145414,2.04697986577181,1.47427293064877,0.265898583146905
5,1,672,1,490,2.1530612244898,2.03673469387755,1.42040816326531,0.26069387755102
5,1,673,1,471,2.14225053078556,2.04883227176221,1.48407643312102,0.268075017692852
5,1,674,1,555,2.2036036036036,2.05405405405405,1.49369369369369,0.267444444444444
5,1,675,1,675,2.1037037037037,2.06962962962963,1.50666666666667,0.271851851851852
5,1,676,1,1030,2.1495145631068,2.13300970873786,1.59514563106796,0.279577901063338
5,1,677,1,1843,2.30602278893109,2.24742268041237,1.68204015192621,0.287306410355786
5,1,678,1,4558,3.02281702501097,2.7610794207986,1.99758666081615,0.310296507707105
5,1,679,1,925,206.179459459459,4.19567567567568,3.84864864864865,0.671735902032154
5,1,680,1,1,199901,5,5,1
5,1,681,1,106,1.94339622641509,2.02830188679245,1.43396226415094,0.269654088050314
5,1,682,1,107,1.86915887850467,2.02803738317757,1.4392523364486,0.27601246105919
5,1,683,1,91,1.91208791208791,2,1.43956043956044,0.273076923076923
5,1,684,1,105,2.02857142857143,2.01904761904762,1.41904761904762,0.265396825396825
5,1,685,1,118,1.94067796610169,2.02542372881356,1.44915254237288,0.268361581920904
5,1,686,1,190,1.86315789473684,2.04736842105263,1.51578947368421,0.282456140350877
5,1,687,1,361,1.99722991689751,2.10526315789474,1.52631578947368,0.278716528162512
5,1,688,1,988,2.16902834008097,2.23582995951417,1.65080971659919,0.2858338153075
5,1,689,1,4269,3.54064183649567,3.02389318341532,2.16350433356758,0.323288448673368
5,1,690,1,1,199901,5,5,1
5,1,691,1,9,2.11111111111111,2,1.22222222222222,0.237037037037037
5,1,692,1,13,1.92307692307692,2,1.30769230769231,0.251282051282051
5,1,693,1,15,2,2.06666666666667,1.26666666666667,0.24
5,1,694,1,9,2.22222222222222,2,1.33333333333333,0.240740740740741
5,1,695,1,14,1.57142857142857,2,1.71428571428571,0.321428571428571
5,1,696,1,20,1.95,2,1.45,0.273333333333333
5,1,697,1,43,1.83720930232558,2.04651162790698,1.41860465116279,0.271317829457364
5,1,698,1,123,1.9349593495935,2.11382113821138,1.5609756097561,0.284417344173442
5,1,699,1,548,2.20802919708029,2.2956204379562,1.65693430656934,0.284878345498783
5,1,700,1,5642,7.25824175824176,3.60209145693017,2.84190003544842,0.400389904137335
